date,timestamp,open,high,low,close,volume,vwap,india_vix
2024-01-01,2024-01-01 09:15:00,22000.0,22009.82,21983.93,22000.0,171342,21997.92,14.26
2024-01-01,2024-01-01 09:20:00,22000.0,22002.8,21977.64,21980.62,202770,21987.02,14.26
2024-01-01,2024-01-01 09:25:00,21980.62,21995.2,21969.45,21989.57,97895,21984.74,14.28
2024-01-01,2024-01-01 09:30:00,21989.57,22004.35,21987.26,21997.73,423206,21996.45,14.27
2024-01-01,2024-01-01 09:35:00,21997.73,22035.68,21981.67,22020.38,340226,22012.58,14.3
2024-01-01,2024-01-01 09:40:00,22020.38,22023.78,21997.65,22011.51,280793,22010.98,14.29
2024-01-01,2024-01-01 09:45:00,22011.51,22015.66,21986.25,22003.75,226728,22001.89,14.31
2024-01-01,2024-01-01 09:50:00,22003.75,22021.86,21985.38,21995.07,163743,22000.77,14.31
2024-01-01,2024-01-01 09:55:00,21995.07,21997.39,21966.83,21979.42,194236,21981.21,14.29
2024-01-01,2024-01-01 10:00:00,21979.42,21983.5,21920.49,21930.38,247510,21944.79,14.35
2024-01-01,2024-01-01 10:05:00,21930.38,21960.63,21915.5,21951.76,126572,21942.63,14.38
2024-01-01,2024-01-01 10:10:00,21951.76,21973.91,21941.62,21970.53,136243,21962.02,14.32
2024-01-01,2024-01-01 10:15:00,21970.53,21975.38,21926.33,21943.03,83478,21948.25,14.31
2024-01-01,2024-01-01 10:20:00,21943.03,21959.8,21931.63,21937.21,119523,21942.88,14.35
2024-01-01,2024-01-01 10:25:00,21937.21,21941.06,21912.82,21925.19,316323,21926.35,14.31
2024-01-01,2024-01-01 10:30:00,21925.19,21960.12,21902.53,21913.94,142386,21925.53,14.33
2024-01-01,2024-01-01 10:35:00,21913.94,21918.48,21872.46,21874.37,143323,21888.44,14.35
2024-01-01,2024-01-01 10:40:00,21874.37,21879.56,21846.63,21864.6,184814,21863.6,14.33
2024-01-01,2024-01-01 10:45:00,21864.6,21882.78,21854.48,21878.99,85400,21872.08,14.33
2024-01-01,2024-01-01 10:50:00,21878.99,21937.97,21867.45,21932.01,237554,21912.48,14.27
2024-01-01,2024-01-01 10:55:00,21932.01,21944.61,21928.86,21942.43,270104,21938.63,14.32
2024-01-01,2024-01-01 11:00:00,21942.43,21950.3,21926.51,21947.47,189267,21941.43,14.31
2024-01-01,2024-01-01 11:05:00,21947.47,21974.1,21932.84,21939.93,315066,21948.96,14.34
2024-01-01,2024-01-01 11:10:00,21939.93,21952.34,21894.73,21930.71,95728,21925.92,14.36
2024-01-01,2024-01-01 11:15:00,21930.71,21970.53,21929.47,21952.04,340267,21950.68,14.4
2024-01-01,2024-01-01 11:20:00,21952.04,21960.67,21933.51,21960.42,121504,21951.53,14.38
2024-01-01,2024-01-01 11:25:00,21960.42,21982.47,21950.04,21950.5,97541,21961.0,14.39
2024-01-01,2024-01-01 11:30:00,21950.5,21964.62,21920.28,21932.95,148011,21939.28,14.41
2024-01-01,2024-01-01 11:35:00,21932.95,21946.01,21919.53,21932.39,344139,21932.64,14.43
2024-01-01,2024-01-01 11:40:00,21932.39,21933.74,21923.93,21924.49,161493,21927.39,14.47
2024-01-01,2024-01-01 11:45:00,21924.49,21932.7,21922.68,21927.01,112079,21927.46,14.45
2024-01-01,2024-01-01 11:50:00,21927.01,21935.68,21923.48,21925.11,96957,21928.09,14.43
2024-01-01,2024-01-01 11:55:00,21925.11,21935.48,21915.37,21935.43,156053,21928.76,14.47
2024-01-01,2024-01-01 12:00:00,21935.43,21941.71,21896.18,21902.12,73277,21913.34,14.41
2024-01-01,2024-01-01 12:05:00,21902.12,21934.23,21891.91,21930.82,96753,21918.99,14.46
2024-01-01,2024-01-01 12:10:00,21930.82,22011.53,21917.07,22003.94,301711,21977.51,14.45
2024-01-01,2024-01-01 12:15:00,22003.94,22041.03,21999.42,22035.46,276317,22025.31,14.45
2024-01-01,2024-01-01 12:20:00,22035.46,22045.73,22023.22,22041.24,154605,22036.73,14.43
2024-01-01,2024-01-01 12:25:00,22041.24,22064.66,22034.46,22064.56,135095,22054.56,14.43
2024-01-01,2024-01-01 12:30:00,22064.56,22074.72,22028.46,22037.84,166608,22047.01,14.47
2024-01-01,2024-01-01 12:35:00,22037.84,22053.05,21994.75,21995.97,416315,22014.59,14.49
2024-01-01,2024-01-01 12:40:00,21995.97,22026.64,21987.66,22016.4,191375,22010.23,14.5
2024-01-01,2024-01-01 12:45:00,22016.4,22026.61,21978.91,22002.18,234191,22002.56,14.51
2024-01-01,2024-01-01 12:50:00,22002.18,22012.76,21963.58,21966.62,150093,21980.99,14.46
2024-01-01,2024-01-01 12:55:00,21966.62,21984.86,21932.76,21943.41,166767,21953.68,14.44
2024-01-01,2024-01-01 13:00:00,21943.41,21961.91,21895.16,21909.06,210842,21922.04,14.43
2024-01-01,2024-01-01 13:05:00,21909.06,21927.36,21863.77,21864.45,171174,21885.19,14.44
2024-01-01,2024-01-01 13:10:00,21864.45,21876.0,21848.01,21859.46,76194,21861.16,14.44
2024-01-01,2024-01-01 13:15:00,21859.46,21860.46,21831.37,21845.34,271635,21845.73,14.47
2024-01-01,2024-01-01 13:20:00,21845.34,21880.12,21832.77,21873.64,127254,21862.18,14.49
2024-01-01,2024-01-01 13:25:00,21873.64,21885.76,21816.56,21834.66,378710,21845.66,14.49
2024-01-01,2024-01-01 13:30:00,21834.66,21881.22,21822.8,21858.84,214215,21854.29,14.56
2024-01-01,2024-01-01 13:35:00,21858.84,21880.41,21850.92,21868.94,167441,21866.76,14.57
2024-01-01,2024-01-01 13:40:00,21868.94,21869.06,21826.39,21830.38,194022,21841.95,14.56
2024-01-01,2024-01-01 13:45:00,21830.38,21835.17,21819.34,21822.71,155842,21825.74,14.61
2024-01-01,2024-01-01 13:50:00,21822.71,21875.56,21822.39,21867.05,133977,21855.0,14.65
2024-01-01,2024-01-01 13:55:00,21867.05,21934.96,21855.61,21918.88,176846,21903.15,14.7
2024-01-01,2024-01-01 14:00:00,21918.88,21942.48,21899.98,21935.42,231884,21925.96,14.7
2024-01-01,2024-01-01 14:05:00,21935.42,21952.21,21935.33,21940.17,135156,21942.57,14.73
2024-01-01,2024-01-01 14:10:00,21940.17,21948.34,21898.15,21915.65,126893,21920.71,14.69
2024-01-01,2024-01-01 14:15:00,21915.65,21917.76,21899.24,21912.23,141181,21909.75,14.71
2024-01-01,2024-01-01 14:20:00,21912.23,21936.91,21909.18,21931.8,238185,21925.96,14.7
2024-01-01,2024-01-01 14:25:00,21931.8,21959.16,21929.48,21947.5,290982,21945.38,14.66
2024-01-01,2024-01-01 14:30:00,21947.5,21983.26,21932.32,21978.56,188114,21964.71,14.7
2024-01-01,2024-01-01 14:35:00,21978.56,21991.57,21958.77,21984.23,205361,21978.19,14.64
2024-01-01,2024-01-01 14:40:00,21984.23,22070.43,21982.06,22056.61,126515,22036.37,14.58
2024-01-01,2024-01-01 14:45:00,22056.61,22063.58,22023.23,22034.55,231122,22040.45,14.59
2024-01-01,2024-01-01 14:50:00,22034.55,22052.58,22023.48,22024.0,202945,22033.35,14.61
2024-01-01,2024-01-01 14:55:00,22024.0,22057.56,22013.83,22020.9,122510,22030.76,14.64
2024-01-01,2024-01-01 15:00:00,22020.9,22025.19,21964.3,21987.9,79612,21992.46,14.66
2024-01-01,2024-01-01 15:05:00,21987.9,22011.78,21983.18,22009.06,99884,22001.34,14.71
2024-01-01,2024-01-01 15:10:00,22009.06,22046.22,22003.58,22027.18,124532,22025.66,14.73
2024-01-01,2024-01-01 15:15:00,22027.18,22042.92,22024.78,22025.84,259049,22031.18,14.72
2024-01-01,2024-01-01 15:20:00,22025.84,22043.01,22000.51,22012.31,302895,22018.61,14.72
2024-01-01,2024-01-01 15:25:00,22012.31,22023.76,21973.22,21977.64,136515,21991.54,14.71
2024-01-01,2024-01-01 15:30:00,21977.64,21985.78,21937.97,21958.53,138252,21960.76,14.72
2024-01-02,2024-01-02 09:15:00,21958.53,21966.13,21943.15,21958.53,166423,21955.94,14.24
2024-01-02,2024-01-02 09:20:00,21958.53,21962.63,21936.13,21939.48,252124,21946.08,14.26
2024-01-02,2024-01-02 09:25:00,21939.48,21980.38,21935.04,21939.85,82703,21951.76,14.22
2024-01-02,2024-01-02 09:30:00,21939.85,21981.68,21934.43,21966.93,300084,21961.01,14.27
2024-01-02,2024-01-02 09:35:00,21966.93,21968.61,21931.62,21938.04,152786,21946.09,14.21
2024-01-02,2024-01-02 09:40:00,21938.04,21950.62,21923.15,21928.84,137207,21934.2,14.26
2024-01-02,2024-01-02 09:45:00,21928.84,21952.71,21923.65,21931.57,108570,21935.98,14.27
2024-01-02,2024-01-02 09:50:00,21931.57,21937.81,21926.03,21935.13,83956,21932.99,14.26
2024-01-02,2024-01-02 09:55:00,21935.13,21945.09,21925.07,21928.88,226221,21933.01,14.25
2024-01-02,2024-01-02 10:00:00,21928.88,21962.53,21901.57,21943.8,167598,21935.97,14.26
2024-01-02,2024-01-02 10:05:00,21943.8,21952.32,21913.89,21925.35,97150,21930.52,14.26
2024-01-02,2024-01-02 10:10:00,21925.35,21939.58,21920.88,21925.17,96951,21928.55,14.29
2024-01-02,2024-01-02 10:15:00,21925.17,21952.38,21909.37,21930.18,142299,21930.64,14.29
2024-01-02,2024-01-02 10:20:00,21930.18,21954.57,21924.81,21942.96,317301,21940.78,14.3
2024-01-02,2024-01-02 10:25:00,21942.96,21959.76,21916.13,21959.65,146702,21945.18,14.29
2024-01-02,2024-01-02 10:30:00,21959.65,21979.15,21926.79,21940.06,89209,21948.67,14.29
2024-01-02,2024-01-02 10:35:00,21940.06,21941.08,21887.8,21912.4,147517,21913.76,14.3
2024-01-02,2024-01-02 10:40:00,21912.4,21951.56,21907.78,21940.23,145934,21933.19,14.24
2024-01-02,2024-01-02 10:45:00,21940.23,21969.48,21939.98,21949.42,55339,21952.96,14.2
2024-01-02,2024-01-02 10:50:00,21949.42,21956.52,21915.2,21937.27,159258,21936.33,14.23
2024-01-02,2024-01-02 10:55:00,21937.27,21984.2,21932.96,21970.53,148394,21962.56,14.23
2024-01-02,2024-01-02 11:00:00,21970.53,21977.96,21967.64,21975.45,215019,21973.68,14.23
2024-01-02,2024-01-02 11:05:00,21975.45,22012.97,21964.51,22001.41,340981,21992.96,14.23
2024-01-02,2024-01-02 11:10:00,22001.41,22023.64,21972.22,22005.39,255410,22000.42,14.24
2024-01-02,2024-01-02 11:15:00,22005.39,22061.09,22002.28,22048.84,146158,22037.4,14.22
2024-01-02,2024-01-02 11:20:00,22048.84,22111.62,22038.64,22086.32,104546,22078.86,14.2
2024-01-02,2024-01-02 11:25:00,22086.32,22104.85,22064.43,22084.02,455587,22084.43,14.2
2024-01-02,2024-01-02 11:30:00,22084.02,22113.45,22068.87,22105.98,166656,22096.1,14.17
2024-01-02,2024-01-02 11:35:00,22105.98,22130.11,22101.49,22121.47,163664,22117.69,14.19
2024-01-02,2024-01-02 11:40:00,22121.47,22157.85,22115.96,22151.38,161191,22141.73,14.13
2024-01-02,2024-01-02 11:45:00,22151.38,22159.25,22126.4,22134.8,176175,22140.15,14.17
2024-01-02,2024-01-02 11:50:00,22134.8,22162.61,22104.64,22151.12,153622,22139.46,14.18
2024-01-02,2024-01-02 11:55:00,22151.12,22175.53,22148.71,22174.88,129383,22166.37,14.19
2024-01-02,2024-01-02 12:00:00,22174.88,22185.94,22124.79,22128.08,130777,22146.27,14.22
2024-01-02,2024-01-02 12:05:00,22128.08,22131.67,22090.57,22096.66,160636,22106.3,14.27
2024-01-02,2024-01-02 12:10:00,22096.66,22097.33,22031.35,22042.59,130957,22057.09,14.3
2024-01-02,2024-01-02 12:15:00,22042.59,22045.75,22024.48,22035.46,122376,22035.23,14.24
2024-01-02,2024-01-02 12:20:00,22035.46,22066.45,22024.14,22054.44,169833,22048.34,14.2
2024-01-02,2024-01-02 12:25:00,22054.44,22101.84,22053.49,22094.2,146973,22083.18,14.18
2024-01-02,2024-01-02 12:30:00,22094.2,22106.18,22087.86,22096.16,297032,22096.73,14.19
2024-01-02,2024-01-02 12:35:00,22096.16,22146.0,22089.81,22139.34,56365,22125.05,14.2
2024-01-02,2024-01-02 12:40:00,22139.34,22152.33,22098.25,22102.68,251853,22117.75,14.18
2024-01-02,2024-01-02 12:45:00,22102.68,22104.0,22043.77,22057.5,267917,22068.42,14.18
2024-01-02,2024-01-02 12:50:00,22057.5,22067.44,22049.28,22056.03,71014,22057.59,14.16
2024-01-02,2024-01-02 12:55:00,22056.03,22088.3,22052.46,22066.2,141906,22068.98,14.14
2024-01-02,2024-01-02 13:00:00,22066.2,22073.39,22048.63,22061.59,140283,22061.2,14.1
2024-01-02,2024-01-02 13:05:00,22061.59,22118.27,22055.71,22109.48,92688,22094.48,14.07
2024-01-02,2024-01-02 13:10:00,22109.48,22117.05,22050.45,22055.44,119237,22074.31,14.03
2024-01-02,2024-01-02 13:15:00,22055.44,22076.79,22045.42,22066.68,104377,22062.97,14.0
2024-01-02,2024-01-02 13:20:00,22066.68,22090.58,22020.47,22032.66,328045,22047.91,14.04
2024-01-02,2024-01-02 13:25:00,22032.66,22087.16,22021.17,22065.61,236634,22057.98,14.01
2024-01-02,2024-01-02 13:30:00,22065.61,22066.24,22032.82,22050.75,270660,22049.94,14.09
2024-01-02,2024-01-02 13:35:00,22050.75,22054.19,22002.86,22008.32,217220,22021.79,14.1
2024-01-02,2024-01-02 13:40:00,22008.32,22043.54,21983.54,22031.59,103608,22019.56,14.11
2024-01-02,2024-01-02 13:45:00,22031.59,22040.03,21985.73,21995.94,131951,22007.24,14.08
2024-01-02,2024-01-02 13:50:00,21995.94,22017.87,21954.1,21970.51,197946,21980.83,14.1
2024-01-02,2024-01-02 13:55:00,21970.51,21971.38,21946.13,21969.57,99822,21962.36,14.08
2024-01-02,2024-01-02 14:00:00,21969.57,21985.54,21925.37,21945.07,216468,21951.99,14.09
2024-01-02,2024-01-02 14:05:00,21945.07,21953.66,21922.56,21931.17,147837,21935.79,14.16
2024-01-02,2024-01-02 14:10:00,21931.17,21931.79,21902.41,21903.14,140094,21912.45,14.16
2024-01-02,2024-01-02 14:15:00,21903.14,21955.75,21899.46,21944.42,216291,21933.21,14.2
2024-01-02,2024-01-02 14:20:00,21944.42,21949.49,21928.62,21943.44,194406,21940.52,14.18
2024-01-02,2024-01-02 14:25:00,21943.44,21956.69,21894.16,21926.33,140872,21925.73,14.17
2024-01-02,2024-01-02 14:30:00,21926.33,21936.86,21924.63,21929.27,258779,21930.25,14.23
2024-01-02,2024-01-02 14:35:00,21929.27,21940.26,21923.61,21925.05,105617,21929.64,14.21
2024-01-02,2024-01-02 14:40:00,21925.05,21939.91,21908.91,21918.45,208224,21922.42,14.26
2024-01-02,2024-01-02 14:45:00,21918.45,21937.13,21912.13,21930.16,206331,21926.47,14.28
2024-01-02,2024-01-02 14:50:00,21930.16,21964.0,21927.21,21945.02,143800,21945.41,14.27
2024-01-02,2024-01-02 14:55:00,21945.02,21977.56,21921.22,21931.62,185433,21943.47,14.29
2024-01-02,2024-01-02 15:00:00,21931.62,21942.11,21911.04,21917.24,98671,21923.46,14.32
2024-01-02,2024-01-02 15:05:00,21917.24,21924.83,21884.72,21909.46,235534,21906.33,14.33
2024-01-02,2024-01-02 15:10:00,21909.46,21912.13,21839.63,21857.27,151151,21869.67,14.29
2024-01-02,2024-01-02 15:15:00,21857.27,21862.14,21801.54,21822.4,132046,21828.69,14.27
2024-01-02,2024-01-02 15:20:00,21822.4,21858.4,21815.71,21850.49,247608,21841.53,14.26
2024-01-02,2024-01-02 15:25:00,21850.49,21885.82,21837.51,21884.68,122793,21869.34,14.26
2024-01-02,2024-01-02 15:30:00,21884.68,21886.73,21875.83,21877.48,92652,21880.01,14.27
2024-01-03,2024-01-03 09:15:00,21877.48,21889.79,21872.14,21877.48,118253,21879.81,13.11
2024-01-03,2024-01-03 09:20:00,21877.48,21912.11,21861.34,21901.07,335975,21891.5,13.12
2024-01-03,2024-01-03 09:25:00,21901.07,21908.22,21898.73,21906.05,187807,21904.33,13.16
2024-01-03,2024-01-03 09:30:00,21906.05,21929.55,21897.53,21924.78,190480,21917.29,13.15
2024-01-03,2024-01-03 09:35:00,21924.78,21947.31,21911.79,21939.62,213753,21932.91,13.16
2024-01-03,2024-01-03 09:40:00,21939.62,21974.82,21924.85,21967.65,129083,21955.77,13.15
2024-01-03,2024-01-03 09:45:00,21967.65,22005.59,21950.38,21991.29,251602,21982.42,13.13
2024-01-03,2024-01-03 09:50:00,21991.29,22002.51,21982.01,21984.95,170384,21989.82,13.14
2024-01-03,2024-01-03 09:55:00,21984.95,22001.49,21969.82,22000.11,238007,21990.47,13.11
2024-01-03,2024-01-03 10:00:00,22000.11,22023.19,21971.01,21972.52,150364,21988.91,13.11
2024-01-03,2024-01-03 10:05:00,21972.52,21990.59,21964.17,21974.02,275656,21976.26,13.08
2024-01-03,2024-01-03 10:10:00,21974.02,22004.51,21957.83,21992.84,191097,21985.06,13.07
2024-01-03,2024-01-03 10:15:00,21992.84,22010.68,21970.93,21998.13,389649,21993.25,13.09
2024-01-03,2024-01-03 10:20:00,21998.13,22020.71,21986.28,22009.61,140391,22005.53,13.07
2024-01-03,2024-01-03 10:25:00,22009.61,22009.72,22005.3,22008.03,176631,22007.68,13.07
2024-01-03,2024-01-03 10:30:00,22008.03,22042.22,21998.64,22033.03,107728,22024.63,13.07
2024-01-03,2024-01-03 10:35:00,22033.03,22048.11,22024.19,22034.08,131699,22035.46,13.09
2024-01-03,2024-01-03 10:40:00,22034.08,22080.1,22026.51,22027.49,208454,22044.7,13.08
2024-01-03,2024-01-03 10:45:00,22027.49,22059.22,22024.46,22047.71,255692,22043.8,13.12
2024-01-03,2024-01-03 10:50:00,22047.71,22063.66,22009.92,22022.48,532854,22032.02,13.05
2024-01-03,2024-01-03 10:55:00,22022.48,22039.59,22017.94,22035.05,156584,22030.86,13.14
2024-01-03,2024-01-03 11:00:00,22035.05,22052.55,22010.34,22017.02,112051,22026.64,13.12
2024-01-03,2024-01-03 11:05:00,22017.02,22059.95,22016.64,22044.98,219988,22040.53,13.13
2024-01-03,2024-01-03 11:10:00,22044.98,22066.67,22038.88,22042.45,103659,22049.33,13.1
2024-01-03,2024-01-03 11:15:00,22042.45,22053.89,22039.41,22047.77,203966,22047.02,13.12
2024-01-03,2024-01-03 11:20:00,22047.77,22061.78,22038.41,22058.61,133132,22052.93,13.13
2024-01-03,2024-01-03 11:25:00,22058.61,22062.65,22013.4,22022.94,177129,22033.0,13.11
2024-01-03,2024-01-03 11:30:00,22022.94,22035.27,22006.62,22012.69,251807,22018.19,13.14
2024-01-03,2024-01-03 11:35:00,22012.69,22041.58,22004.67,22036.01,155703,22027.42,13.13
2024-01-03,2024-01-03 11:40:00,22036.01,22061.23,22023.52,22055.86,236369,22046.87,13.15
2024-01-03,2024-01-03 11:45:00,22055.86,22073.59,22051.58,22064.13,230789,22063.1,13.12
2024-01-03,2024-01-03 11:50:00,22064.13,22070.78,22023.46,22039.98,77208,22044.74,13.12
2024-01-03,2024-01-03 11:55:00,22039.98,22065.58,22033.48,22054.23,113477,22051.1,13.18
2024-01-03,2024-01-03 12:00:00,22054.23,22086.47,22040.6,22073.12,87140,22066.73,13.21
2024-01-03,2024-01-03 12:05:00,22073.12,22094.65,22072.46,22074.36,362469,22080.49,13.22
2024-01-03,2024-01-03 12:10:00,22074.36,22115.37,22069.39,22106.76,156036,22097.18,13.21
2024-01-03,2024-01-03 12:15:00,22106.76,22113.14,22078.59,22088.63,331814,22093.45,13.21
2024-01-03,2024-01-03 12:20:00,22088.63,22093.54,22057.13,22075.12,84695,22075.26,13.22
2024-01-03,2024-01-03 12:25:00,22075.12,22086.16,22005.12,22009.3,129429,22033.53,13.23
2024-01-03,2024-01-03 12:30:00,22009.3,22042.71,21999.52,22033.59,224178,22025.27,13.2
2024-01-03,2024-01-03 12:35:00,22033.59,22048.44,22033.4,22041.89,174854,22041.24,13.22
2024-01-03,2024-01-03 12:40:00,22041.89,22047.42,21976.4,21997.41,201419,22007.08,13.18
2024-01-03,2024-01-03 12:45:00,21997.41,22002.69,21943.55,21950.99,98565,21965.74,13.23
2024-01-03,2024-01-03 12:50:00,21950.99,21953.96,21919.65,21928.0,282298,21933.87,13.21
2024-01-03,2024-01-03 12:55:00,21928.0,21948.93,21914.9,21948.88,222082,21937.57,13.22
2024-01-03,2024-01-03 13:00:00,21948.88,21959.65,21868.42,21872.05,191118,21900.04,13.25
2024-01-03,2024-01-03 13:05:00,21872.05,21891.6,21863.2,21863.53,123717,21872.78,13.24
2024-01-03,2024-01-03 13:10:00,21863.53,21893.39,21861.26,21893.07,185260,21882.58,13.25
2024-01-03,2024-01-03 13:15:00,21893.07,21961.14,21884.03,21959.96,144842,21935.04,13.29
2024-01-03,2024-01-03 13:20:00,21959.96,21969.88,21914.42,21946.98,84103,21943.76,13.31
2024-01-03,2024-01-03 13:25:00,21946.98,21964.76,21908.86,21915.38,159505,21929.66,13.32
2024-01-03,2024-01-03 13:30:00,21915.38,21960.56,21901.92,21940.88,152864,21934.45,13.27
2024-01-03,2024-01-03 13:35:00,21940.88,21943.69,21862.71,21877.06,248938,21894.49,13.24
2024-01-03,2024-01-03 13:40:00,21877.06,21893.43,21872.18,21889.93,66584,21885.18,13.27
2024-01-03,2024-01-03 13:45:00,21889.93,21935.07,21883.64,21929.78,178810,21916.16,13.29
2024-01-03,2024-01-03 13:50:00,21929.78,21936.86,21920.29,21920.61,102515,21925.92,13.31
2024-01-03,2024-01-03 13:55:00,21920.61,21921.24,21883.8,21891.3,184921,21898.78,13.33
2024-01-03,2024-01-03 14:00:00,21891.3,21930.99,21887.84,21915.1,189039,21911.31,13.37
2024-01-03,2024-01-03 14:05:00,21915.1,21967.85,21909.79,21948.87,157198,21942.17,13.36
2024-01-03,2024-01-03 14:10:00,21948.87,21951.18,21881.08,21912.66,224788,21914.97,13.37
2024-01-03,2024-01-03 14:15:00,21912.66,21918.03,21912.23,21912.52,98883,21914.26,13.34
2024-01-03,2024-01-03 14:20:00,21912.52,21914.97,21892.53,21899.43,253492,21902.31,13.3
2024-01-03,2024-01-03 14:25:00,21899.43,21904.75,21861.17,21884.56,122610,21883.49,13.25
2024-01-03,2024-01-03 14:30:00,21884.56,21899.73,21873.06,21894.97,87346,21889.25,13.22
2024-01-03,2024-01-03 14:35:00,21894.97,21897.26,21879.08,21879.58,145953,21885.31,13.27
2024-01-03,2024-01-03 14:40:00,21879.58,21903.34,21863.44,21866.97,70399,21877.92,13.22
2024-01-03,2024-01-03 14:45:00,21866.97,21879.64,21860.42,21861.55,180172,21867.2,13.21
2024-01-03,2024-01-03 14:50:00,21861.55,21867.85,21849.29,21851.64,146722,21856.26,13.17
2024-01-03,2024-01-03 14:55:00,21851.64,21853.31,21814.66,21824.24,266592,21830.74,13.16
2024-01-03,2024-01-03 15:00:00,21824.24,21844.68,21821.69,21839.87,210990,21835.41,13.16
2024-01-03,2024-01-03 15:05:00,21839.87,21867.92,21825.94,21861.02,93265,21851.63,13.14
2024-01-03,2024-01-03 15:10:00,21861.02,21868.5,21848.05,21866.78,116383,21861.11,13.17
2024-01-03,2024-01-03 15:15:00,21866.78,21893.49,21848.63,21856.8,200439,21866.3,13.22
2024-01-03,2024-01-03 15:20:00,21856.8,21866.4,21833.17,21839.64,228394,21846.4,13.15
2024-01-03,2024-01-03 15:25:00,21839.64,21853.79,21816.7,21822.52,265401,21831.0,13.13
2024-01-03,2024-01-03 15:30:00,21822.52,21894.55,21818.92,21872.22,264554,21861.89,13.13
2024-01-04,2024-01-04 09:15:00,21872.22,21879.86,21864.22,21872.22,140627,21872.1,14.91
2024-01-04,2024-01-04 09:20:00,21872.22,21910.35,21869.77,21897.01,175233,21892.38,14.89
2024-01-04,2024-01-04 09:25:00,21897.01,21905.55,21871.51,21872.26,94954,21883.11,14.89
2024-01-04,2024-01-04 09:30:00,21872.26,21888.32,21835.55,21842.49,110343,21855.45,14.89
2024-01-04,2024-01-04 09:35:00,21842.49,21865.66,21841.57,21865.22,263067,21857.48,14.87
2024-01-04,2024-01-04 09:40:00,21865.22,21925.98,21858.83,21915.85,125146,21900.22,14.89
2024-01-04,2024-01-04 09:45:00,21915.85,21948.86,21915.0,21945.78,107069,21936.55,14.88
2024-01-04,2024-01-04 09:50:00,21945.78,21980.06,21919.77,21959.56,201725,21953.13,14.89
2024-01-04,2024-01-04 09:55:00,21959.56,21978.31,21947.18,21973.95,261524,21966.48,14.87
2024-01-04,2024-01-04 10:00:00,21973.95,22004.46,21972.05,21993.46,216984,21989.99,14.85
2024-01-04,2024-01-04 10:05:00,21993.46,22037.45,21977.5,22011.12,242418,22008.69,14.88
2024-01-04,2024-01-04 10:10:00,22011.12,22024.27,22003.2,22019.33,120244,22015.6,14.86
2024-01-04,2024-01-04 10:15:00,22019.33,22040.26,21999.11,22024.04,92159,22021.14,14.92
2024-01-04,2024-01-04 10:20:00,22024.04,22041.43,22007.94,22025.44,296716,22024.94,14.9
2024-01-04,2024-01-04 10:25:00,22025.44,22047.55,22010.32,22013.14,143046,22023.67,14.91
2024-01-04,2024-01-04 10:30:00,22013.14,22018.67,21990.53,22010.22,147217,22006.48,14.94
2024-01-04,2024-01-04 10:35:00,22010.22,22019.53,21977.37,21979.33,276862,21992.07,14.9
2024-01-04,2024-01-04 10:40:00,21979.33,21980.75,21974.88,21980.02,203310,21978.55,14.84
2024-01-04,2024-01-04 10:45:00,21980.02,21987.38,21955.02,21963.1,195312,21968.5,14.8
2024-01-04,2024-01-04 10:50:00,21963.1,21964.1,21939.94,21943.92,386930,21949.32,14.84
2024-01-04,2024-01-04 10:55:00,21943.92,21957.2,21938.81,21950.11,125818,21948.71,14.82
2024-01-04,2024-01-04 11:00:00,21950.11,21992.38,21947.86,21980.24,235893,21973.49,14.9
2024-01-04,2024-01-04 11:05:00,21980.24,22003.28,21978.12,22001.04,166509,21994.15,14.88
2024-01-04,2024-01-04 11:10:00,22001.04,22019.71,21972.55,21972.59,181214,21988.28,14.88
2024-01-04,2024-01-04 11:15:00,21972.59,21974.05,21949.9,21955.65,299954,21959.87,14.93
2024-01-04,2024-01-04 11:20:00,21955.65,21988.8,21939.97,21976.88,199413,21968.55,14.99
2024-01-04,2024-01-04 11:25:00,21976.88,21986.58,21947.57,21960.08,201857,21964.74,15.05
2024-01-04,2024-01-04 11:30:00,21960.08,21976.37,21938.71,21958.28,249946,21957.79,15.09
2024-01-04,2024-01-04 11:35:00,21958.28,21986.17,21924.63,21971.78,140648,21960.86,15.12
2024-01-04,2024-01-04 11:40:00,21971.78,21979.81,21942.96,21955.27,116345,21959.35,15.14
2024-01-04,2024-01-04 11:45:00,21955.27,21974.38,21937.26,21959.99,107159,21957.21,15.16
2024-01-04,2024-01-04 11:50:00,21959.99,21964.16,21933.3,21936.26,74121,21944.57,15.14
2024-01-04,2024-01-04 11:55:00,21936.26,21952.22,21911.62,21927.02,370453,21930.29,15.12
2024-01-04,2024-01-04 12:00:00,21927.02,21937.3,21903.31,21935.43,104685,21925.35,15.12
2024-01-04,2024-01-04 12:05:00,21935.43,21965.96,21886.39,21893.5,148969,21915.28,15.11
2024-01-04,2024-01-04 12:10:00,21893.5,21910.24,21883.53,21905.07,145695,21899.61,15.1
2024-01-04,2024-01-04 12:15:00,21905.07,21907.6,21896.98,21904.56,184049,21903.04,15.12
2024-01-04,2024-01-04 12:20:00,21904.56,21923.14,21870.5,21919.08,225549,21904.24,15.15
2024-01-04,2024-01-04 12:25:00,21919.08,21926.72,21911.89,21924.97,229621,21921.2,15.15
2024-01-04,2024-01-04 12:30:00,21924.97,21962.87,21919.81,21960.86,128897,21947.85,15.2
2024-01-04,2024-01-04 12:35:00,21960.86,21973.49,21941.37,21964.16,152230,21959.67,15.16
2024-01-04,2024-01-04 12:40:00,21964.16,21976.77,21950.43,21952.84,182231,21960.01,15.16
2024-01-04,2024-01-04 12:45:00,21952.84,21966.42,21952.64,21956.06,147343,21958.37,15.14
2024-01-04,2024-01-04 12:50:00,21956.06,21987.92,21948.43,21970.38,309569,21968.91,15.08
2024-01-04,2024-01-04 12:55:00,21970.38,21995.87,21968.8,21971.66,198072,21978.78,15.08
2024-01-04,2024-01-04 13:00:00,21971.66,21978.36,21957.15,21969.97,218371,21968.49,15.07
2024-01-04,2024-01-04 13:05:00,21969.97,22007.59,21954.2,21993.03,212171,21984.94,15.12
2024-01-04,2024-01-04 13:10:00,21993.03,22021.44,21942.92,21945.01,260247,21969.79,15.14
2024-01-04,2024-01-04 13:15:00,21945.01,21950.12,21892.22,21892.58,174976,21911.64,15.11
2024-01-04,2024-01-04 13:20:00,21892.58,21925.33,21849.75,21861.99,96883,21879.02,15.16
2024-01-04,2024-01-04 13:25:00,21861.99,21896.95,21856.18,21896.87,190970,21883.33,15.2
2024-01-04,2024-01-04 13:30:00,21896.87,21907.88,21866.45,21878.06,125424,21884.13,15.22
2024-01-04,2024-01-04 13:35:00,21878.06,21879.14,21845.99,21848.26,131735,21857.79,15.21
2024-01-04,2024-01-04 13:40:00,21848.26,21863.8,21825.82,21862.51,205776,21850.71,15.18
2024-01-04,2024-01-04 13:45:00,21862.51,21965.36,21844.51,21953.26,267082,21921.04,15.17
2024-01-04,2024-01-04 13:50:00,21953.26,21957.08,21879.85,21901.05,164145,21912.66,15.2
2024-01-04,2024-01-04 13:55:00,21901.05,21926.27,21881.72,21922.75,184155,21910.24,15.26
2024-01-04,2024-01-04 14:00:00,21922.75,21934.3,21919.99,21930.07,321542,21928.12,15.31
2024-01-04,2024-01-04 14:05:00,21930.07,21938.86,21915.45,21924.25,179207,21926.18,15.29
2024-01-04,2024-01-04 14:10:00,21924.25,21937.3,21905.97,21919.65,460778,21920.97,15.26
2024-01-04,2024-01-04 14:15:00,21919.65,21921.95,21910.89,21918.85,204067,21917.23,15.26
2024-01-04,2024-01-04 14:20:00,21918.85,21928.79,21889.87,21913.88,80474,21910.85,15.21
2024-01-04,2024-01-04 14:25:00,21913.88,21940.31,21904.97,21933.25,219989,21926.17,15.22
2024-01-04,2024-01-04 14:30:00,21933.25,21991.83,21926.83,21979.98,189560,21966.21,15.21
2024-01-04,2024-01-04 14:35:00,21979.98,21980.35,21937.53,21965.97,272638,21961.28,15.2
2024-01-04,2024-01-04 14:40:00,21965.97,21966.09,21926.15,21934.12,213047,21942.12,15.15
2024-01-04,2024-01-04 14:45:00,21934.12,21948.41,21920.66,21930.43,153986,21933.17,15.17
2024-01-04,2024-01-04 14:50:00,21930.43,21991.51,21926.49,21985.25,99735,21967.75,15.15
2024-01-04,2024-01-04 14:55:00,21985.25,21985.58,21948.66,21965.82,149700,21966.69,15.12
2024-01-04,2024-01-04 15:00:00,21965.82,22010.86,21945.24,22000.07,115819,21985.39,15.03
2024-01-04,2024-01-04 15:05:00,22000.07,22053.6,21999.64,22035.22,129028,22029.49,15.03
2024-01-04,2024-01-04 15:10:00,22035.22,22042.59,22011.3,22021.26,205958,22025.05,15.08
2024-01-04,2024-01-04 15:15:00,22021.26,22032.16,22015.18,22032.02,317413,22026.45,15.13
2024-01-04,2024-01-04 15:20:00,22032.02,22083.51,22023.06,22066.14,190587,22057.57,15.12
2024-01-04,2024-01-04 15:25:00,22066.14,22080.24,22029.36,22056.01,100875,22055.2,15.1
2024-01-04,2024-01-04 15:30:00,22056.01,22060.05,22047.95,22049.75,194432,22052.58,15.12
2024-01-05,2024-01-05 09:15:00,22049.75,22067.86,22032.33,22049.75,151184,22049.98,15.64
2024-01-05,2024-01-05 09:20:00,22049.75,22075.97,22040.18,22060.24,136511,22058.8,15.59
2024-01-05,2024-01-05 09:25:00,22060.24,22067.35,22042.67,22051.5,67298,22053.84,15.62
2024-01-05,2024-01-05 09:30:00,22051.5,22071.3,22035.47,22061.17,149032,22055.98,15.67
2024-01-05,2024-01-05 09:35:00,22061.17,22068.77,22050.12,22066.23,71172,22061.71,15.69
2024-01-05,2024-01-05 09:40:00,22066.23,22082.37,22045.88,22049.48,195011,22059.24,15.66
2024-01-05,2024-01-05 09:45:00,22049.48,22051.04,22025.82,22034.42,99109,22037.09,15.71
2024-01-05,2024-01-05 09:50:00,22034.42,22057.1,22021.64,22044.1,113807,22040.95,15.7
2024-01-05,2024-01-05 09:55:00,22044.1,22052.79,22040.38,22042.36,124521,22045.17,15.66
2024-01-05,2024-01-05 10:00:00,22042.36,22053.39,22005.8,22028.34,149945,22029.18,15.63
2024-01-05,2024-01-05 10:05:00,22028.34,22033.99,21982.61,22012.69,163202,22009.76,15.62
2024-01-05,2024-01-05 10:10:00,22012.69,22016.19,22007.45,22009.31,251146,22010.98,15.62
2024-01-05,2024-01-05 10:15:00,22009.31,22049.4,21994.77,22043.01,129183,22029.06,15.62
2024-01-05,2024-01-05 10:20:00,22043.01,22050.24,22031.88,22035.22,197216,22039.11,15.57
2024-01-05,2024-01-05 10:25:00,22035.22,22044.4,22034.38,22037.59,485214,22038.79,15.61
2024-01-05,2024-01-05 10:30:00,22037.59,22046.19,22035.11,22042.25,189271,22041.18,15.61
2024-01-05,2024-01-05 10:35:00,22042.25,22052.31,22010.0,22022.45,151418,22028.25,15.59
2024-01-05,2024-01-05 10:40:00,22022.45,22025.09,21987.23,21990.16,119173,22000.83,15.62
2024-01-05,2024-01-05 10:45:00,21990.16,22005.5,21966.92,21972.48,150582,21981.63,15.58
2024-01-05,2024-01-05 10:50:00,21972.48,21989.7,21966.74,21980.0,114177,21978.81,15.53
2024-01-05,2024-01-05 10:55:00,21980.0,21987.05,21970.1,21984.36,181219,21980.51,15.57
2024-01-05,2024-01-05 11:00:00,21984.36,22003.43,21981.78,22000.9,169637,21995.37,15.63
2024-01-05,2024-01-05 11:05:00,22000.9,22008.64,21996.72,22005.46,68535,22003.6,15.62
2024-01-05,2024-01-05 11:10:00,22005.46,22012.81,21993.72,22005.93,161551,22004.15,15.61
2024-01-05,2024-01-05 11:15:00,22005.93,22006.0,21989.65,21996.61,250310,21997.42,15.58
2024-01-05,2024-01-05 11:20:00,21996.61,22020.26,21987.9,22016.76,138739,22008.31,15.58
2024-01-05,2024-01-05 11:25:00,22016.76,22017.35,21996.08,22001.19,125347,22004.87,15.57
2024-01-05,2024-01-05 11:30:00,22001.19,22016.35,21977.36,21981.84,93799,21991.85,15.56
2024-01-05,2024-01-05 11:35:00,21981.84,22014.6,21973.32,21995.7,77404,21994.54,15.57
2024-01-05,2024-01-05 11:40:00,21995.7,22011.39,21959.94,21971.94,226962,21981.09,15.54
2024-01-05,2024-01-05 11:45:00,21971.94,22025.7,21970.73,22022.33,151358,22006.26,15.53
2024-01-05,2024-01-05 11:50:00,22022.33,22026.99,21997.42,22026.56,221639,22016.99,15.48
2024-01-05,2024-01-05 11:55:00,22026.56,22039.63,22022.64,22036.1,300297,22032.79,15.47
2024-01-05,2024-01-05 12:00:00,22036.1,22059.81,21993.5,22014.72,235272,22022.68,15.46
2024-01-05,2024-01-05 12:05:00,22014.72,22017.68,21996.11,22006.39,131012,22006.73,15.47
2024-01-05,2024-01-05 12:10:00,22006.39,22017.03,21981.27,21995.12,172464,21997.81,15.48
2024-01-05,2024-01-05 12:15:00,21995.12,22003.0,21969.43,21980.82,127273,21984.42,15.5
2024-01-05,2024-01-05 12:20:00,21980.82,22001.1,21975.17,21997.52,122600,21991.26,15.46
2024-01-05,2024-01-05 12:25:00,21997.52,22001.53,21973.79,21985.65,186675,21986.99,15.41
2024-01-05,2024-01-05 12:30:00,21985.65,22036.37,21973.75,22012.5,116667,22007.54,15.43
2024-01-05,2024-01-05 12:35:00,22012.5,22087.49,22009.66,22082.84,67261,22060.0,15.37
2024-01-05,2024-01-05 12:40:00,22082.84,22086.87,22065.29,22075.01,114089,22075.72,15.37
2024-01-05,2024-01-05 12:45:00,22075.01,22104.95,22066.41,22079.05,143953,22083.47,15.34
2024-01-05,2024-01-05 12:50:00,22079.05,22091.29,22077.95,22089.1,299107,22086.11,15.39
2024-01-05,2024-01-05 12:55:00,22089.1,22154.47,22082.91,22137.12,133736,22124.83,15.39
2024-01-05,2024-01-05 13:00:00,22137.12,22163.62,22127.37,22162.41,199739,22151.13,15.39
2024-01-05,2024-01-05 13:05:00,22162.41,22192.19,22147.89,22148.37,152158,22162.82,15.42
2024-01-05,2024-01-05 13:10:00,22148.37,22167.79,22143.75,22161.17,265816,22157.57,15.39
2024-01-05,2024-01-05 13:15:00,22161.17,22174.36,22107.13,22122.58,258548,22134.69,15.37
2024-01-05,2024-01-05 13:20:00,22122.58,22198.18,22119.06,22190.91,260529,22169.38,15.33
2024-01-05,2024-01-05 13:25:00,22190.91,22202.09,22175.27,22183.82,81341,22187.06,15.3
2024-01-05,2024-01-05 13:30:00,22183.82,22191.34,22166.38,22175.07,176785,22177.6,15.3
2024-01-05,2024-01-05 13:35:00,22175.07,22186.14,22139.32,22180.67,220482,22168.71,15.32
2024-01-05,2024-01-05 13:40:00,22180.67,22189.49,22074.83,22098.83,189589,22121.05,15.35
2024-01-05,2024-01-05 13:45:00,22098.83,22125.74,22084.94,22094.06,209952,22101.58,15.29
2024-01-05,2024-01-05 13:50:00,22094.06,22170.48,22074.52,22160.32,166598,22135.11,15.29
2024-01-05,2024-01-05 13:55:00,22160.32,22191.33,22155.64,22174.6,120823,22173.86,15.25
2024-01-05,2024-01-05 14:00:00,22174.6,22194.81,22129.0,22140.76,82550,22154.86,15.25
2024-01-05,2024-01-05 14:05:00,22140.76,22157.62,22137.71,22141.09,125714,22145.47,15.32
2024-01-05,2024-01-05 14:10:00,22141.09,22142.46,22103.39,22131.34,475082,22125.73,15.33
2024-01-05,2024-01-05 14:15:00,22131.34,22157.17,22116.56,22140.89,134019,22138.21,15.35
2024-01-05,2024-01-05 14:20:00,22140.89,22146.65,22124.66,22146.15,74328,22139.15,15.41
2024-01-05,2024-01-05 14:25:00,22146.15,22147.95,22120.42,22143.67,218176,22137.35,15.45
2024-01-05,2024-01-05 14:30:00,22143.67,22148.62,22127.07,22140.55,229161,22138.74,15.43
2024-01-05,2024-01-05 14:35:00,22140.55,22151.04,22112.09,22122.48,272373,22128.54,15.39
2024-01-05,2024-01-05 14:40:00,22122.48,22138.41,22109.67,22122.56,196494,22123.55,15.39
2024-01-05,2024-01-05 14:45:00,22122.56,22155.18,22122.16,22140.28,228259,22139.21,15.38
2024-01-05,2024-01-05 14:50:00,22140.28,22145.62,22113.55,22116.96,339791,22125.38,15.33
2024-01-05,2024-01-05 14:55:00,22116.96,22123.92,22083.19,22115.07,120790,22107.39,15.34
2024-01-05,2024-01-05 15:00:00,22115.07,22143.03,22109.44,22136.27,111575,22129.58,15.35
2024-01-05,2024-01-05 15:05:00,22136.27,22156.01,22134.36,22145.68,105047,22145.35,15.4
2024-01-05,2024-01-05 15:10:00,22145.68,22191.21,22126.03,22172.91,146340,22163.39,15.39
2024-01-05,2024-01-05 15:15:00,22172.91,22186.38,22150.41,22158.54,288765,22165.11,15.4
2024-01-05,2024-01-05 15:20:00,22158.54,22184.28,22085.8,22116.2,201033,22128.76,15.38
2024-01-05,2024-01-05 15:25:00,22116.2,22120.54,22114.78,22118.87,197892,22118.06,15.4
2024-01-05,2024-01-05 15:30:00,22118.87,22138.77,22117.47,22125.12,78611,22127.12,15.4
2024-01-08,2024-01-08 09:15:00,22125.12,22149.02,22113.57,22125.12,365653,22129.24,17.85
2024-01-08,2024-01-08 09:20:00,22125.12,22141.57,22089.5,22104.42,163198,22111.83,17.86
2024-01-08,2024-01-08 09:25:00,22104.42,22132.26,22088.65,22129.48,150841,22116.8,17.89
2024-01-08,2024-01-08 09:30:00,22129.48,22137.64,22107.67,22131.11,141071,22125.47,17.87
2024-01-08,2024-01-08 09:35:00,22131.11,22141.83,22086.51,22098.45,151424,22108.93,17.8
2024-01-08,2024-01-08 09:40:00,22098.45,22139.12,22089.99,22126.2,281852,22118.44,17.8
2024-01-08,2024-01-08 09:45:00,22126.2,22132.52,22106.46,22110.82,67188,22116.6,17.81
2024-01-08,2024-01-08 09:50:00,22110.82,22117.52,22092.46,22100.46,300551,22103.48,17.83
2024-01-08,2024-01-08 09:55:00,22100.46,22114.52,22084.05,22091.27,92080,22096.61,17.86
2024-01-08,2024-01-08 10:00:00,22091.27,22157.87,22089.11,22121.24,146288,22122.74,17.83
2024-01-08,2024-01-08 10:05:00,22121.24,22126.45,22080.84,22081.38,137077,22096.22,17.85
2024-01-08,2024-01-08 10:10:00,22081.38,22153.15,22068.1,22146.39,205956,22122.55,17.89
2024-01-08,2024-01-08 10:15:00,22146.39,22170.43,22136.54,22170.09,85883,22159.02,17.83
2024-01-08,2024-01-08 10:20:00,22170.09,22200.75,22163.27,22177.21,195803,22180.41,17.84
2024-01-08,2024-01-08 10:25:00,22177.21,22188.02,22174.17,22178.77,365756,22180.32,17.83
2024-01-08,2024-01-08 10:30:00,22178.77,22192.58,22165.54,22187.13,94346,22181.75,17.83
2024-01-08,2024-01-08 10:35:00,22187.13,22207.18,22153.02,22200.2,175585,22186.8,17.84
2024-01-08,2024-01-08 10:40:00,22200.2,22217.79,22197.66,22215.76,124892,22210.4,17.82
2024-01-08,2024-01-08 10:45:00,22215.76,22240.5,22183.6,22229.53,192982,22217.88,17.8
2024-01-08,2024-01-08 10:50:00,22229.53,22248.95,22219.07,22233.99,164006,22234.0,17.8
2024-01-08,2024-01-08 10:55:00,22233.99,22234.0,22232.46,22232.71,125920,22233.05,17.77
2024-01-08,2024-01-08 11:00:00,22232.71,22232.84,22228.85,22232.35,197827,22231.35,17.74
2024-01-08,2024-01-08 11:05:00,22232.35,22236.73,22230.82,22231.12,334950,22232.89,17.76
2024-01-08,2024-01-08 11:10:00,22231.12,22258.55,22223.82,22256.47,150789,22246.28,17.72
2024-01-08,2024-01-08 11:15:00,22256.47,22282.06,22240.7,22271.03,217054,22264.6,17.74
2024-01-08,2024-01-08 11:20:00,22271.03,22282.62,22199.92,22214.77,97021,22232.44,17.76
2024-01-08,2024-01-08 11:25:00,22214.77,22239.33,22205.23,22230.55,111015,22225.04,17.71
2024-01-08,2024-01-08 11:30:00,22230.55,22241.16,22220.97,22237.11,196607,22233.08,17.69
2024-01-08,2024-01-08 11:35:00,22237.11,22257.37,22231.26,22239.41,294680,22242.68,17.72
2024-01-08,2024-01-08 11:40:00,22239.41,22250.34,22234.04,22234.3,187633,22239.56,17.69
2024-01-08,2024-01-08 11:45:00,22234.3,22265.82,22225.32,22259.46,143598,22250.2,17.68
2024-01-08,2024-01-08 11:50:00,22259.46,22292.8,22251.56,22281.11,162708,22275.16,17.69
2024-01-08,2024-01-08 11:55:00,22281.11,22284.62,22263.56,22268.29,98699,22272.16,17.71
2024-01-08,2024-01-08 12:00:00,22268.29,22281.76,22260.63,22279.17,207275,22273.85,17.71
2024-01-08,2024-01-08 12:05:00,22279.17,22290.54,22251.83,22253.19,231638,22265.19,17.69
2024-01-08,2024-01-08 12:10:00,22253.19,22255.02,22195.7,22216.35,135830,22222.36,17.73
2024-01-08,2024-01-08 12:15:00,22216.35,22221.55,22183.14,22199.64,134858,22201.44,17.78
2024-01-08,2024-01-08 12:20:00,22199.64,22223.99,22180.09,22222.61,181017,22208.9,17.81
2024-01-08,2024-01-08 12:25:00,22222.61,22251.57,22220.42,22248.03,136668,22240.01,17.82
2024-01-08,2024-01-08 12:30:00,22248.03,22269.51,22247.35,22261.73,158505,22259.53,17.79
2024-01-08,2024-01-08 12:35:00,22261.73,22313.7,22259.41,22281.1,376957,22284.74,17.77
2024-01-08,2024-01-08 12:40:00,22281.1,22296.7,22277.84,22294.9,147441,22289.81,17.78
2024-01-08,2024-01-08 12:45:00,22294.9,22313.93,22274.76,22277.74,141020,22288.81,17.8
2024-01-08,2024-01-08 12:50:00,22277.74,22301.67,22257.82,22289.29,125615,22282.93,17.84
2024-01-08,2024-01-08 12:55:00,22289.29,22323.62,22267.88,22310.69,219186,22300.73,17.86
2024-01-08,2024-01-08 13:00:00,22310.69,22360.91,22299.6,22344.33,151374,22334.95,17.81
2024-01-08,2024-01-08 13:05:00,22344.33,22365.68,22342.95,22364.49,125523,22357.71,17.84
2024-01-08,2024-01-08 13:10:00,22364.49,22388.6,22342.44,22385.95,276100,22372.33,17.81
2024-01-08,2024-01-08 13:15:00,22385.95,22394.24,22379.16,22381.52,287173,22384.97,17.8
2024-01-08,2024-01-08 13:20:00,22381.52,22385.76,22327.07,22349.35,128005,22354.06,17.81
2024-01-08,2024-01-08 13:25:00,22349.35,22357.61,22286.44,22286.72,77140,22310.25,17.87
2024-01-08,2024-01-08 13:30:00,22286.72,22302.81,22221.49,22224.57,243532,22249.62,17.96
2024-01-08,2024-01-08 13:35:00,22224.57,22226.43,22172.76,22189.53,123766,22196.24,17.98
2024-01-08,2024-01-08 13:40:00,22189.53,22195.53,22172.36,22180.56,223295,22182.82,17.98
2024-01-08,2024-01-08 13:45:00,22180.56,22180.57,22173.45,22178.44,74010,22177.48,17.99
2024-01-08,2024-01-08 13:50:00,22178.44,22214.07,22174.21,22206.06,232591,22198.12,18.02
2024-01-08,2024-01-08 13:55:00,22206.06,22228.68,22188.99,22209.44,100260,22209.04,18.01
2024-01-08,2024-01-08 14:00:00,22209.44,22240.04,22182.09,22189.52,218012,22203.88,18.06
2024-01-08,2024-01-08 14:05:00,22189.52,22209.7,22174.72,22202.37,163686,22195.6,18.07
2024-01-08,2024-01-08 14:10:00,22202.37,22237.69,22199.09,22221.41,111126,22219.39,18.08
2024-01-08,2024-01-08 14:15:00,22221.41,22228.19,22177.28,22183.91,138300,22196.46,18.1
2024-01-08,2024-01-08 14:20:00,22183.91,22185.88,22150.05,22165.22,214170,22167.05,18.12
2024-01-08,2024-01-08 14:25:00,22165.22,22171.24,22125.39,22146.39,169796,22147.68,18.14
2024-01-08,2024-01-08 14:30:00,22146.39,22165.69,22110.33,22123.81,205615,22133.28,18.12
2024-01-08,2024-01-08 14:35:00,22123.81,22144.73,22113.04,22140.39,358820,22132.72,18.11
2024-01-08,2024-01-08 14:40:00,22140.39,22144.38,22117.62,22134.33,87055,22132.11,18.07
2024-01-08,2024-01-08 14:45:00,22134.33,22142.59,22123.59,22126.7,310793,22130.96,18.09
2024-01-08,2024-01-08 14:50:00,22126.7,22141.82,22074.41,22080.59,169692,22098.94,18.11
2024-01-08,2024-01-08 14:55:00,22080.59,22106.63,22067.51,22092.86,113605,22089.0,18.12
2024-01-08,2024-01-08 15:00:00,22092.86,22093.86,22062.7,22063.71,95594,22073.42,18.17
2024-01-08,2024-01-08 15:05:00,22063.71,22072.58,22059.03,22063.27,150896,22064.96,18.17
2024-01-08,2024-01-08 15:10:00,22063.27,22081.81,22061.26,22067.62,235310,22070.23,18.19
2024-01-08,2024-01-08 15:15:00,22067.62,22116.48,22056.56,22095.88,154659,22089.64,18.16
2024-01-08,2024-01-08 15:20:00,22095.88,22106.73,22037.53,22065.19,297884,22069.82,18.15
2024-01-08,2024-01-08 15:25:00,22065.19,22070.18,21975.59,21996.8,91083,22014.19,18.17
2024-01-08,2024-01-08 15:30:00,21996.8,22010.99,21994.37,21999.09,161969,22001.48,18.2
2024-01-09,2024-01-09 09:15:00,21999.09,22019.37,21985.38,21999.09,119850,22001.28,14.29
2024-01-09,2024-01-09 09:20:00,21999.09,22003.37,21997.3,22000.53,366389,22000.4,14.33
2024-01-09,2024-01-09 09:25:00,22000.53,22015.84,21998.36,22012.18,238802,22008.79,14.31
2024-01-09,2024-01-09 09:30:00,22012.18,22052.16,22003.01,22030.16,104970,22028.44,14.35
2024-01-09,2024-01-09 09:35:00,22030.16,22039.74,22008.59,22012.95,227588,22020.42,14.36
2024-01-09,2024-01-09 09:40:00,22012.95,22030.84,21999.63,22019.41,267747,22016.63,14.39
2024-01-09,2024-01-09 09:45:00,22019.41,22070.64,22004.66,22048.21,171580,22041.17,14.36
2024-01-09,2024-01-09 09:50:00,22048.21,22087.53,22046.89,22086.95,188071,22073.79,14.36
2024-01-09,2024-01-09 09:55:00,22086.95,22093.79,22064.96,22090.4,186341,22083.05,14.36
2024-01-09,2024-01-09 10:00:00,22090.4,22094.73,22059.89,22088.32,70662,22080.98,14.32
2024-01-09,2024-01-09 10:05:00,22088.32,22117.84,22081.26,22096.32,151032,22098.47,14.35
2024-01-09,2024-01-09 10:10:00,22096.32,22105.27,22082.41,22103.81,147921,22097.16,14.33
2024-01-09,2024-01-09 10:15:00,22103.81,22140.66,22097.62,22134.05,288388,22124.11,14.31
2024-01-09,2024-01-09 10:20:00,22134.05,22139.17,22108.0,22116.86,185997,22121.34,14.28
2024-01-09,2024-01-09 10:25:00,22116.86,22122.44,22100.6,22113.94,144488,22112.33,14.3
2024-01-09,2024-01-09 10:30:00,22113.94,22125.41,22079.18,22094.36,156991,22099.65,14.25
2024-01-09,2024-01-09 10:35:00,22094.36,22096.23,22058.83,22076.89,245083,22077.32,14.27
2024-01-09,2024-01-09 10:40:00,22076.89,22091.22,22067.52,22087.02,151170,22081.92,14.3
2024-01-09,2024-01-09 10:45:00,22087.02,22108.29,22086.9,22105.77,123096,22100.32,14.32
2024-01-09,2024-01-09 10:50:00,22105.77,22127.06,22081.39,22095.5,145760,22101.32,14.34
2024-01-09,2024-01-09 10:55:00,22095.5,22119.33,22067.13,22113.51,237109,22099.99,14.36
2024-01-09,2024-01-09 11:00:00,22113.51,22160.57,22094.92,22138.28,198484,22131.26,14.34
2024-01-09,2024-01-09 11:05:00,22138.28,22186.04,22138.09,22179.49,165662,22167.88,14.38
2024-01-09,2024-01-09 11:10:00,22179.49,22183.75,22173.93,22183.54,175714,22180.41,14.36
2024-01-09,2024-01-09 11:15:00,22183.54,22184.7,22162.16,22173.43,130105,22173.43,14.36
2024-01-09,2024-01-09 11:20:00,22173.43,22194.3,22153.76,22156.09,150605,22168.05,14.35
2024-01-09,2024-01-09 11:25:00,22156.09,22173.24,22134.59,22136.78,124826,22148.2,14.37
2024-01-09,2024-01-09 11:30:00,22136.78,22175.07,22131.6,22164.33,144652,22157.0,14.35
2024-01-09,2024-01-09 11:35:00,22164.33,22177.27,22115.64,22136.77,278861,22143.23,14.35
2024-01-09,2024-01-09 11:40:00,22136.77,22168.46,22122.12,22163.69,105751,22151.42,14.32
2024-01-09,2024-01-09 11:45:00,22163.69,22171.24,22144.25,22149.02,123563,22154.84,14.35
2024-01-09,2024-01-09 11:50:00,22149.02,22158.31,22124.9,22138.02,98546,22140.41,14.37
2024-01-09,2024-01-09 11:55:00,22138.02,22149.58,22130.56,22137.66,90367,22139.27,14.36
2024-01-09,2024-01-09 12:00:00,22137.66,22160.31,22105.2,22118.97,151038,22128.16,14.35
2024-01-09,2024-01-09 12:05:00,22118.97,22147.7,22109.09,22143.7,127128,22133.5,14.37
2024-01-09,2024-01-09 12:10:00,22143.7,22213.39,22142.21,22191.89,329283,22182.5,14.35
2024-01-09,2024-01-09 12:15:00,22191.89,22205.16,22151.17,22174.38,145344,22176.9,14.35
2024-01-09,2024-01-09 12:20:00,22174.38,22179.81,22159.14,22162.88,272599,22167.28,14.39
2024-01-09,2024-01-09 12:25:00,22162.88,22168.9,22152.89,22158.54,239714,22160.11,14.36
2024-01-09,2024-01-09 12:30:00,22158.54,22191.55,22148.17,22172.92,149704,22170.88,14.37
2024-01-09,2024-01-09 12:35:00,22172.92,22175.67,22165.01,22168.84,378531,22169.84,14.38
2024-01-09,2024-01-09 12:40:00,22168.84,22224.62,22167.43,22205.74,181210,22199.27,14.38
2024-01-09,2024-01-09 12:45:00,22205.74,22245.39,22185.4,22236.3,298105,22222.36,14.36
2024-01-09,2024-01-09 12:50:00,22236.3,22238.36,22185.78,22204.67,284542,22209.6,14.4
2024-01-09,2024-01-09 12:55:00,22204.67,22241.37,22196.67,22218.55,192116,22218.86,14.38
2024-01-09,2024-01-09 13:00:00,22218.55,22236.61,22216.6,22234.15,219795,22229.12,14.33
2024-01-09,2024-01-09 13:05:00,22234.15,22299.22,22226.24,22290.94,208903,22272.13,14.35
2024-01-09,2024-01-09 13:10:00,22290.94,22306.68,22281.08,22304.62,102980,22297.46,14.31
2024-01-09,2024-01-09 13:15:00,22304.62,22314.88,22285.19,22294.53,166527,22298.2,14.33
2024-01-09,2024-01-09 13:20:00,22294.53,22317.51,22288.58,22290.09,250120,22298.73,14.37
2024-01-09,2024-01-09 13:25:00,22290.09,22293.9,22276.76,22282.71,299681,22284.46,14.39
2024-01-09,2024-01-09 13:30:00,22282.71,22294.74,22254.74,22283.9,121996,22277.79,14.42
2024-01-09,2024-01-09 13:35:00,22283.9,22287.51,22230.71,22249.57,201094,22255.93,14.48
2024-01-09,2024-01-09 13:40:00,22249.57,22264.35,22181.46,22199.33,172879,22215.05,14.51
2024-01-09,2024-01-09 13:45:00,22199.33,22220.77,22168.29,22212.23,155259,22200.43,14.52
2024-01-09,2024-01-09 13:50:00,22212.23,22241.28,22197.75,22212.74,187662,22217.26,14.57
2024-01-09,2024-01-09 13:55:00,22212.74,22222.75,22137.65,22151.68,177583,22170.69,14.62
2024-01-09,2024-01-09 14:00:00,22151.68,22162.72,22131.55,22131.55,202109,22141.94,14.68
2024-01-09,2024-01-09 14:05:00,22131.55,22145.06,22097.9,22115.12,289724,22119.36,14.66
2024-01-09,2024-01-09 14:10:00,22115.12,22136.55,22061.25,22074.7,222715,22090.84,14.62
2024-01-09,2024-01-09 14:15:00,22074.7,22101.66,22066.91,22070.11,184284,22079.56,14.6
2024-01-09,2024-01-09 14:20:00,22070.11,22096.41,22062.84,22089.28,343124,22082.84,14.63
2024-01-09,2024-01-09 14:25:00,22089.28,22091.72,22029.73,22059.1,253716,22060.18,14.63
2024-01-09,2024-01-09 14:30:00,22059.1,22065.61,22055.77,22059.27,156849,22060.22,14.62
2024-01-09,2024-01-09 14:35:00,22059.27,22089.72,22047.13,22066.24,100022,22067.7,14.64
2024-01-09,2024-01-09 14:40:00,22066.24,22075.38,22058.19,22062.63,109630,22065.4,14.6
2024-01-09,2024-01-09 14:45:00,22062.63,22065.02,22052.18,22064.97,236402,22060.72,14.6
2024-01-09,2024-01-09 14:50:00,22064.97,22078.06,22059.23,22067.55,126484,22068.28,14.63
2024-01-09,2024-01-09 14:55:00,22067.55,22067.77,22037.19,22047.85,108746,22050.94,14.65
2024-01-09,2024-01-09 15:00:00,22047.85,22082.47,22041.6,22079.13,120182,22067.73,14.67
2024-01-09,2024-01-09 15:05:00,22079.13,22109.9,22062.12,22104.91,123629,22092.31,14.72
2024-01-09,2024-01-09 15:10:00,22104.91,22152.67,22103.16,22129.45,228721,22128.43,14.72
2024-01-09,2024-01-09 15:15:00,22129.45,22163.64,22127.1,22150.11,152863,22146.95,14.7
2024-01-09,2024-01-09 15:20:00,22150.11,22159.4,22077.83,22113.45,94000,22116.9,14.73
2024-01-09,2024-01-09 15:25:00,22113.45,22138.7,22110.01,22132.16,164788,22126.96,14.77
2024-01-09,2024-01-09 15:30:00,22132.16,22152.11,22131.55,22144.9,177887,22142.86,14.79
2024-01-10,2024-01-10 09:15:00,22144.9,22149.55,22141.02,22144.9,111349,22145.16,12.93
2024-01-10,2024-01-10 09:20:00,22144.9,22158.24,22141.87,22144.36,327402,22148.16,12.91
2024-01-10,2024-01-10 09:25:00,22144.36,22187.4,22114.62,22186.13,236304,22162.72,12.92
2024-01-10,2024-01-10 09:30:00,22186.13,22212.52,22157.9,22188.87,148060,22186.43,12.89
2024-01-10,2024-01-10 09:35:00,22188.87,22212.81,22180.79,22211.73,256336,22201.78,12.9
2024-01-10,2024-01-10 09:40:00,22211.73,22252.33,22205.63,22241.21,104556,22233.06,12.91
2024-01-10,2024-01-10 09:45:00,22241.21,22253.43,22192.38,22229.02,117031,22224.94,12.9
2024-01-10,2024-01-10 09:50:00,22229.02,22236.35,22215.32,22221.98,127588,22224.55,12.9
2024-01-10,2024-01-10 09:55:00,22221.98,22250.82,22214.96,22249.26,131716,22238.35,12.88
2024-01-10,2024-01-10 10:00:00,22249.26,22294.17,22230.73,22285.67,106657,22270.19,12.87
2024-01-10,2024-01-10 10:05:00,22285.67,22322.9,22280.53,22299.64,265463,22301.02,12.89
2024-01-10,2024-01-10 10:10:00,22299.64,22303.94,22279.54,22284.66,146745,22289.38,12.89
2024-01-10,2024-01-10 10:15:00,22284.66,22351.73,22282.77,22327.18,187400,22320.56,12.87
2024-01-10,2024-01-10 10:20:00,22327.18,22338.09,22290.66,22319.19,129554,22315.98,12.88
2024-01-10,2024-01-10 10:25:00,22319.19,22325.65,22304.85,22315.14,78571,22315.21,12.9
2024-01-10,2024-01-10 10:30:00,22315.14,22329.63,22312.25,22324.69,181320,22322.19,12.84
2024-01-10,2024-01-10 10:35:00,22324.69,22363.88,22317.88,22358.6,75742,22346.79,12.88
2024-01-10,2024-01-10 10:40:00,22358.6,22404.35,22305.93,22378.46,158347,22362.91,12.87
2024-01-10,2024-01-10 10:45:00,22378.46,22393.25,22350.48,22389.51,94152,22377.75,12.88
2024-01-10,2024-01-10 10:50:00,22389.51,22412.89,22366.34,22401.53,360378,22393.58,12.91
2024-01-10,2024-01-10 10:55:00,22401.53,22405.75,22397.66,22405.09,234343,22402.84,12.87
2024-01-10,2024-01-10 11:00:00,22405.09,22437.94,22401.23,22419.04,169787,22419.4,12.85
2024-01-10,2024-01-10 11:05:00,22419.04,22419.74,22370.08,22370.69,269812,22386.84,12.84
2024-01-10,2024-01-10 11:10:00,22370.69,22393.56,22361.71,22367.4,116014,22374.22,12.82
2024-01-10,2024-01-10 11:15:00,22367.4,22391.68,22359.75,22374.94,202276,22375.46,12.87
2024-01-10,2024-01-10 11:20:00,22374.94,22375.78,22350.03,22354.45,176296,22360.08,12.85
2024-01-10,2024-01-10 11:25:00,22354.45,22377.67,22334.1,22364.9,180883,22358.89,12.83
2024-01-10,2024-01-10 11:30:00,22364.9,22369.82,22353.4,22363.47,270747,22362.23,12.84
2024-01-10,2024-01-10 11:35:00,22363.47,22424.39,22357.89,22401.49,218162,22394.59,12.8
2024-01-10,2024-01-10 11:40:00,22401.49,22448.34,22386.3,22435.89,182679,22423.51,12.79
2024-01-10,2024-01-10 11:45:00,22435.89,22456.93,22423.12,22429.18,83955,22436.41,12.8
2024-01-10,2024-01-10 11:50:00,22429.18,22432.86,22411.91,22428.82,110855,22424.53,12.79
2024-01-10,2024-01-10 11:55:00,22428.82,22433.3,22421.62,22430.02,154959,22428.31,12.78
2024-01-10,2024-01-10 12:00:00,22430.02,22434.06,22413.04,22417.87,168948,22421.66,12.77
2024-01-10,2024-01-10 12:05:00,22417.87,22448.73,22408.03,22423.11,103561,22426.63,12.72
2024-01-10,2024-01-10 12:10:00,22423.11,22444.99,22392.52,22402.71,427056,22413.41,12.73
2024-01-10,2024-01-10 12:15:00,22402.71,22432.53,22363.11,22372.31,298509,22389.32,12.79
2024-01-10,2024-01-10 12:20:00,22372.31,22391.17,22347.5,22389.03,207077,22375.9,12.79
2024-01-10,2024-01-10 12:25:00,22389.03,22409.92,22386.67,22405.95,167512,22400.85,12.79
2024-01-10,2024-01-10 12:30:00,22405.95,22426.33,22375.34,22384.32,149509,22395.33,12.81
2024-01-10,2024-01-10 12:35:00,22384.32,22428.23,22383.0,22408.37,111216,22406.53,12.78
2024-01-10,2024-01-10 12:40:00,22408.37,22424.07,22373.98,22391.39,167877,22396.48,12.83
2024-01-10,2024-01-10 12:45:00,22391.39,22401.1,22381.73,22398.19,180430,22393.67,12.83
2024-01-10,2024-01-10 12:50:00,22398.19,22435.0,22388.18,22420.24,99041,22414.47,12.88
2024-01-10,2024-01-10 12:55:00,22420.24,22428.16,22416.72,22419.33,186031,22421.4,12.86
2024-01-10,2024-01-10 13:00:00,22419.33,22445.59,22418.47,22434.32,152954,22432.8,12.91
2024-01-10,2024-01-10 13:05:00,22434.32,22442.5,22422.36,22423.59,75877,22429.48,12.94
2024-01-10,2024-01-10 13:10:00,22423.59,22430.84,22397.28,22400.67,115363,22409.6,12.95
2024-01-10,2024-01-10 13:15:00,22400.67,22408.04,22387.44,22389.01,137937,22394.83,12.96
2024-01-10,2024-01-10 13:20:00,22389.01,22400.2,22359.4,22362.28,346304,22373.96,12.95
2024-01-10,2024-01-10 13:25:00,22362.28,22377.1,22311.23,22332.37,203337,22340.23,12.99
2024-01-10,2024-01-10 13:30:00,22332.37,22335.33,22294.2,22307.39,95397,22312.3,12.99
2024-01-10,2024-01-10 13:35:00,22307.39,22323.69,22279.39,22291.01,197681,22298.03,12.93
2024-01-10,2024-01-10 13:40:00,22291.01,22297.88,22276.84,22282.93,87647,22285.88,12.9
2024-01-10,2024-01-10 13:45:00,22282.93,22292.52,22199.46,22211.31,250966,22234.43,12.9
2024-01-10,2024-01-10 13:50:00,22211.31,22214.38,22183.41,22196.14,134800,22197.98,12.9
2024-01-10,2024-01-10 13:55:00,22196.14,22211.85,22133.1,22144.74,156771,22163.23,12.9
2024-01-10,2024-01-10 14:00:00,22144.74,22147.31,22100.34,22119.89,276597,22122.52,12.94
2024-01-10,2024-01-10 14:05:00,22119.89,22126.94,22099.33,22107.34,97259,22111.2,12.88
2024-01-10,2024-01-10 14:10:00,22107.34,22113.76,22094.75,22097.79,93074,22102.1,12.89
2024-01-10,2024-01-10 14:15:00,22097.79,22112.41,22057.29,22079.01,128870,22082.9,12.83
2024-01-10,2024-01-10 14:20:00,22079.01,22088.04,22043.43,22048.63,246557,22060.03,12.85
2024-01-10,2024-01-10 14:25:00,22048.63,22054.03,22023.63,22036.81,88633,22038.16,12.85
2024-01-10,2024-01-10 14:30:00,22036.81,22043.11,22030.64,22039.04,52424,22037.6,12.86
2024-01-10,2024-01-10 14:35:00,22039.04,22061.49,22030.57,22050.39,135881,22047.48,12.84
2024-01-10,2024-01-10 14:40:00,22050.39,22062.12,22033.82,22036.34,202946,22044.09,12.88
2024-01-10,2024-01-10 14:45:00,22036.34,22043.41,22021.19,22025.47,263051,22030.02,12.91
2024-01-10,2024-01-10 14:50:00,22025.47,22041.71,21988.15,22003.3,135230,22011.05,12.92
2024-01-10,2024-01-10 14:55:00,22003.3,22011.71,21999.72,22000.85,138058,22004.09,12.92
2024-01-10,2024-01-10 15:00:00,22000.85,22006.9,21940.97,21980.42,258218,21976.1,12.94
2024-01-10,2024-01-10 15:05:00,21980.42,22018.8,21977.96,21991.26,77041,21996.01,12.92
2024-01-10,2024-01-10 15:10:00,21991.26,21998.97,21928.75,21950.23,139328,21959.32,12.94
2024-01-10,2024-01-10 15:15:00,21950.23,21950.64,21924.7,21940.58,175636,21938.64,12.99
2024-01-10,2024-01-10 15:20:00,21940.58,21957.41,21930.34,21945.43,194791,21944.39,13.02
2024-01-10,2024-01-10 15:25:00,21945.43,21960.04,21939.28,21947.71,132730,21949.01,13.0
2024-01-10,2024-01-10 15:30:00,21947.71,22013.87,21927.68,22005.06,165012,21982.2,13.01
2024-01-11,2024-01-11 09:15:00,22005.06,22020.67,22003.05,22005.06,272284,22009.59,17.61
2024-01-11,2024-01-11 09:20:00,22005.06,22022.85,21989.45,22016.48,118082,22009.59,17.6
2024-01-11,2024-01-11 09:25:00,22016.48,22025.67,21980.98,21996.3,281098,22000.99,17.59
2024-01-11,2024-01-11 09:30:00,21996.3,22014.8,21983.26,21984.78,132235,21994.28,17.67
2024-01-11,2024-01-11 09:35:00,21984.78,21999.84,21963.74,21967.07,386776,21976.89,17.68
2024-01-11,2024-01-11 09:40:00,21967.07,21972.04,21916.67,21925.26,206797,21937.99,17.69
2024-01-11,2024-01-11 09:45:00,21925.26,21955.5,21910.29,21952.78,112634,21939.52,17.7
2024-01-11,2024-01-11 09:50:00,21952.78,21960.75,21932.97,21948.94,72390,21947.55,17.75
2024-01-11,2024-01-11 09:55:00,21948.94,21963.63,21922.04,21944.89,224935,21943.52,17.74
2024-01-11,2024-01-11 10:00:00,21944.89,21990.95,21929.55,21977.07,140130,21965.85,17.72
2024-01-11,2024-01-11 10:05:00,21977.07,21980.02,21953.87,21970.29,152935,21968.06,17.75
2024-01-11,2024-01-11 10:10:00,21970.29,21973.98,21930.35,21956.31,221123,21953.55,17.74
2024-01-11,2024-01-11 10:15:00,21956.31,21980.36,21945.17,21954.5,243815,21960.01,17.71
2024-01-11,2024-01-11 10:20:00,21954.5,21971.81,21924.75,21934.75,265530,21943.77,17.67
2024-01-11,2024-01-11 10:25:00,21934.75,21967.45,21930.98,21944.19,101728,21947.54,17.72
2024-01-11,2024-01-11 10:30:00,21944.19,21968.36,21919.23,21939.44,287896,21942.34,17.72
2024-01-11,2024-01-11 10:35:00,21939.44,21949.77,21923.41,21932.06,129105,21935.08,17.71
2024-01-11,2024-01-11 10:40:00,21932.06,21947.12,21918.0,21922.96,66005,21929.36,17.7
2024-01-11,2024-01-11 10:45:00,21922.96,21926.26,21919.32,21923.5,101582,21923.03,17.72
2024-01-11,2024-01-11 10:50:00,21923.5,21939.99,21906.43,21927.78,177585,21924.73,17.72
2024-01-11,2024-01-11 10:55:00,21927.78,21934.92,21910.18,21920.15,110026,21921.75,17.67
2024-01-11,2024-01-11 11:00:00,21920.15,21939.47,21915.37,21915.7,157122,21923.52,17.68
2024-01-11,2024-01-11 11:05:00,21915.7,21920.61,21911.75,21916.72,186334,21916.36,17.72
2024-01-11,2024-01-11 11:10:00,21916.72,21925.45,21907.75,21915.75,151364,21916.32,17.75
2024-01-11,2024-01-11 11:15:00,21915.75,21928.52,21879.38,21919.0,133553,21908.97,17.74
2024-01-11,2024-01-11 11:20:00,21919.0,21926.71,21906.97,21908.28,98688,21913.99,17.77
2024-01-11,2024-01-11 11:25:00,21908.28,21935.93,21897.21,21930.71,164189,21921.28,17.78
2024-01-11,2024-01-11 11:30:00,21930.71,21941.22,21912.05,21935.26,71254,21929.51,17.82
2024-01-11,2024-01-11 11:35:00,21935.26,21947.03,21907.04,21927.94,123698,21927.34,17.83
2024-01-11,2024-01-11 11:40:00,21927.94,21949.24,21909.67,21937.37,112295,21932.09,17.79
2024-01-11,2024-01-11 11:45:00,21937.37,21960.76,21929.54,21938.53,147893,21942.94,17.84
2024-01-11,2024-01-11 11:50:00,21938.53,21959.9,21903.22,21906.93,149442,21923.35,17.84
2024-01-11,2024-01-11 11:55:00,21906.93,21928.35,21898.8,21916.28,238943,21914.48,17.86
2024-01-11,2024-01-11 12:00:00,21916.28,21938.91,21889.06,21889.47,306628,21905.81,17.82
2024-01-11,2024-01-11 12:05:00,21889.47,21938.05,21885.86,21914.02,104077,21912.64,17.83
2024-01-11,2024-01-11 12:10:00,21914.02,21926.09,21893.61,21907.66,361180,21909.12,17.87
2024-01-11,2024-01-11 12:15:00,21907.66,21938.24,21906.46,21928.17,119167,21924.29,17.93
2024-01-11,2024-01-11 12:20:00,21928.17,21937.76,21904.2,21911.58,174383,21917.85,17.97
2024-01-11,2024-01-11 12:25:00,21911.58,21927.06,21898.24,21913.42,199654,21912.91,17.98
2024-01-11,2024-01-11 12:30:00,21913.42,21953.39,21902.67,21945.25,432714,21933.77,17.94
2024-01-11,2024-01-11 12:35:00,21945.25,21962.58,21916.67,21938.16,131017,21939.14,17.94
2024-01-11,2024-01-11 12:40:00,21938.16,21948.8,21906.75,21922.61,79324,21926.05,17.92
2024-01-11,2024-01-11 12:45:00,21922.61,21949.19,21907.59,21939.84,295419,21932.21,17.93
2024-01-11,2024-01-11 12:50:00,21939.84,21970.71,21929.41,21956.58,116617,21952.23,17.9
2024-01-11,2024-01-11 12:55:00,21956.58,21960.86,21936.86,21942.12,140837,21946.62,17.89
2024-01-11,2024-01-11 13:00:00,21942.12,21948.19,21930.05,21944.43,104078,21940.89,17.87
2024-01-11,2024-01-11 13:05:00,21944.43,21972.27,21916.93,21921.23,141000,21936.81,17.86
2024-01-11,2024-01-11 13:10:00,21921.23,21923.98,21864.99,21887.74,116290,21892.24,17.84
2024-01-11,2024-01-11 13:15:00,21887.74,21894.75,21827.1,21836.31,213325,21852.72,17.84
2024-01-11,2024-01-11 13:20:00,21836.31,21851.46,21822.74,21847.31,168100,21840.5,17.85
2024-01-11,2024-01-11 13:25:00,21847.31,21864.76,21836.57,21864.46,123943,21855.26,17.77
2024-01-11,2024-01-11 13:30:00,21864.46,21939.88,21864.46,21937.44,242401,21913.93,17.7
2024-01-11,2024-01-11 13:35:00,21937.44,21941.67,21920.31,21934.56,180231,21932.18,17.69
2024-01-11,2024-01-11 13:40:00,21934.56,21935.56,21895.78,21905.57,77775,21912.3,17.68
2024-01-11,2024-01-11 13:45:00,21905.57,21909.15,21858.39,21877.29,235127,21881.61,17.69
2024-01-11,2024-01-11 13:50:00,21877.29,21896.89,21871.25,21877.94,175246,21882.03,17.67
2024-01-11,2024-01-11 13:55:00,21877.94,21937.76,21855.12,21908.75,283876,21900.54,17.67
2024-01-11,2024-01-11 14:00:00,21908.75,21915.93,21875.6,21889.33,171025,21893.62,17.67
2024-01-11,2024-01-11 14:05:00,21889.33,21900.76,21853.54,21858.13,118576,21870.81,17.65
2024-01-11,2024-01-11 14:10:00,21858.13,21896.37,21854.25,21893.5,149983,21881.37,17.68
2024-01-11,2024-01-11 14:15:00,21893.5,21894.51,21869.65,21872.81,224485,21878.99,17.68
2024-01-11,2024-01-11 14:20:00,21872.81,21926.67,21839.28,21905.35,119575,21890.43,17.7
2024-01-11,2024-01-11 14:25:00,21905.35,21930.99,21876.33,21884.77,136472,21897.36,17.7
2024-01-11,2024-01-11 14:30:00,21884.77,21904.67,21873.56,21894.51,148943,21890.91,17.77
2024-01-11,2024-01-11 14:35:00,21894.51,21894.52,21866.73,21867.85,102770,21876.36,17.78
2024-01-11,2024-01-11 14:40:00,21867.85,21880.12,21852.36,21877.54,120267,21870.01,17.77
2024-01-11,2024-01-11 14:45:00,21877.54,21888.02,21838.77,21868.67,174384,21865.15,17.79
2024-01-11,2024-01-11 14:50:00,21868.67,21876.92,21851.46,21860.09,263284,21862.82,17.74
2024-01-11,2024-01-11 14:55:00,21860.09,21874.82,21843.42,21871.67,184768,21863.3,17.75
2024-01-11,2024-01-11 15:00:00,21871.67,21885.68,21833.81,21859.66,159796,21859.72,17.76
2024-01-11,2024-01-11 15:05:00,21859.66,21863.33,21826.44,21826.69,116715,21838.82,17.76
2024-01-11,2024-01-11 15:10:00,21826.69,21854.64,21815.72,21841.56,252221,21837.31,17.75
2024-01-11,2024-01-11 15:15:00,21841.56,21855.15,21800.66,21814.79,193571,21823.53,17.72
2024-01-11,2024-01-11 15:20:00,21814.79,21849.21,21803.84,21824.31,122676,21825.79,17.7
2024-01-11,2024-01-11 15:25:00,21824.31,21847.01,21821.18,21843.8,233155,21837.33,17.7
2024-01-11,2024-01-11 15:30:00,21843.8,21845.26,21829.33,21833.85,203583,21836.15,17.67
2024-01-12,2024-01-12 09:15:00,21833.85,21862.54,21832.23,21833.85,244032,21842.87,14.96
2024-01-12,2024-01-12 09:20:00,21833.85,21886.93,21827.85,21871.26,152777,21862.01,14.94
2024-01-12,2024-01-12 09:25:00,21871.26,21883.83,21860.25,21866.77,595547,21870.28,14.95
2024-01-12,2024-01-12 09:30:00,21866.77,21868.81,21864.37,21868.13,409694,21867.1,14.94
2024-01-12,2024-01-12 09:35:00,21868.13,21871.13,21837.88,21850.86,151360,21853.29,14.94
2024-01-12,2024-01-12 09:40:00,21850.86,21864.95,21842.89,21843.35,155977,21850.4,14.93
2024-01-12,2024-01-12 09:45:00,21843.35,21879.0,21832.72,21876.06,242372,21862.59,14.93
2024-01-12,2024-01-12 09:50:00,21876.06,21903.65,21861.43,21891.77,321666,21885.62,14.94
2024-01-12,2024-01-12 09:55:00,21891.77,21895.68,21872.79,21876.18,84523,21881.55,14.91
2024-01-12,2024-01-12 10:00:00,21876.18,21893.4,21844.57,21847.35,79654,21861.77,14.88
2024-01-12,2024-01-12 10:05:00,21847.35,21851.56,21833.29,21843.55,126903,21842.8,14.83
2024-01-12,2024-01-12 10:10:00,21843.55,21846.09,21836.32,21841.97,205478,21841.46,14.79
2024-01-12,2024-01-12 10:15:00,21841.97,21871.0,21836.62,21854.35,198540,21853.99,14.75
2024-01-12,2024-01-12 10:20:00,21854.35,21858.11,21839.22,21846.44,249673,21847.92,14.75
2024-01-12,2024-01-12 10:25:00,21846.44,21870.03,21840.61,21859.12,100722,21856.59,14.73
2024-01-12,2024-01-12 10:30:00,21859.12,21908.2,21848.29,21899.81,64443,21885.43,14.74
2024-01-12,2024-01-12 10:35:00,21899.81,21929.24,21897.85,21918.51,229396,21915.2,14.74
2024-01-12,2024-01-12 10:40:00,21918.51,21934.22,21913.72,21920.2,116858,21922.71,14.68
2024-01-12,2024-01-12 10:45:00,21920.2,21948.14,21919.12,21919.21,72591,21928.82,14.7
2024-01-12,2024-01-12 10:50:00,21919.21,21936.72,21887.37,21914.81,172478,21912.97,14.73
2024-01-12,2024-01-12 10:55:00,21914.81,21966.0,21912.7,21940.72,223523,21939.81,14.7
2024-01-12,2024-01-12 11:00:00,21940.72,21956.82,21901.85,21930.97,154999,21929.88,14.71
2024-01-12,2024-01-12 11:05:00,21930.97,21935.43,21926.23,21934.49,135518,21932.05,14.69
2024-01-12,2024-01-12 11:10:00,21934.49,21955.16,21924.91,21938.13,152703,21939.4,14.69
2024-01-12,2024-01-12 11:15:00,21938.13,21947.29,21925.95,21930.86,140332,21934.7,14.65
2024-01-12,2024-01-12 11:20:00,21930.86,21942.94,21902.3,21906.4,94919,21917.21,14.6
2024-01-12,2024-01-12 11:25:00,21906.4,21931.7,21890.73,21915.4,122287,21912.61,14.59
2024-01-12,2024-01-12 11:30:00,21915.4,21922.04,21898.86,21916.83,200488,21912.57,14.58
2024-01-12,2024-01-12 11:35:00,21916.83,21943.38,21907.21,21929.32,185103,21926.64,14.57
2024-01-12,2024-01-12 11:40:00,21929.32,21937.27,21913.66,21921.42,174071,21924.12,14.53
2024-01-12,2024-01-12 11:45:00,21921.42,21978.48,21919.55,21948.14,109309,21948.72,14.52
2024-01-12,2024-01-12 11:50:00,21948.14,21967.62,21929.0,21933.45,151357,21943.36,14.53
2024-01-12,2024-01-12 11:55:00,21933.45,21986.48,21919.91,21969.88,68130,21958.76,14.53
2024-01-12,2024-01-12 12:00:00,21969.88,21984.99,21912.33,21923.81,174798,21940.38,14.53
2024-01-12,2024-01-12 12:05:00,21923.81,21948.06,21908.77,21935.25,288238,21930.69,14.51
2024-01-12,2024-01-12 12:10:00,21935.25,21961.02,21924.45,21947.76,90250,21944.41,14.55
2024-01-12,2024-01-12 12:15:00,21947.76,21952.19,21925.96,21926.81,128750,21934.98,14.51
2024-01-12,2024-01-12 12:20:00,21926.81,21940.97,21925.85,21937.97,185654,21934.93,14.53
2024-01-12,2024-01-12 12:25:00,21937.97,21982.52,21937.01,21971.66,268642,21963.73,14.56
2024-01-12,2024-01-12 12:30:00,21971.66,21981.14,21911.23,21913.21,136040,21935.19,14.58
2024-01-12,2024-01-12 12:35:00,21913.21,21953.4,21897.54,21926.43,123389,21925.79,14.57
2024-01-12,2024-01-12 12:40:00,21926.43,21926.44,21859.73,21860.83,74045,21882.33,14.56
2024-01-12,2024-01-12 12:45:00,21860.83,21871.09,21820.83,21835.5,169630,21842.47,14.59
2024-01-12,2024-01-12 12:50:00,21835.5,21888.57,21830.34,21878.18,368365,21865.7,14.54
2024-01-12,2024-01-12 12:55:00,21878.18,21888.42,21860.57,21862.91,181851,21870.63,14.52
2024-01-12,2024-01-12 13:00:00,21862.91,21877.1,21803.9,21819.99,161310,21833.67,14.5
2024-01-12,2024-01-12 13:05:00,21819.99,21837.66,21705.68,21713.54,185133,21752.29,14.54
2024-01-12,2024-01-12 13:10:00,21713.54,21718.95,21685.35,21696.42,162034,21700.24,14.55
2024-01-12,2024-01-12 13:15:00,21696.42,21752.09,21664.07,21751.64,117570,21722.6,14.52
2024-01-12,2024-01-12 13:20:00,21751.64,21822.57,21748.19,21821.12,226231,21797.29,14.51
2024-01-12,2024-01-12 13:25:00,21821.12,21921.14,21804.42,21918.78,178136,21881.45,14.5
2024-01-12,2024-01-12 13:30:00,21918.78,21923.99,21859.92,21861.91,163905,21881.94,14.47
2024-01-12,2024-01-12 13:35:00,21861.91,21901.01,21854.91,21891.91,110178,21882.61,14.5
2024-01-12,2024-01-12 13:40:00,21891.91,21901.55,21852.16,21863.18,274142,21872.3,14.46
2024-01-12,2024-01-12 13:45:00,21863.18,21920.26,21847.2,21907.3,212326,21891.59,14.51
2024-01-12,2024-01-12 13:50:00,21907.3,21911.04,21872.1,21885.98,130461,21889.71,14.54
2024-01-12,2024-01-12 13:55:00,21885.98,21933.05,21874.53,21917.34,242978,21908.31,14.57
2024-01-12,2024-01-12 14:00:00,21917.34,21929.11,21887.84,21891.98,133381,21902.97,14.55
2024-01-12,2024-01-12 14:05:00,21891.98,21938.41,21884.47,21920.36,119038,21914.41,14.55
2024-01-12,2024-01-12 14:10:00,21920.36,21930.09,21915.98,21925.47,120104,21923.85,14.51
2024-01-12,2024-01-12 14:15:00,21925.47,21964.82,21913.19,21938.78,80143,21938.93,14.49
2024-01-12,2024-01-12 14:20:00,21938.78,21969.82,21935.85,21969.2,196539,21958.29,14.51
2024-01-12,2024-01-12 14:25:00,21969.2,21994.21,21929.0,21943.02,78240,21955.41,14.55
2024-01-12,2024-01-12 14:30:00,21943.02,21955.5,21921.36,21940.48,99570,21939.11,14.51
2024-01-12,2024-01-12 14:35:00,21940.48,21951.46,21915.01,21927.06,70952,21931.18,14.5
2024-01-12,2024-01-12 14:40:00,21927.06,21937.11,21879.94,21890.93,157246,21902.66,14.5
2024-01-12,2024-01-12 14:45:00,21890.93,21917.04,21889.09,21896.77,153257,21900.96,14.45
2024-01-12,2024-01-12 14:50:00,21896.77,21958.35,21892.73,21950.01,142817,21933.69,14.47
2024-01-12,2024-01-12 14:55:00,21950.01,21957.87,21900.97,21907.87,107255,21922.23,14.45
2024-01-12,2024-01-12 15:00:00,21907.87,21916.2,21887.63,21905.41,101834,21903.08,14.44
2024-01-12,2024-01-12 15:05:00,21905.41,21920.79,21899.83,21917.69,195976,21912.77,14.43
2024-01-12,2024-01-12 15:10:00,21917.69,21928.42,21917.17,21918.63,130584,21921.4,14.41
2024-01-12,2024-01-12 15:15:00,21918.63,21924.17,21895.52,21914.4,184710,21911.36,14.41
2024-01-12,2024-01-12 15:20:00,21914.4,21917.9,21866.89,21884.17,114222,21889.66,14.4
2024-01-12,2024-01-12 15:25:00,21884.17,21891.97,21880.48,21887.52,174979,21886.66,14.39
2024-01-12,2024-01-12 15:30:00,21887.52,21892.38,21841.22,21869.2,274117,21867.6,14.37
2024-01-15,2024-01-15 09:15:00,21869.2,21876.41,21861.2,21869.2,167065,21868.94,17.53
2024-01-15,2024-01-15 09:20:00,21869.2,21906.48,21848.53,21884.87,168030,21879.96,17.53
2024-01-15,2024-01-15 09:25:00,21884.87,21904.64,21871.22,21871.6,115416,21882.48,17.58
2024-01-15,2024-01-15 09:30:00,21871.6,21909.27,21870.05,21893.97,149873,21891.1,17.56
2024-01-15,2024-01-15 09:35:00,21893.97,21900.15,21885.12,21899.0,220604,21894.75,17.54
2024-01-15,2024-01-15 09:40:00,21899.0,21943.31,21883.53,21932.08,151459,21919.64,17.56
2024-01-15,2024-01-15 09:45:00,21932.08,21987.24,21929.29,21982.37,173635,21966.3,17.55
2024-01-15,2024-01-15 09:50:00,21982.37,21983.65,21968.84,21975.7,174000,21976.06,17.51
2024-01-15,2024-01-15 09:55:00,21975.7,21977.61,21949.02,21969.86,192328,21965.49,17.51
2024-01-15,2024-01-15 10:00:00,21969.86,21974.19,21966.82,21967.62,203507,21969.54,17.51
2024-01-15,2024-01-15 10:05:00,21967.62,21986.78,21960.35,21982.04,151803,21976.39,17.54
2024-01-15,2024-01-15 10:10:00,21982.04,22026.86,21959.82,22010.91,113036,21999.2,17.51
2024-01-15,2024-01-15 10:15:00,22010.91,22014.23,21976.28,22000.62,99958,21997.04,17.54
2024-01-15,2024-01-15 10:20:00,22000.62,22014.96,21984.31,22010.81,244525,22003.36,17.53
2024-01-15,2024-01-15 10:25:00,22010.81,22035.08,21995.93,22010.75,221482,22013.92,17.5
2024-01-15,2024-01-15 10:30:00,22010.75,22041.07,22007.1,22025.64,211027,22024.6,17.46
2024-01-15,2024-01-15 10:35:00,22025.64,22065.09,22014.86,22058.2,225140,22046.05,17.52
2024-01-15,2024-01-15 10:40:00,22058.2,22066.54,22053.2,22056.08,152569,22058.61,17.51
2024-01-15,2024-01-15 10:45:00,22056.08,22080.92,22021.26,22025.58,126759,22042.59,17.54
2024-01-15,2024-01-15 10:50:00,22025.58,22048.4,22021.87,22042.97,109956,22037.75,17.49
2024-01-15,2024-01-15 10:55:00,22042.97,22054.61,22015.66,22029.09,105267,22033.12,17.57
2024-01-15,2024-01-15 11:00:00,22029.09,22036.88,22014.83,22028.9,264306,22026.87,17.6
2024-01-15,2024-01-15 11:05:00,22028.9,22048.26,22015.75,22047.15,133618,22037.05,17.59
2024-01-15,2024-01-15 11:10:00,22047.15,22060.1,22037.51,22055.69,248188,22051.1,17.58
2024-01-15,2024-01-15 11:15:00,22055.69,22058.57,22027.26,22056.32,151031,22047.38,17.6
2024-01-15,2024-01-15 11:20:00,22056.32,22078.68,22026.09,22047.54,124182,22050.77,17.62
2024-01-15,2024-01-15 11:25:00,22047.54,22050.09,21991.15,21992.64,105056,22011.29,17.63
2024-01-15,2024-01-15 11:30:00,21992.64,22013.95,21979.93,22009.1,128635,22000.99,17.63
2024-01-15,2024-01-15 11:35:00,22009.1,22018.41,21991.48,22006.73,287016,22005.54,17.65
2024-01-15,2024-01-15 11:40:00,22006.73,22072.21,21995.2,22039.35,105484,22035.58,17.59
2024-01-15,2024-01-15 11:45:00,22039.35,22066.46,22038.94,22049.89,379533,22051.76,17.58
2024-01-15,2024-01-15 11:50:00,22049.89,22065.1,22029.54,22041.79,116280,22045.48,17.53
2024-01-15,2024-01-15 11:55:00,22041.79,22070.19,22012.64,22065.6,219691,22049.48,17.55
2024-01-15,2024-01-15 12:00:00,22065.6,22115.41,22055.4,22096.08,153568,22088.97,17.53
2024-01-15,2024-01-15 12:05:00,22096.08,22115.92,22073.97,22090.28,143168,22093.39,17.48
2024-01-15,2024-01-15 12:10:00,22090.28,22122.94,22087.72,22121.92,97873,22110.86,17.46
2024-01-15,2024-01-15 12:15:00,22121.92,22123.56,22091.99,22107.18,156473,22107.58,17.46
2024-01-15,2024-01-15 12:20:00,22107.18,22128.32,22094.7,22111.41,102404,22111.48,17.46
2024-01-15,2024-01-15 12:25:00,22111.41,22131.61,22110.95,22126.57,83064,22123.05,17.42
2024-01-15,2024-01-15 12:30:00,22126.57,22162.24,22108.38,22147.41,170730,22139.35,17.37
2024-01-15,2024-01-15 12:35:00,22147.41,22183.98,22125.71,22163.93,126226,22157.87,17.37
2024-01-15,2024-01-15 12:40:00,22163.93,22167.24,22151.95,22155.08,319253,22158.09,17.36
2024-01-15,2024-01-15 12:45:00,22155.08,22217.46,22147.9,22184.16,242803,22183.17,17.35
2024-01-15,2024-01-15 12:50:00,22184.16,22211.55,22179.19,22180.85,320928,22190.53,17.34
2024-01-15,2024-01-15 12:55:00,22180.85,22185.59,22156.26,22165.7,123951,22169.18,17.36
2024-01-15,2024-01-15 13:00:00,22165.7,22241.46,22162.76,22222.63,171863,22208.95,17.38
2024-01-15,2024-01-15 13:05:00,22222.63,22223.83,22133.38,22146.8,57052,22168.0,17.39
2024-01-15,2024-01-15 13:10:00,22146.8,22153.73,22127.97,22134.62,145405,22138.78,17.38
2024-01-15,2024-01-15 13:15:00,22134.62,22231.76,22115.68,22225.0,169295,22190.81,17.38
2024-01-15,2024-01-15 13:20:00,22225.0,22226.69,22203.64,22208.03,173099,22212.79,17.37
2024-01-15,2024-01-15 13:25:00,22208.03,22219.03,22190.28,22201.47,160019,22203.59,17.32
2024-01-15,2024-01-15 13:30:00,22201.47,22211.6,22176.12,22179.45,167148,22189.06,17.35
2024-01-15,2024-01-15 13:35:00,22179.45,22207.9,22168.69,22182.18,54978,22186.25,17.38
2024-01-15,2024-01-15 13:40:00,22182.18,22188.08,22176.65,22181.93,180320,22182.22,17.44
2024-01-15,2024-01-15 13:45:00,22181.93,22204.58,22136.43,22146.63,197476,22162.55,17.51
2024-01-15,2024-01-15 13:50:00,22146.63,22199.56,22136.48,22192.23,277953,22176.09,17.47
2024-01-15,2024-01-15 13:55:00,22192.23,22209.64,22177.21,22207.05,188621,22197.97,17.46
2024-01-15,2024-01-15 14:00:00,22207.05,22207.11,22194.42,22206.6,154462,22202.71,17.54
2024-01-15,2024-01-15 14:05:00,22206.6,22236.84,22198.92,22225.91,253210,22220.56,17.53
2024-01-15,2024-01-15 14:10:00,22225.91,22241.69,22199.42,22201.6,63390,22214.24,17.54
2024-01-15,2024-01-15 14:15:00,22201.6,22230.09,22180.02,22218.65,132457,22209.59,17.5
2024-01-15,2024-01-15 14:20:00,22218.65,22219.04,22186.35,22193.85,119811,22199.75,17.5
2024-01-15,2024-01-15 14:25:00,22193.85,22201.12,22171.2,22188.82,160522,22187.05,17.56
2024-01-15,2024-01-15 14:30:00,22188.82,22211.7,22187.59,22203.75,67543,22201.01,17.6
2024-01-15,2024-01-15 14:35:00,22203.75,22206.84,22172.34,22175.61,275916,22184.93,17.58
2024-01-15,2024-01-15 14:40:00,22175.61,22178.25,22160.0,22177.86,147277,22172.03,17.57
2024-01-15,2024-01-15 14:45:00,22177.86,22206.63,22176.46,22203.03,184890,22195.37,17.53
2024-01-15,2024-01-15 14:50:00,22203.03,22213.19,22199.17,22211.78,177946,22208.04,17.51
2024-01-15,2024-01-15 14:55:00,22211.78,22234.49,22189.18,22193.99,269681,22205.89,17.45
2024-01-15,2024-01-15 15:00:00,22193.99,22257.81,22188.57,22225.92,77282,22224.1,17.45
2024-01-15,2024-01-15 15:05:00,22225.92,22243.81,22206.3,22238.78,170233,22229.63,17.49
2024-01-15,2024-01-15 15:10:00,22238.78,22240.11,22190.78,22195.63,257421,22208.84,17.5
2024-01-15,2024-01-15 15:15:00,22195.63,22234.3,22194.96,22213.03,156499,22214.1,17.54
2024-01-15,2024-01-15 15:20:00,22213.03,22223.17,22197.78,22198.56,111245,22206.5,17.58
2024-01-15,2024-01-15 15:25:00,22198.56,22202.84,22191.84,22201.15,127828,22198.61,17.56
2024-01-15,2024-01-15 15:30:00,22201.15,22231.29,22200.09,22221.75,139082,22217.71,17.54
2024-01-16,2024-01-16 09:15:00,22221.75,22229.69,22210.03,22221.75,93171,22220.49,15.02
2024-01-16,2024-01-16 09:20:00,22221.75,22233.76,22205.35,22210.0,248092,22216.37,15.02
2024-01-16,2024-01-16 09:25:00,22210.0,22238.6,22208.33,22215.95,100930,22220.96,14.99
2024-01-16,2024-01-16 09:30:00,22215.95,22267.89,22204.66,22262.52,182466,22245.02,15.0
2024-01-16,2024-01-16 09:35:00,22262.52,22284.18,22260.99,22275.07,116068,22273.41,14.98
2024-01-16,2024-01-16 09:40:00,22275.07,22292.01,22269.93,22276.59,203080,22279.51,15.0
2024-01-16,2024-01-16 09:45:00,22276.59,22310.92,22269.36,22300.83,160561,22293.7,14.97
2024-01-16,2024-01-16 09:50:00,22300.83,22310.4,22289.1,22307.73,85999,22302.41,15.02
2024-01-16,2024-01-16 09:55:00,22307.73,22320.95,22298.78,22314.61,192582,22311.45,14.99
2024-01-16,2024-01-16 10:00:00,22314.61,22323.26,22294.55,22295.37,129163,22304.39,15.0
2024-01-16,2024-01-16 10:05:00,22295.37,22324.96,22281.21,22302.74,231528,22302.97,15.02
2024-01-16,2024-01-16 10:10:00,22302.74,22332.94,22269.31,22326.2,162841,22309.48,15.01
2024-01-16,2024-01-16 10:15:00,22326.2,22353.84,22309.39,22312.08,190645,22325.1,15.03
2024-01-16,2024-01-16 10:20:00,22312.08,22347.61,22303.92,22343.36,110965,22331.63,14.99
2024-01-16,2024-01-16 10:25:00,22343.36,22356.81,22339.85,22344.2,128574,22346.95,15.04
2024-01-16,2024-01-16 10:30:00,22344.2,22346.77,22302.91,22329.02,135475,22326.23,15.04
2024-01-16,2024-01-16 10:35:00,22329.02,22377.88,22324.32,22351.75,229275,22351.32,15.02
2024-01-16,2024-01-16 10:40:00,22351.75,22365.5,22318.92,22348.67,318364,22344.36,15.01
2024-01-16,2024-01-16 10:45:00,22348.67,22375.4,22330.3,22366.62,117939,22357.44,15.04
2024-01-16,2024-01-16 10:50:00,22366.62,22366.99,22348.86,22363.43,250381,22359.76,15.02
2024-01-16,2024-01-16 10:55:00,22363.43,22365.55,22346.59,22364.91,68331,22359.02,15.0
2024-01-16,2024-01-16 11:00:00,22364.91,22398.78,22352.22,22377.53,100944,22376.18,14.99
2024-01-16,2024-01-16 11:05:00,22377.53,22398.71,22365.44,22386.08,110911,22383.41,14.95
2024-01-16,2024-01-16 11:10:00,22386.08,22393.61,22333.37,22348.56,94749,22358.51,15.01
2024-01-16,2024-01-16 11:15:00,22348.56,22375.86,22323.99,22328.69,86384,22342.85,14.99
2024-01-16,2024-01-16 11:20:00,22328.69,22350.68,22317.38,22350.04,191990,22339.37,15.02
2024-01-16,2024-01-16 11:25:00,22350.04,22353.41,22348.67,22350.07,149398,22350.72,15.02
2024-01-16,2024-01-16 11:30:00,22350.07,22372.5,22335.74,22342.22,189427,22350.15,14.99
2024-01-16,2024-01-16 11:35:00,22342.22,22347.63,22293.73,22317.58,214526,22319.65,14.99
2024-01-16,2024-01-16 11:40:00,22317.58,22327.16,22268.73,22298.57,180999,22298.15,15.02
2024-01-16,2024-01-16 11:45:00,22298.57,22301.61,22257.64,22260.67,211738,22273.31,15.01
2024-01-16,2024-01-16 11:50:00,22260.67,22265.64,22253.17,22261.31,158290,22260.04,15.05
2024-01-16,2024-01-16 11:55:00,22261.31,22269.21,22244.61,22251.99,101235,22255.27,15.08
2024-01-16,2024-01-16 12:00:00,22251.99,22261.08,22216.9,22226.18,248481,22234.72,15.1
2024-01-16,2024-01-16 12:05:00,22226.18,22230.28,22208.72,22224.37,128586,22221.12,15.09
2024-01-16,2024-01-16 12:10:00,22224.37,22245.07,22220.73,22234.07,111944,22233.29,15.06
2024-01-16,2024-01-16 12:15:00,22234.07,22293.62,22229.53,22289.92,151574,22271.02,15.04
2024-01-16,2024-01-16 12:20:00,22289.92,22305.91,22242.81,22249.48,112969,22266.07,15.05
2024-01-16,2024-01-16 12:25:00,22249.48,22288.41,22231.37,22280.44,137726,22266.74,15.06
2024-01-16,2024-01-16 12:30:00,22280.44,22334.53,22277.45,22306.45,186767,22306.15,15.0
2024-01-16,2024-01-16 12:35:00,22306.45,22313.49,22278.22,22285.6,187088,22292.44,15.0
2024-01-16,2024-01-16 12:40:00,22285.6,22291.47,22276.5,22291.03,113648,22286.34,15.0
2024-01-16,2024-01-16 12:45:00,22291.03,22300.03,22252.9,22278.79,133909,22277.24,14.99
2024-01-16,2024-01-16 12:50:00,22278.79,22286.74,22268.62,22283.76,250129,22279.71,15.03
2024-01-16,2024-01-16 12:55:00,22283.76,22347.45,22272.01,22324.11,198503,22314.53,15.04
2024-01-16,2024-01-16 13:00:00,22324.11,22359.12,22322.77,22351.8,373258,22344.56,15.08
2024-01-16,2024-01-16 13:05:00,22351.8,22366.44,22343.11,22349.55,260941,22353.04,15.08
2024-01-16,2024-01-16 13:10:00,22349.55,22396.5,22329.48,22394.68,257227,22373.56,15.11
2024-01-16,2024-01-16 13:15:00,22394.68,22453.35,22388.03,22439.96,93419,22427.11,15.15
2024-01-16,2024-01-16 13:20:00,22439.96,22448.66,22374.96,22381.64,220917,22401.75,15.19
2024-01-16,2024-01-16 13:25:00,22381.64,22413.49,22354.17,22369.6,159333,22379.09,15.16
2024-01-16,2024-01-16 13:30:00,22369.6,22397.01,22334.87,22338.85,130562,22356.91,15.15
2024-01-16,2024-01-16 13:35:00,22338.85,22342.8,22308.18,22325.16,174068,22325.38,15.14
2024-01-16,2024-01-16 13:40:00,22325.16,22335.56,22269.78,22273.63,237538,22292.99,15.16
2024-01-16,2024-01-16 13:45:00,22273.63,22275.73,22231.38,22246.83,198855,22251.32,15.18
2024-01-16,2024-01-16 13:50:00,22246.83,22249.18,22182.74,22200.5,114532,22210.81,15.15
2024-01-16,2024-01-16 13:55:00,22200.5,22209.38,22158.0,22178.65,219034,22182.01,15.16
2024-01-16,2024-01-16 14:00:00,22178.65,22195.75,22169.84,22193.11,126116,22186.23,15.09
2024-01-16,2024-01-16 14:05:00,22193.11,22201.2,22171.14,22186.96,177490,22186.43,15.14
2024-01-16,2024-01-16 14:10:00,22186.96,22192.35,22150.28,22174.88,144157,22172.5,15.12
2024-01-16,2024-01-16 14:15:00,22174.88,22184.01,22162.87,22174.09,149112,22173.66,15.12
2024-01-16,2024-01-16 14:20:00,22174.09,22193.15,22118.16,22133.61,221128,22148.31,15.12
2024-01-16,2024-01-16 14:25:00,22133.61,22144.72,22125.9,22142.79,107357,22137.81,15.15
2024-01-16,2024-01-16 14:30:00,22142.79,22157.28,22127.42,22149.51,354363,22144.74,15.06
2024-01-16,2024-01-16 14:35:00,22149.51,22156.35,22127.38,22138.67,78555,22140.8,15.06
2024-01-16,2024-01-16 14:40:00,22138.67,22170.07,22133.12,22159.17,128146,22154.12,15.06
2024-01-16,2024-01-16 14:45:00,22159.17,22163.48,22130.98,22132.41,188732,22142.29,15.05
2024-01-16,2024-01-16 14:50:00,22132.41,22162.68,22127.27,22155.6,205607,22148.52,15.1
2024-01-16,2024-01-16 14:55:00,22155.6,22168.42,22151.31,22157.25,156343,22158.99,15.07
2024-01-16,2024-01-16 15:00:00,22157.25,22175.3,22130.96,22148.02,159061,22151.43,15.1
2024-01-16,2024-01-16 15:05:00,22148.02,22159.99,22128.6,22145.81,191802,22144.8,15.11
2024-01-16,2024-01-16 15:10:00,22145.81,22158.62,22134.43,22141.66,148385,22144.91,15.14
2024-01-16,2024-01-16 15:15:00,22141.66,22181.28,22130.43,22166.91,284154,22159.54,15.12
2024-01-16,2024-01-16 15:20:00,22166.91,22179.45,22134.44,22141.27,227689,22151.72,15.1
2024-01-16,2024-01-16 15:25:00,22141.27,22147.74,22116.5,22122.62,230759,22128.95,15.13
2024-01-16,2024-01-16 15:30:00,22122.62,22158.01,22112.57,22143.77,110584,22138.12,15.15
2024-01-17,2024-01-17 09:15:00,22143.77,22151.05,22115.97,22143.77,181223,22136.93,14.52
2024-01-17,2024-01-17 09:20:00,22143.77,22165.92,22123.77,22158.39,107085,22149.36,14.52
2024-01-17,2024-01-17 09:25:00,22158.39,22165.77,22147.6,22153.17,116825,22155.51,14.49
2024-01-17,2024-01-17 09:30:00,22153.17,22159.32,22143.02,22143.91,94272,22148.75,14.48
2024-01-17,2024-01-17 09:35:00,22143.91,22195.64,22124.59,22185.4,122490,22168.54,14.45
2024-01-17,2024-01-17 09:40:00,22185.4,22187.08,22149.42,22159.17,58138,22165.22,14.45
2024-01-17,2024-01-17 09:45:00,22159.17,22176.31,22155.05,22160.65,143941,22164.0,14.44
2024-01-17,2024-01-17 09:50:00,22160.65,22185.55,22122.35,22134.09,131439,22147.33,14.5
2024-01-17,2024-01-17 09:55:00,22134.09,22175.95,22127.18,22162.94,172881,22155.36,14.53
2024-01-17,2024-01-17 10:00:00,22162.94,22165.96,22137.78,22165.46,165684,22156.4,14.56
2024-01-17,2024-01-17 10:05:00,22165.46,22175.31,22160.33,22171.67,269098,22169.11,14.57
2024-01-17,2024-01-17 10:10:00,22171.67,22232.24,22170.98,22229.59,459421,22210.94,14.56
2024-01-17,2024-01-17 10:15:00,22229.59,22236.49,22218.56,22220.38,256533,22225.14,14.55
2024-01-17,2024-01-17 10:20:00,22220.38,22285.17,22191.72,22258.02,135775,22244.97,14.55
2024-01-17,2024-01-17 10:25:00,22258.02,22286.23,22228.38,22252.86,133605,22255.82,14.55
2024-01-17,2024-01-17 10:30:00,22252.86,22263.41,22240.83,22250.85,230375,22251.7,14.56
2024-01-17,2024-01-17 10:35:00,22250.85,22306.38,22223.57,22306.35,83005,22278.77,14.56
2024-01-17,2024-01-17 10:40:00,22306.35,22306.82,22304.47,22305.8,143475,22305.7,14.56
2024-01-17,2024-01-17 10:45:00,22305.8,22332.52,22275.85,22280.88,147966,22296.42,14.54
2024-01-17,2024-01-17 10:50:00,22280.88,22290.39,22269.38,22289.21,205592,22282.99,14.5
2024-01-17,2024-01-17 10:55:00,22289.21,22310.45,22277.57,22288.42,208052,22292.15,14.54
2024-01-17,2024-01-17 11:00:00,22288.42,22303.9,22267.26,22298.46,120834,22289.87,14.6
2024-01-17,2024-01-17 11:05:00,22298.46,22311.33,22295.01,22298.45,137895,22301.6,14.64
2024-01-17,2024-01-17 11:10:00,22298.45,22347.4,22289.59,22345.59,194471,22327.53,14.6
2024-01-17,2024-01-17 11:15:00,22345.59,22361.06,22333.12,22359.47,118235,22351.22,14.62
2024-01-17,2024-01-17 11:20:00,22359.47,22374.01,22339.76,22340.52,263668,22351.43,14.65
2024-01-17,2024-01-17 11:25:00,22340.52,22350.5,22336.01,22345.71,207662,22344.07,14.64
2024-01-17,2024-01-17 11:30:00,22345.71,22346.0,22323.26,22332.31,174312,22333.85,14.66
2024-01-17,2024-01-17 11:35:00,22332.31,22339.76,22314.53,22330.01,190303,22328.1,14.64
2024-01-17,2024-01-17 11:40:00,22330.01,22332.6,22295.79,22314.39,135028,22314.26,14.69
2024-01-17,2024-01-17 11:45:00,22314.39,22368.12,22310.37,22359.38,126688,22345.96,14.7
2024-01-17,2024-01-17 11:50:00,22359.38,22369.69,22343.39,22348.15,137325,22353.75,14.67
2024-01-17,2024-01-17 11:55:00,22348.15,22373.04,22342.59,22364.66,198786,22360.1,14.69
2024-01-17,2024-01-17 12:00:00,22364.66,22406.26,22351.4,22355.98,176381,22371.21,14.72
2024-01-17,2024-01-17 12:05:00,22355.98,22357.71,22313.29,22324.91,137436,22331.97,14.73
2024-01-17,2024-01-17 12:10:00,22324.91,22337.63,22312.32,22330.2,219659,22326.72,14.74
2024-01-17,2024-01-17 12:15:00,22330.2,22346.06,22314.69,22340.94,151815,22333.9,14.74
2024-01-17,2024-01-17 12:20:00,22340.94,22382.73,22340.55,22355.91,123336,22359.73,14.71
2024-01-17,2024-01-17 12:25:00,22355.91,22383.11,22267.8,22285.57,180184,22312.16,14.7
2024-01-17,2024-01-17 12:30:00,22285.57,22287.78,22243.46,22252.55,108530,22261.26,14.72
2024-01-17,2024-01-17 12:35:00,22252.55,22289.16,22249.89,22278.11,82876,22272.39,14.72
2024-01-17,2024-01-17 12:40:00,22278.11,22285.93,22230.62,22253.42,162422,22256.66,14.74
2024-01-17,2024-01-17 12:45:00,22253.42,22263.79,22248.98,22258.84,125120,22257.2,14.73
2024-01-17,2024-01-17 12:50:00,22258.84,22264.08,22211.82,22225.24,147022,22233.71,14.72
2024-01-17,2024-01-17 12:55:00,22225.24,22253.57,22208.14,22244.75,110559,22235.49,14.74
2024-01-17,2024-01-17 13:00:00,22244.75,22270.19,22239.7,22266.84,263965,22258.91,14.75
2024-01-17,2024-01-17 13:05:00,22266.84,22280.22,22264.9,22269.37,124916,22271.49,14.74
2024-01-17,2024-01-17 13:10:00,22269.37,22285.19,22230.24,22230.92,136926,22248.79,14.77
2024-01-17,2024-01-17 13:15:00,22230.92,22238.79,22200.06,22219.92,189312,22219.59,14.75
2024-01-17,2024-01-17 13:20:00,22219.92,22229.33,22209.12,22220.52,93840,22219.65,14.73
2024-01-17,2024-01-17 13:25:00,22220.52,22237.38,22203.66,22209.86,91106,22216.97,14.64
2024-01-17,2024-01-17 13:30:00,22209.86,22223.01,22198.73,22212.6,189544,22211.45,14.62
2024-01-17,2024-01-17 13:35:00,22212.6,22229.22,22193.28,22216.34,136219,22212.95,14.66
2024-01-17,2024-01-17 13:40:00,22216.34,22239.06,22213.03,22235.58,113482,22229.23,14.6
2024-01-17,2024-01-17 13:45:00,22235.58,22286.61,22214.22,22272.93,207181,22257.92,14.57
2024-01-17,2024-01-17 13:50:00,22272.93,22275.61,22241.55,22244.2,117621,22253.79,14.59
2024-01-17,2024-01-17 13:55:00,22244.2,22257.94,22224.95,22236.72,145829,22239.87,14.52
2024-01-17,2024-01-17 14:00:00,22236.72,22243.35,22204.18,22206.67,113726,22218.06,14.5
2024-01-17,2024-01-17 14:05:00,22206.67,22217.87,22169.35,22177.19,183757,22188.14,14.54
2024-01-17,2024-01-17 14:10:00,22177.19,22182.57,22166.82,22168.9,277293,22172.76,14.6
2024-01-17,2024-01-17 14:15:00,22168.9,22176.66,22150.23,22173.13,77310,22166.67,14.61
2024-01-17,2024-01-17 14:20:00,22173.13,22199.07,22162.32,22180.96,170256,22180.79,14.58
2024-01-17,2024-01-17 14:25:00,22180.96,22181.32,22164.09,22167.91,229265,22171.11,14.55
2024-01-17,2024-01-17 14:30:00,22167.91,22168.21,22151.47,22155.41,137504,22158.36,14.56
2024-01-17,2024-01-17 14:35:00,22155.41,22166.18,22150.18,22156.37,103526,22157.58,14.56
2024-01-17,2024-01-17 14:40:00,22156.37,22157.04,22120.83,22121.46,192602,22133.11,14.62
2024-01-17,2024-01-17 14:45:00,22121.46,22149.35,22104.49,22140.91,242962,22131.58,14.65
2024-01-17,2024-01-17 14:50:00,22140.91,22181.94,22109.85,22167.6,232398,22153.13,14.65
2024-01-17,2024-01-17 14:55:00,22167.6,22171.96,22148.82,22151.96,188407,22157.58,14.64
2024-01-17,2024-01-17 15:00:00,22151.96,22195.49,22139.89,22141.36,169255,22158.91,14.73
2024-01-17,2024-01-17 15:05:00,22141.36,22178.0,22133.17,22167.12,113595,22159.43,14.75
2024-01-17,2024-01-17 15:10:00,22167.12,22183.19,22154.15,22162.62,230060,22166.65,14.73
2024-01-17,2024-01-17 15:15:00,22162.62,22174.33,22161.86,22173.88,225028,22170.02,14.72
2024-01-17,2024-01-17 15:20:00,22173.88,22178.39,22161.05,22170.06,103236,22169.83,14.7
2024-01-17,2024-01-17 15:25:00,22170.06,22218.33,22164.53,22202.79,188300,22195.22,14.62
2024-01-17,2024-01-17 15:30:00,22202.79,22213.24,22199.11,22211.89,211320,22208.08,14.63
2024-01-18,2024-01-18 09:15:00,22211.89,22212.44,22204.99,22211.89,206919,22209.78,15.04
2024-01-18,2024-01-18 09:20:00,22211.89,22264.04,22204.84,22250.19,238750,22239.69,15.08
2024-01-18,2024-01-18 09:25:00,22250.19,22273.51,22238.59,22269.04,335388,22260.38,15.07
2024-01-18,2024-01-18 09:30:00,22269.04,22288.79,22254.57,22254.72,199279,22266.03,15.05
2024-01-18,2024-01-18 09:35:00,22254.72,22267.99,22247.07,22248.9,106679,22254.65,15.02
2024-01-18,2024-01-18 09:40:00,22248.9,22250.72,22203.55,22242.49,146858,22232.25,15.0
2024-01-18,2024-01-18 09:45:00,22242.49,22243.62,22206.76,22209.22,184081,22219.86,14.99
2024-01-18,2024-01-18 09:50:00,22209.22,22223.46,22190.22,22205.28,372238,22206.32,15.02
2024-01-18,2024-01-18 09:55:00,22205.28,22235.34,22201.64,22222.59,93048,22219.86,15.0
2024-01-18,2024-01-18 10:00:00,22222.59,22253.59,22172.14,22199.77,263295,22208.5,15.01
2024-01-18,2024-01-18 10:05:00,22199.77,22223.61,22198.55,22223.39,174899,22215.18,14.99
2024-01-18,2024-01-18 10:10:00,22223.39,22242.55,22223.17,22235.81,227551,22233.84,14.98
2024-01-18,2024-01-18 10:15:00,22235.81,22236.94,22213.19,22223.78,156248,22224.64,14.93
2024-01-18,2024-01-18 10:20:00,22223.78,22233.3,22210.64,22223.62,116195,22222.52,14.93
2024-01-18,2024-01-18 10:25:00,22223.62,22282.57,22216.91,22258.26,219772,22252.58,14.92
2024-01-18,2024-01-18 10:30:00,22258.26,22285.05,22256.24,22275.62,211456,22272.31,14.94
2024-01-18,2024-01-18 10:35:00,22275.62,22297.08,22265.38,22278.47,240102,22280.31,14.94
2024-01-18,2024-01-18 10:40:00,22278.47,22301.25,22261.3,22276.38,161890,22279.64,14.91
2024-01-18,2024-01-18 10:45:00,22276.38,22282.13,22272.24,22280.59,128036,22278.32,14.94
2024-01-18,2024-01-18 10:50:00,22280.59,22285.21,22255.98,22273.0,87245,22271.4,14.95
2024-01-18,2024-01-18 10:55:00,22273.0,22284.88,22227.95,22233.48,225877,22248.77,14.95
2024-01-18,2024-01-18 11:00:00,22233.48,22292.01,22220.2,22277.01,192828,22263.07,14.95
2024-01-18,2024-01-18 11:05:00,22277.01,22293.05,22269.67,22282.8,110601,22281.84,14.94
2024-01-18,2024-01-18 11:10:00,22282.8,22294.37,22258.72,22293.46,131212,22282.18,14.94
2024-01-18,2024-01-18 11:15:00,22293.46,22308.73,22276.05,22294.97,135035,22293.25,14.96
2024-01-18,2024-01-18 11:20:00,22294.97,22301.68,22258.12,22282.9,89931,22280.9,14.9
2024-01-18,2024-01-18 11:25:00,22282.9,22286.22,22280.17,22281.84,117351,22282.74,14.89
2024-01-18,2024-01-18 11:30:00,22281.84,22282.89,22252.23,22252.44,103411,22262.52,14.88
2024-01-18,2024-01-18 11:35:00,22252.44,22306.07,22249.52,22300.72,137999,22285.44,14.89
2024-01-18,2024-01-18 11:40:00,22300.72,22303.41,22272.65,22278.61,121118,22284.89,14.92
2024-01-18,2024-01-18 11:45:00,22278.61,22292.38,22257.92,22260.6,84897,22270.3,14.9
2024-01-18,2024-01-18 11:50:00,22260.6,22261.21,22249.54,22254.45,365505,22255.07,14.89
2024-01-18,2024-01-18 11:55:00,22254.45,22297.27,22240.55,22282.92,268610,22273.58,14.87
2024-01-18,2024-01-18 12:00:00,22282.92,22284.39,22256.78,22283.3,119180,22274.82,14.85
2024-01-18,2024-01-18 12:05:00,22283.3,22289.73,22245.32,22250.25,181492,22261.77,14.84
2024-01-18,2024-01-18 12:10:00,22250.25,22317.69,22247.4,22283.74,192333,22282.94,14.86
2024-01-18,2024-01-18 12:15:00,22283.74,22303.82,22271.47,22303.29,262087,22292.86,14.83
2024-01-18,2024-01-18 12:20:00,22303.29,22336.5,22280.12,22317.7,117307,22311.44,14.84
2024-01-18,2024-01-18 12:25:00,22317.7,22338.67,22309.19,22336.87,251913,22328.24,14.79
2024-01-18,2024-01-18 12:30:00,22336.87,22408.03,22336.31,22401.05,130723,22381.8,14.77
2024-01-18,2024-01-18 12:35:00,22401.05,22482.33,22393.57,22459.78,95382,22445.23,14.76
2024-01-18,2024-01-18 12:40:00,22459.78,22467.73,22433.32,22441.28,217434,22447.44,14.81
2024-01-18,2024-01-18 12:45:00,22441.28,22506.36,22416.41,22485.01,272747,22469.26,14.81
2024-01-18,2024-01-18 12:50:00,22485.01,22506.37,22479.22,22495.35,458246,22493.65,14.74
2024-01-18,2024-01-18 12:55:00,22495.35,22527.46,22481.45,22508.82,100721,22505.91,14.68
2024-01-18,2024-01-18 13:00:00,22508.82,22514.71,22439.09,22443.63,215252,22465.81,14.68
2024-01-18,2024-01-18 13:05:00,22443.63,22511.4,22432.23,22507.92,138147,22483.85,14.7
2024-01-18,2024-01-18 13:10:00,22507.92,22508.86,22477.72,22490.21,222647,22492.26,14.71
2024-01-18,2024-01-18 13:15:00,22490.21,22499.51,22398.41,22402.86,90382,22433.59,14.71
2024-01-18,2024-01-18 13:20:00,22402.86,22412.05,22391.75,22398.61,98212,22400.8,14.75
2024-01-18,2024-01-18 13:25:00,22398.61,22422.95,22396.6,22419.27,119330,22412.94,14.73
2024-01-18,2024-01-18 13:30:00,22419.27,22449.66,22408.9,22449.47,167977,22436.01,14.76
2024-01-18,2024-01-18 13:35:00,22449.47,22468.66,22417.39,22466.64,125940,22450.9,14.71
2024-01-18,2024-01-18 13:40:00,22466.64,22467.96,22441.16,22452.3,211847,22453.81,14.68
2024-01-18,2024-01-18 13:45:00,22452.3,22458.17,22426.89,22442.5,245427,22442.52,14.63
2024-01-18,2024-01-18 13:50:00,22442.5,22487.16,22435.69,22475.79,206866,22466.21,14.62
2024-01-18,2024-01-18 13:55:00,22475.79,22513.16,22461.95,22507.85,310989,22494.32,14.62
2024-01-18,2024-01-18 14:00:00,22507.85,22513.98,22505.65,22506.49,192207,22508.71,14.62
2024-01-18,2024-01-18 14:05:00,22506.49,22527.86,22500.13,22501.57,100031,22509.85,14.63
2024-01-18,2024-01-18 14:10:00,22501.57,22502.25,22475.68,22490.24,280786,22489.39,14.6
2024-01-18,2024-01-18 14:15:00,22490.24,22496.71,22479.21,22481.57,127763,22485.83,14.59
2024-01-18,2024-01-18 14:20:00,22481.57,22513.15,22476.19,22503.31,234255,22497.55,14.55
2024-01-18,2024-01-18 14:25:00,22503.31,22512.66,22489.1,22493.97,305435,22498.58,14.59
2024-01-18,2024-01-18 14:30:00,22493.97,22502.86,22455.2,22462.0,195374,22473.36,14.58
2024-01-18,2024-01-18 14:35:00,22462.0,22484.65,22458.08,22476.91,89459,22473.21,14.56
2024-01-18,2024-01-18 14:40:00,22476.91,22484.14,22463.67,22470.5,112725,22472.77,14.61
2024-01-18,2024-01-18 14:45:00,22470.5,22484.44,22462.48,22469.41,276260,22472.11,14.57
2024-01-18,2024-01-18 14:50:00,22469.41,22509.24,22453.25,22503.74,152108,22488.74,14.54
2024-01-18,2024-01-18 14:55:00,22503.74,22516.0,22477.38,22501.47,168018,22498.28,14.51
2024-01-18,2024-01-18 15:00:00,22501.47,22507.85,22501.29,22506.18,220472,22505.11,14.51
2024-01-18,2024-01-18 15:05:00,22506.18,22507.86,22474.81,22477.85,215029,22486.84,14.52
2024-01-18,2024-01-18 15:10:00,22477.85,22480.7,22458.59,22471.11,181955,22470.13,14.54
2024-01-18,2024-01-18 15:15:00,22471.11,22493.08,22431.53,22483.01,149721,22469.21,14.62
2024-01-18,2024-01-18 15:20:00,22483.01,22487.4,22431.79,22446.24,143620,22455.14,14.55
2024-01-18,2024-01-18 15:25:00,22446.24,22479.61,22440.47,22448.95,229385,22456.34,14.57
2024-01-18,2024-01-18 15:30:00,22448.95,22460.9,22443.35,22449.42,203094,22451.22,14.55
2024-01-19,2024-01-19 09:15:00,22449.42,22461.02,22449.31,22449.42,107012,22453.25,13.14
2024-01-19,2024-01-19 09:20:00,22449.42,22492.12,22449.04,22465.44,148447,22468.87,13.14
2024-01-19,2024-01-19 09:25:00,22465.44,22469.07,22444.84,22446.44,239915,22453.45,13.18
2024-01-19,2024-01-19 09:30:00,22446.44,22463.17,22440.51,22463.01,119298,22455.56,13.16
2024-01-19,2024-01-19 09:35:00,22463.01,22484.4,22450.26,22462.65,160649,22465.77,13.14
2024-01-19,2024-01-19 09:40:00,22462.65,22478.75,22453.92,22465.84,111906,22466.17,13.1
2024-01-19,2024-01-19 09:45:00,22465.84,22473.7,22428.73,22450.66,101362,22451.03,13.11
2024-01-19,2024-01-19 09:50:00,22450.66,22455.9,22427.28,22445.27,157323,22442.82,13.14
2024-01-19,2024-01-19 09:55:00,22445.27,22456.4,22398.42,22427.15,174472,22427.32,13.2
2024-01-19,2024-01-19 10:00:00,22427.15,22428.31,22401.22,22408.08,361329,22412.54,13.21
2024-01-19,2024-01-19 10:05:00,22408.08,22426.27,22398.27,22418.38,135647,22414.31,13.21
2024-01-19,2024-01-19 10:10:00,22418.38,22425.53,22391.06,22413.9,159521,22410.17,13.2
2024-01-19,2024-01-19 10:15:00,22413.9,22419.09,22359.28,22390.37,98712,22389.58,13.19
2024-01-19,2024-01-19 10:20:00,22390.37,22442.49,22375.24,22436.93,207917,22418.22,13.2
2024-01-19,2024-01-19 10:25:00,22436.93,22440.88,22408.19,22416.91,190849,22421.99,13.2
2024-01-19,2024-01-19 10:30:00,22416.91,22476.9,22394.85,22441.64,295185,22437.8,13.19
2024-01-19,2024-01-19 10:35:00,22441.64,22459.01,22398.62,22414.51,253888,22424.05,13.19
2024-01-19,2024-01-19 10:40:00,22414.51,22434.75,22394.99,22426.41,187317,22418.72,13.17
2024-01-19,2024-01-19 10:45:00,22426.41,22455.08,22414.09,22424.04,134857,22431.07,13.17
2024-01-19,2024-01-19 10:50:00,22424.04,22439.97,22399.85,22414.04,176639,22417.95,13.11
2024-01-19,2024-01-19 10:55:00,22414.04,22434.63,22413.55,22420.7,155685,22422.96,13.13
2024-01-19,2024-01-19 11:00:00,22420.7,22425.2,22410.33,22424.64,238317,22420.06,13.2
2024-01-19,2024-01-19 11:05:00,22424.64,22432.69,22410.28,22410.94,226498,22417.97,13.18
2024-01-19,2024-01-19 11:10:00,22410.94,22418.05,22371.61,22396.33,144557,22395.33,13.19
2024-01-19,2024-01-19 11:15:00,22396.33,22397.9,22325.41,22367.29,90690,22363.53,13.22
2024-01-19,2024-01-19 11:20:00,22367.29,22394.57,22364.47,22376.12,277438,22378.39,13.25
2024-01-19,2024-01-19 11:25:00,22376.12,22389.11,22350.02,22353.56,205407,22364.23,13.25
2024-01-19,2024-01-19 11:30:00,22353.56,22375.2,22348.22,22356.32,143229,22359.91,13.19
2024-01-19,2024-01-19 11:35:00,22356.32,22387.15,22352.94,22370.92,202227,22370.34,13.2
2024-01-19,2024-01-19 11:40:00,22370.92,22396.75,22343.84,22377.8,167702,22372.79,13.2
2024-01-19,2024-01-19 11:45:00,22377.8,22379.63,22362.83,22365.92,275804,22369.46,13.19
2024-01-19,2024-01-19 11:50:00,22365.92,22395.31,22359.92,22386.9,75213,22380.71,13.19
2024-01-19,2024-01-19 11:55:00,22386.9,22388.84,22376.83,22381.36,138846,22382.35,13.19
2024-01-19,2024-01-19 12:00:00,22381.36,22397.59,22339.78,22345.53,308544,22360.97,13.21
2024-01-19,2024-01-19 12:05:00,22345.53,22375.64,22336.68,22337.92,203878,22350.08,13.22
2024-01-19,2024-01-19 12:10:00,22337.92,22374.86,22321.61,22353.65,330725,22350.04,13.21
2024-01-19,2024-01-19 12:15:00,22353.65,22359.11,22335.45,22335.56,99835,22343.37,13.22
2024-01-19,2024-01-19 12:20:00,22335.56,22365.97,22329.16,22359.1,249915,22351.41,13.21
2024-01-19,2024-01-19 12:25:00,22359.1,22367.4,22323.38,22338.43,243991,22343.07,13.23
2024-01-19,2024-01-19 12:30:00,22338.43,22348.29,22294.97,22321.43,83059,22321.56,13.21
2024-01-19,2024-01-19 12:35:00,22321.43,22322.26,22278.91,22293.41,144610,22298.19,13.21
2024-01-19,2024-01-19 12:40:00,22293.41,22315.66,22293.32,22311.7,155965,22306.89,13.17
2024-01-19,2024-01-19 12:45:00,22311.7,22315.57,22299.53,22310.28,85150,22308.46,13.15
2024-01-19,2024-01-19 12:50:00,22310.28,22318.71,22280.07,22284.04,145824,22294.28,13.17
2024-01-19,2024-01-19 12:55:00,22284.04,22307.55,22256.42,22273.45,230792,22279.14,13.14
2024-01-19,2024-01-19 13:00:00,22273.45,22298.82,22262.22,22282.52,139194,22281.19,13.13
2024-01-19,2024-01-19 13:05:00,22282.52,22366.08,22255.3,22364.68,179306,22328.69,13.06
2024-01-19,2024-01-19 13:10:00,22364.68,22398.81,22353.41,22388.24,179826,22380.15,13.02
2024-01-19,2024-01-19 13:15:00,22388.24,22421.9,22371.89,22411.35,161966,22401.72,12.98
2024-01-19,2024-01-19 13:20:00,22411.35,22444.46,22406.22,22420.26,122752,22423.65,12.99
2024-01-19,2024-01-19 13:25:00,22420.26,22485.33,22400.0,22473.75,211827,22453.03,13.0
2024-01-19,2024-01-19 13:30:00,22473.75,22507.6,22444.24,22504.19,86265,22485.34,13.0
2024-01-19,2024-01-19 13:35:00,22504.19,22533.69,22501.04,22524.61,163314,22519.78,12.98
2024-01-19,2024-01-19 13:40:00,22524.61,22558.03,22504.06,22552.34,283280,22538.15,12.97
2024-01-19,2024-01-19 13:45:00,22552.34,22588.1,22539.52,22586.6,136087,22571.4,12.99
2024-01-19,2024-01-19 13:50:00,22586.6,22623.85,22583.56,22617.86,121670,22608.42,13.0
2024-01-19,2024-01-19 13:55:00,22617.86,22623.53,22581.64,22588.44,217554,22597.87,12.99
2024-01-19,2024-01-19 14:00:00,22588.44,22597.73,22523.21,22527.8,173749,22549.58,13.03
2024-01-19,2024-01-19 14:05:00,22527.8,22544.35,22502.22,22514.16,219296,22520.24,13.09
2024-01-19,2024-01-19 14:10:00,22514.16,22522.46,22480.99,22496.66,165280,22500.04,13.05
2024-01-19,2024-01-19 14:15:00,22496.66,22527.09,22469.08,22473.39,62610,22489.86,13.07
2024-01-19,2024-01-19 14:20:00,22473.39,22482.4,22442.81,22462.27,260919,22462.49,13.16
2024-01-19,2024-01-19 14:25:00,22462.27,22472.8,22425.92,22435.17,372506,22444.63,13.17
2024-01-19,2024-01-19 14:30:00,22435.17,22446.57,22428.63,22438.2,272016,22437.8,13.17
2024-01-19,2024-01-19 14:35:00,22438.2,22465.23,22433.83,22453.61,39515,22450.89,13.17
2024-01-19,2024-01-19 14:40:00,22453.61,22467.35,22431.79,22467.09,194937,22455.41,13.18
2024-01-19,2024-01-19 14:45:00,22467.09,22485.82,22453.86,22462.19,135036,22467.29,13.21
2024-01-19,2024-01-19 14:50:00,22462.19,22510.48,22459.92,22505.31,105482,22491.9,13.17
2024-01-19,2024-01-19 14:55:00,22505.31,22536.48,22494.93,22529.16,170944,22520.19,13.17
2024-01-19,2024-01-19 15:00:00,22529.16,22532.13,22524.03,22525.07,153341,22527.08,13.1
2024-01-19,2024-01-19 15:05:00,22525.07,22533.78,22493.7,22512.4,199478,22513.3,13.09
2024-01-19,2024-01-19 15:10:00,22512.4,22545.21,22509.92,22540.73,166480,22531.95,13.07
2024-01-19,2024-01-19 15:15:00,22540.73,22583.54,22535.12,22561.63,103951,22560.1,13.08
2024-01-19,2024-01-19 15:20:00,22561.63,22567.88,22516.42,22528.01,129231,22537.44,13.03
2024-01-19,2024-01-19 15:25:00,22528.01,22568.27,22525.96,22550.67,121153,22548.3,13.01
2024-01-19,2024-01-19 15:30:00,22550.67,22558.48,22544.1,22545.38,81912,22549.32,13.04
2024-01-22,2024-01-22 09:15:00,22545.38,22571.15,22528.37,22545.38,193682,22548.3,12.19
2024-01-22,2024-01-22 09:20:00,22545.38,22564.92,22528.87,22534.36,139024,22542.72,12.18
2024-01-22,2024-01-22 09:25:00,22534.36,22554.27,22531.19,22537.66,201815,22541.04,12.16
2024-01-22,2024-01-22 09:30:00,22537.66,22558.85,22525.58,22550.85,183975,22545.09,12.19
2024-01-22,2024-01-22 09:35:00,22550.85,22555.7,22522.85,22533.64,109171,22537.4,12.22
2024-01-22,2024-01-22 09:40:00,22533.64,22549.82,22482.55,22507.85,200289,22513.41,12.2
2024-01-22,2024-01-22 09:45:00,22507.85,22532.9,22499.13,22512.72,229902,22514.92,12.22
2024-01-22,2024-01-22 09:50:00,22512.72,22541.41,22494.12,22508.97,174309,22514.83,12.18
2024-01-22,2024-01-22 09:55:00,22508.97,22534.1,22492.05,22524.36,258088,22516.84,12.18
2024-01-22,2024-01-22 10:00:00,22524.36,22532.81,22522.18,22525.44,100011,22526.81,12.19
2024-01-22,2024-01-22 10:05:00,22525.44,22571.88,22516.73,22532.3,196256,22540.3,12.25
2024-01-22,2024-01-22 10:10:00,22532.3,22545.74,22500.98,22502.08,101914,22516.27,12.22
2024-01-22,2024-01-22 10:15:00,22502.08,22555.49,22478.42,22543.03,104231,22525.65,12.18
2024-01-22,2024-01-22 10:20:00,22543.03,22550.68,22530.76,22542.4,126453,22541.28,12.16
2024-01-22,2024-01-22 10:25:00,22542.4,22562.55,22533.31,22559.26,111655,22551.71,12.12
2024-01-22,2024-01-22 10:30:00,22559.26,22565.62,22542.74,22544.99,130718,22551.12,12.16
2024-01-22,2024-01-22 10:35:00,22544.99,22562.23,22529.02,22553.95,149393,22548.4,12.2
2024-01-22,2024-01-22 10:40:00,22553.95,22567.19,22524.76,22530.21,227490,22540.72,12.21
2024-01-22,2024-01-22 10:45:00,22530.21,22560.76,22517.14,22542.08,143133,22539.99,12.25
2024-01-22,2024-01-22 10:50:00,22542.08,22566.4,22526.8,22537.56,86314,22543.58,12.25
2024-01-22,2024-01-22 10:55:00,22537.56,22570.93,22536.17,22540.86,256793,22549.32,12.25
2024-01-22,2024-01-22 11:00:00,22540.86,22564.73,22509.56,22557.72,116443,22544.0,12.24
2024-01-22,2024-01-22 11:05:00,22557.72,22561.79,22512.78,22535.41,158976,22536.66,12.23
2024-01-22,2024-01-22 11:10:00,22535.41,22543.94,22518.26,22524.23,194583,22528.81,12.19
2024-01-22,2024-01-22 11:15:00,22524.23,22553.01,22507.64,22536.2,176282,22532.29,12.19
2024-01-22,2024-01-22 11:20:00,22536.2,22598.1,22514.83,22581.46,252122,22564.8,12.19
2024-01-22,2024-01-22 11:25:00,22581.46,22586.0,22564.5,22581.37,197126,22577.29,12.21
2024-01-22,2024-01-22 11:30:00,22581.37,22620.41,22551.13,22596.09,115321,22589.21,12.22
2024-01-22,2024-01-22 11:35:00,22596.09,22604.31,22578.18,22596.63,389035,22593.04,12.21
2024-01-22,2024-01-22 11:40:00,22596.63,22646.98,22586.17,22638.84,175910,22624.0,12.19
2024-01-22,2024-01-22 11:45:00,22638.84,22647.76,22605.94,22605.95,153439,22619.88,12.19
2024-01-22,2024-01-22 11:50:00,22605.95,22620.06,22585.01,22610.59,239323,22605.22,12.21
2024-01-22,2024-01-22 11:55:00,22610.59,22619.46,22573.55,22580.23,179832,22591.08,12.18
2024-01-22,2024-01-22 12:00:00,22580.23,22585.46,22501.05,22512.31,190935,22532.94,12.18
2024-01-22,2024-01-22 12:05:00,22512.31,22528.93,22504.19,22520.34,441032,22517.82,12.19
2024-01-22,2024-01-22 12:10:00,22520.34,22526.93,22504.59,22524.11,145794,22518.54,12.16
2024-01-22,2024-01-22 12:15:00,22524.11,22528.98,22493.9,22516.41,143328,22513.1,12.15
2024-01-22,2024-01-22 12:20:00,22516.41,22528.72,22493.35,22513.54,170524,22511.87,12.15
2024-01-22,2024-01-22 12:25:00,22513.54,22614.48,22511.7,22597.25,249847,22574.48,12.12
2024-01-22,2024-01-22 12:30:00,22597.25,22610.54,22589.9,22590.25,89088,22596.9,12.13
2024-01-22,2024-01-22 12:35:00,22590.25,22626.02,22580.54,22604.08,74144,22603.54,12.1
2024-01-22,2024-01-22 12:40:00,22604.08,22609.24,22575.49,22586.46,128688,22590.4,12.14
2024-01-22,2024-01-22 12:45:00,22586.46,22605.55,22579.27,22594.46,84662,22593.09,12.21
2024-01-22,2024-01-22 12:50:00,22594.46,22598.82,22576.37,22588.0,137319,22587.73,12.18
2024-01-22,2024-01-22 12:55:00,22588.0,22620.58,22575.21,22576.88,198988,22590.89,12.2
2024-01-22,2024-01-22 13:00:00,22576.88,22673.11,22568.71,22654.18,113971,22632.0,12.17
2024-01-22,2024-01-22 13:05:00,22654.18,22663.32,22641.97,22648.02,91974,22651.1,12.21
2024-01-22,2024-01-22 13:10:00,22648.02,22720.44,22620.11,22700.0,167331,22680.18,12.17
2024-01-22,2024-01-22 13:15:00,22700.0,22827.28,22688.93,22807.04,229812,22774.42,12.18
2024-01-22,2024-01-22 13:20:00,22807.04,22829.93,22765.36,22794.15,82620,22796.48,12.16
2024-01-22,2024-01-22 13:25:00,22794.15,22819.65,22793.68,22809.56,225955,22807.63,12.15
2024-01-22,2024-01-22 13:30:00,22809.56,22852.03,22790.74,22840.59,225691,22827.78,12.12
2024-01-22,2024-01-22 13:35:00,22840.59,22884.09,22821.84,22853.02,238383,22852.99,12.14
2024-01-22,2024-01-22 13:40:00,22853.02,22857.83,22813.24,22814.96,264975,22828.68,12.12
2024-01-22,2024-01-22 13:45:00,22814.96,22818.08,22802.08,22813.73,392701,22811.3,12.13
2024-01-22,2024-01-22 13:50:00,22813.73,22823.52,22766.71,22783.44,141147,22791.23,12.12
2024-01-22,2024-01-22 13:55:00,22783.44,22802.57,22742.0,22746.61,170046,22763.73,12.12
2024-01-22,2024-01-22 14:00:00,22746.61,22769.55,22738.53,22748.8,137781,22752.29,12.13
2024-01-22,2024-01-22 14:05:00,22748.8,22754.95,22705.25,22718.55,162883,22726.25,12.1
2024-01-22,2024-01-22 14:10:00,22718.55,22732.27,22710.69,22710.7,300483,22717.89,12.11
2024-01-22,2024-01-22 14:15:00,22710.7,22732.11,22700.31,22709.65,95034,22714.02,12.15
2024-01-22,2024-01-22 14:20:00,22709.65,22728.67,22680.31,22713.93,115333,22707.64,12.13
2024-01-22,2024-01-22 14:25:00,22713.93,22714.45,22680.71,22686.8,282341,22693.98,12.17
2024-01-22,2024-01-22 14:30:00,22686.8,22727.01,22678.1,22712.13,244755,22705.75,12.21
2024-01-22,2024-01-22 14:35:00,22712.13,22713.09,22674.25,22696.76,140750,22694.7,12.19
2024-01-22,2024-01-22 14:40:00,22696.76,22731.11,22648.47,22656.94,229064,22678.84,12.14
2024-01-22,2024-01-22 14:45:00,22656.94,22659.01,22649.4,22652.66,186555,22653.69,12.15
2024-01-22,2024-01-22 14:50:00,22652.66,22667.07,22645.01,22651.62,296591,22654.57,12.14
2024-01-22,2024-01-22 14:55:00,22651.62,22665.6,22638.05,22653.45,167678,22652.37,12.19
2024-01-22,2024-01-22 15:00:00,22653.45,22687.77,22631.39,22682.49,245303,22667.22,12.19
2024-01-22,2024-01-22 15:05:00,22682.49,22684.89,22648.22,22675.32,468272,22669.48,12.17
2024-01-22,2024-01-22 15:10:00,22675.32,22714.76,22665.45,22670.79,206744,22683.67,12.13
2024-01-22,2024-01-22 15:15:00,22670.79,22693.52,22622.36,22643.97,165998,22653.28,12.17
2024-01-22,2024-01-22 15:20:00,22643.97,22672.99,22636.23,22660.74,217287,22656.65,12.15
2024-01-22,2024-01-22 15:25:00,22660.74,22669.98,22649.9,22663.1,140630,22660.99,12.15
2024-01-22,2024-01-22 15:30:00,22663.1,22664.28,22651.21,22651.77,423025,22655.75,12.18
2024-01-23,2024-01-23 09:15:00,22651.77,22690.97,22639.45,22651.77,124114,22660.73,14.7
2024-01-23,2024-01-23 09:20:00,22651.77,22658.11,22601.07,22610.88,190668,22623.35,14.69
2024-01-23,2024-01-23 09:25:00,22610.88,22621.59,22605.88,22610.62,172208,22612.7,14.65
2024-01-23,2024-01-23 09:30:00,22610.62,22663.44,22598.81,22640.35,376808,22634.2,14.68
2024-01-23,2024-01-23 09:35:00,22640.35,22688.99,22631.11,22688.08,93511,22669.4,14.65
2024-01-23,2024-01-23 09:40:00,22688.08,22690.71,22671.4,22683.39,164671,22681.83,14.67
2024-01-23,2024-01-23 09:45:00,22683.39,22696.52,22655.55,22656.86,193404,22669.64,14.62
2024-01-23,2024-01-23 09:50:00,22656.86,22695.76,22652.69,22685.89,146889,22678.11,14.64
2024-01-23,2024-01-23 09:55:00,22685.89,22718.21,22678.4,22706.28,95336,22700.96,14.63
2024-01-23,2024-01-23 10:00:00,22706.28,22712.5,22690.62,22699.01,269100,22700.71,14.68
2024-01-23,2024-01-23 10:05:00,22699.01,22716.5,22685.27,22689.16,186236,22696.98,14.64
2024-01-23,2024-01-23 10:10:00,22689.16,22703.37,22675.51,22677.23,98050,22685.37,14.63
2024-01-23,2024-01-23 10:15:00,22677.23,22677.52,22662.33,22672.92,193971,22670.92,14.61
2024-01-23,2024-01-23 10:20:00,22672.92,22695.97,22655.21,22682.09,321459,22677.76,14.61
2024-01-23,2024-01-23 10:25:00,22682.09,22714.32,22663.85,22673.26,160407,22683.81,14.6
2024-01-23,2024-01-23 10:30:00,22673.26,22684.03,22655.29,22667.01,162610,22668.78,14.59
2024-01-23,2024-01-23 10:35:00,22667.01,22698.03,22652.32,22682.81,304736,22677.72,14.58
2024-01-23,2024-01-23 10:40:00,22682.81,22706.86,22627.08,22655.27,110397,22663.07,14.52
2024-01-23,2024-01-23 10:45:00,22655.27,22669.73,22639.64,22650.32,324818,22653.23,14.55
2024-01-23,2024-01-23 10:50:00,22650.32,22661.91,22609.5,22618.87,240184,22630.1,14.63
2024-01-23,2024-01-23 10:55:00,22618.87,22631.43,22604.12,22623.8,112455,22619.78,14.64
2024-01-23,2024-01-23 11:00:00,22623.8,22632.74,22584.96,22587.02,124578,22601.57,14.61
2024-01-23,2024-01-23 11:05:00,22587.02,22613.88,22566.07,22607.82,131936,22595.93,14.58
2024-01-23,2024-01-23 11:10:00,22607.82,22612.86,22572.71,22583.79,78164,22589.79,14.6
2024-01-23,2024-01-23 11:15:00,22583.79,22590.5,22520.65,22550.47,180626,22553.87,14.61
2024-01-23,2024-01-23 11:20:00,22550.47,22555.79,22545.73,22545.8,114510,22549.1,14.6
2024-01-23,2024-01-23 11:25:00,22545.8,22588.7,22532.6,22583.22,183252,22568.17,14.62
2024-01-23,2024-01-23 11:30:00,22583.22,22607.24,22577.76,22600.39,97112,22595.13,14.56
2024-01-23,2024-01-23 11:35:00,22600.39,22619.46,22557.81,22564.0,235438,22580.42,14.58
2024-01-23,2024-01-23 11:40:00,22564.0,22580.59,22520.14,22539.43,218611,22546.72,14.59
2024-01-23,2024-01-23 11:45:00,22539.43,22550.79,22527.72,22534.11,122718,22537.54,14.56
2024-01-23,2024-01-23 11:50:00,22534.11,22582.58,22517.94,22582.21,187936,22560.91,14.52
2024-01-23,2024-01-23 11:55:00,22582.21,22596.52,22561.17,22565.84,168243,22574.51,14.52
2024-01-23,2024-01-23 12:00:00,22565.84,22590.25,22538.75,22540.63,294466,22556.55,14.56
2024-01-23,2024-01-23 12:05:00,22540.63,22596.76,22519.7,22581.94,107689,22566.13,14.55
2024-01-23,2024-01-23 12:10:00,22581.94,22617.43,22574.66,22587.23,153135,22593.11,14.53
2024-01-23,2024-01-23 12:15:00,22587.23,22621.23,22572.01,22615.77,125960,22603.0,14.54
2024-01-23,2024-01-23 12:20:00,22615.77,22626.07,22578.65,22596.03,165698,22600.25,14.59
2024-01-23,2024-01-23 12:25:00,22596.03,22599.65,22583.56,22593.28,201452,22592.16,14.6
2024-01-23,2024-01-23 12:30:00,22593.28,22634.21,22590.87,22628.95,125401,22618.01,14.62
2024-01-23,2024-01-23 12:35:00,22628.95,22643.85,22621.81,22625.02,140696,22630.23,14.66
2024-01-23,2024-01-23 12:40:00,22625.02,22660.18,22621.22,22655.51,239525,22645.63,14.67
2024-01-23,2024-01-23 12:45:00,22655.51,22679.48,22648.83,22666.03,280107,22664.78,14.65
2024-01-23,2024-01-23 12:50:00,22666.03,22669.65,22632.3,22637.76,198274,22646.57,14.59
2024-01-23,2024-01-23 12:55:00,22637.76,22639.67,22624.69,22637.31,154016,22633.89,14.57
2024-01-23,2024-01-23 13:00:00,22637.31,22655.83,22631.45,22653.78,148265,22647.02,14.53
2024-01-23,2024-01-23 13:05:00,22653.78,22662.48,22591.61,22616.14,202653,22623.41,14.55
2024-01-23,2024-01-23 13:10:00,22616.14,22643.75,22610.55,22614.61,178279,22622.97,14.58
2024-01-23,2024-01-23 13:15:00,22614.61,22667.24,22606.79,22662.37,84154,22645.47,14.58
2024-01-23,2024-01-23 13:20:00,22662.37,22666.16,22574.53,22587.72,204629,22609.47,14.54
2024-01-23,2024-01-23 13:25:00,22587.72,22654.65,22579.27,22651.06,115355,22628.33,14.6
2024-01-23,2024-01-23 13:30:00,22651.06,22661.58,22615.93,22638.4,92339,22638.64,14.59
2024-01-23,2024-01-23 13:35:00,22638.4,22679.27,22624.35,22674.02,83505,22659.21,14.6
2024-01-23,2024-01-23 13:40:00,22674.02,22711.62,22672.45,22679.07,149276,22687.71,14.6
2024-01-23,2024-01-23 13:45:00,22679.07,22689.51,22643.39,22664.93,108379,22665.95,14.61
2024-01-23,2024-01-23 13:50:00,22664.93,22665.99,22593.0,22621.38,64180,22626.79,14.63
2024-01-23,2024-01-23 13:55:00,22621.38,22627.57,22595.09,22606.24,141014,22609.63,14.61
2024-01-23,2024-01-23 14:00:00,22606.24,22620.34,22575.69,22575.87,133755,22590.63,14.65
2024-01-23,2024-01-23 14:05:00,22575.87,22581.57,22538.48,22543.12,153282,22554.39,14.6
2024-01-23,2024-01-23 14:10:00,22543.12,22543.8,22535.01,22543.3,126556,22540.7,14.57
2024-01-23,2024-01-23 14:15:00,22543.3,22575.79,22516.74,22563.46,338314,22551.99,14.61
2024-01-23,2024-01-23 14:20:00,22563.46,22619.01,22540.0,22608.02,200172,22589.01,14.62
2024-01-23,2024-01-23 14:25:00,22608.02,22631.6,22582.23,22619.38,133272,22611.07,14.7
2024-01-23,2024-01-23 14:30:00,22619.38,22665.78,22598.02,22653.3,158664,22639.03,14.7
2024-01-23,2024-01-23 14:35:00,22653.3,22662.01,22616.22,22624.03,286604,22634.09,14.75
2024-01-23,2024-01-23 14:40:00,22624.03,22680.13,22611.71,22671.08,238625,22654.31,14.7
2024-01-23,2024-01-23 14:45:00,22671.08,22684.97,22620.19,22627.07,93107,22644.08,14.66
2024-01-23,2024-01-23 14:50:00,22627.07,22631.39,22605.39,22613.86,110225,22616.88,14.68
2024-01-23,2024-01-23 14:55:00,22613.86,22644.49,22594.52,22624.73,119045,22621.25,14.63
2024-01-23,2024-01-23 15:00:00,22624.73,22633.82,22562.1,22586.6,136505,22594.17,14.62
2024-01-23,2024-01-23 15:05:00,22586.6,22595.61,22547.84,22563.85,128262,22569.1,14.66
2024-01-23,2024-01-23 15:10:00,22563.85,22583.22,22510.78,22537.55,164983,22543.85,14.67
2024-01-23,2024-01-23 15:15:00,22537.55,22540.64,22526.75,22528.75,218444,22532.05,14.67
2024-01-23,2024-01-23 15:20:00,22528.75,22565.09,22523.78,22558.98,233529,22549.28,14.66
2024-01-23,2024-01-23 15:25:00,22558.98,22572.35,22551.32,22557.55,142811,22560.41,14.67
2024-01-23,2024-01-23 15:30:00,22557.55,22567.75,22541.05,22545.3,84636,22551.37,14.68
2024-01-24,2024-01-24 09:15:00,22545.3,22555.68,22538.9,22545.3,382404,22546.63,17.1
2024-01-24,2024-01-24 09:20:00,22545.3,22545.32,22525.09,22534.6,182191,22535.0,17.08
2024-01-24,2024-01-24 09:25:00,22534.6,22583.3,22531.38,22568.54,314968,22561.07,17.15
2024-01-24,2024-01-24 09:30:00,22568.54,22628.82,22562.23,22596.75,126540,22595.93,17.17
2024-01-24,2024-01-24 09:35:00,22596.75,22616.26,22578.46,22585.52,160681,22593.41,17.17
2024-01-24,2024-01-24 09:40:00,22585.52,22607.96,22570.89,22604.9,164952,22594.58,17.18
2024-01-24,2024-01-24 09:45:00,22604.9,22637.16,22574.75,22588.27,67034,22600.06,17.26
2024-01-24,2024-01-24 09:50:00,22588.27,22607.74,22572.99,22605.12,102000,22595.28,17.23
2024-01-24,2024-01-24 09:55:00,22605.12,22610.08,22582.01,22597.33,104951,22596.47,17.2
2024-01-24,2024-01-24 10:00:00,22597.33,22597.86,22568.07,22579.23,226121,22581.72,17.17
2024-01-24,2024-01-24 10:05:00,22579.23,22596.5,22563.09,22587.63,230697,22582.41,17.17
2024-01-24,2024-01-24 10:10:00,22587.63,22615.41,22533.98,22535.97,185278,22561.79,17.12
2024-01-24,2024-01-24 10:15:00,22535.97,22541.02,22473.19,22503.16,226305,22505.79,17.12
2024-01-24,2024-01-24 10:20:00,22503.16,22522.81,22483.37,22502.26,152411,22502.81,17.17
2024-01-24,2024-01-24 10:25:00,22502.26,22514.62,22498.9,22506.63,263227,22506.72,17.18
2024-01-24,2024-01-24 10:30:00,22506.63,22512.58,22486.15,22501.85,163327,22500.19,17.17
2024-01-24,2024-01-24 10:35:00,22501.85,22523.03,22466.99,22472.57,166565,22487.53,17.15
2024-01-24,2024-01-24 10:40:00,22472.57,22478.73,22458.29,22458.72,146350,22465.25,17.18
2024-01-24,2024-01-24 10:45:00,22458.72,22474.63,22439.02,22469.33,214010,22460.99,17.15
2024-01-24,2024-01-24 10:50:00,22469.33,22494.07,22465.41,22483.79,137519,22481.09,17.21
2024-01-24,2024-01-24 10:55:00,22483.79,22496.42,22469.32,22486.16,240523,22483.96,17.27
2024-01-24,2024-01-24 11:00:00,22486.16,22517.58,22466.88,22512.27,103480,22498.91,17.27
2024-01-24,2024-01-24 11:05:00,22512.27,22528.19,22492.89,22523.02,104865,22514.7,17.27
2024-01-24,2024-01-24 11:10:00,22523.02,22540.75,22506.72,22510.57,214265,22519.35,17.3
2024-01-24,2024-01-24 11:15:00,22510.57,22515.93,22481.08,22507.59,157091,22501.53,17.34
2024-01-24,2024-01-24 11:20:00,22507.59,22508.15,22475.66,22481.87,135732,22488.56,17.31
2024-01-24,2024-01-24 11:25:00,22481.87,22497.21,22467.73,22482.38,232355,22482.44,17.3
2024-01-24,2024-01-24 11:30:00,22482.38,22531.85,22481.29,22507.58,127656,22506.91,17.26
2024-01-24,2024-01-24 11:35:00,22507.58,22535.7,22484.02,22524.17,150229,22514.63,17.27
2024-01-24,2024-01-24 11:40:00,22524.17,22564.35,22512.54,22555.29,284842,22544.06,17.29
2024-01-24,2024-01-24 11:45:00,22555.29,22568.53,22544.16,22551.85,301238,22554.84,17.25
2024-01-24,2024-01-24 11:50:00,22551.85,22606.24,22537.15,22581.87,305272,22575.09,17.24
2024-01-24,2024-01-24 11:55:00,22581.87,22589.37,22576.14,22580.66,145386,22582.05,17.2
2024-01-24,2024-01-24 12:00:00,22580.66,22633.24,22546.88,22620.53,266274,22600.22,17.17
2024-01-24,2024-01-24 12:05:00,22620.53,22635.55,22613.16,22619.94,111348,22622.88,17.18
2024-01-24,2024-01-24 12:10:00,22619.94,22641.86,22603.69,22639.14,113237,22628.23,17.16
2024-01-24,2024-01-24 12:15:00,22639.14,22682.71,22628.17,22679.21,63564,22663.36,17.15
2024-01-24,2024-01-24 12:20:00,22679.21,22683.9,22670.91,22673.95,317790,22676.25,17.1
2024-01-24,2024-01-24 12:25:00,22673.95,22690.09,22659.73,22679.89,115198,22676.57,17.11
2024-01-24,2024-01-24 12:30:00,22679.89,22719.57,22655.61,22714.96,154722,22696.72,17.11
2024-01-24,2024-01-24 12:35:00,22714.96,22722.39,22688.43,22711.34,113082,22707.39,17.09
2024-01-24,2024-01-24 12:40:00,22711.34,22736.1,22663.32,22675.34,214929,22691.58,17.08
2024-01-24,2024-01-24 12:45:00,22675.34,22750.97,22673.34,22733.65,140048,22719.32,17.09
2024-01-24,2024-01-24 12:50:00,22733.65,22754.61,22711.56,22720.84,96574,22729.0,17.06
2024-01-24,2024-01-24 12:55:00,22720.84,22726.68,22712.45,22725.17,194204,22721.43,17.02
2024-01-24,2024-01-24 13:00:00,22725.17,22779.95,22718.22,22775.86,91721,22758.01,17.07
2024-01-24,2024-01-24 13:05:00,22775.86,22787.25,22721.02,22732.09,116429,22746.78,17.05
2024-01-24,2024-01-24 13:10:00,22732.09,22740.69,22684.69,22689.21,70069,22704.86,17.05
2024-01-24,2024-01-24 13:15:00,22689.21,22700.98,22634.12,22674.05,92080,22669.71,17.08
2024-01-24,2024-01-24 13:20:00,22674.05,22724.31,22660.07,22687.45,174802,22690.61,17.19
2024-01-24,2024-01-24 13:25:00,22687.45,22743.45,22664.17,22733.63,74175,22713.75,17.15
2024-01-24,2024-01-24 13:30:00,22733.63,22746.24,22614.96,22620.3,89997,22660.5,17.16
2024-01-24,2024-01-24 13:35:00,22620.3,22699.02,22599.02,22681.96,162600,22660.0,17.14
2024-01-24,2024-01-24 13:40:00,22681.96,22684.89,22654.44,22674.75,130948,22671.36,17.13
2024-01-24,2024-01-24 13:45:00,22674.75,22680.0,22574.75,22588.32,361065,22614.36,17.1
2024-01-24,2024-01-24 13:50:00,22588.32,22597.84,22521.96,22534.42,338933,22551.41,17.07
2024-01-24,2024-01-24 13:55:00,22534.42,22537.68,22450.29,22463.16,115016,22483.71,17.07
2024-01-24,2024-01-24 14:00:00,22463.16,22500.18,22456.18,22491.2,203384,22482.52,17.02
2024-01-24,2024-01-24 14:05:00,22491.2,22496.18,22471.23,22478.06,219632,22481.82,17.05
2024-01-24,2024-01-24 14:10:00,22478.06,22479.73,22460.18,22462.59,128156,22467.5,17.05
2024-01-24,2024-01-24 14:15:00,22462.59,22475.21,22409.11,22421.14,89481,22435.16,17.07
2024-01-24,2024-01-24 14:20:00,22421.14,22468.85,22410.83,22458.38,161956,22446.02,17.05
2024-01-24,2024-01-24 14:25:00,22458.38,22458.79,22424.07,22427.63,151882,22436.83,17.04
2024-01-24,2024-01-24 14:30:00,22427.63,22439.7,22422.22,22427.14,136720,22429.69,17.05
2024-01-24,2024-01-24 14:35:00,22427.14,22454.61,22401.02,22445.82,194254,22433.81,17.02
2024-01-24,2024-01-24 14:40:00,22445.82,22460.89,22413.7,22453.49,120536,22442.69,17.01
2024-01-24,2024-01-24 14:45:00,22453.49,22457.73,22445.69,22450.35,102662,22451.26,16.98
2024-01-24,2024-01-24 14:50:00,22450.35,22453.96,22403.74,22410.35,170013,22422.68,16.95
2024-01-24,2024-01-24 14:55:00,22410.35,22419.97,22362.68,22390.41,189925,22391.02,16.89
2024-01-24,2024-01-24 15:00:00,22390.41,22393.51,22388.29,22392.83,101655,22391.54,16.93
2024-01-24,2024-01-24 15:05:00,22392.83,22393.04,22362.4,22373.41,235917,22376.29,16.91
2024-01-24,2024-01-24 15:10:00,22373.41,22378.09,22370.78,22376.17,80162,22375.01,16.94
2024-01-24,2024-01-24 15:15:00,22376.17,22396.56,22372.18,22389.63,129153,22386.12,16.98
2024-01-24,2024-01-24 15:20:00,22389.63,22421.83,22367.24,22409.39,146795,22399.49,16.94
2024-01-24,2024-01-24 15:25:00,22409.39,22432.99,22351.6,22380.12,126185,22388.24,16.9
2024-01-24,2024-01-24 15:30:00,22380.12,22436.85,22374.57,22427.49,129829,22412.97,16.98
2024-01-25,2024-01-25 09:15:00,22427.49,22442.6,22409.43,22427.49,215478,22426.51,14.98
2024-01-25,2024-01-25 09:20:00,22427.49,22431.31,22406.09,22421.92,222996,22419.77,14.97
2024-01-25,2024-01-25 09:25:00,22421.92,22435.98,22411.54,22429.26,236202,22425.59,14.94
2024-01-25,2024-01-25 09:30:00,22429.26,22450.14,22411.89,22446.38,127823,22436.14,14.91
2024-01-25,2024-01-25 09:35:00,22446.38,22455.25,22427.57,22455.21,104757,22446.01,14.89
2024-01-25,2024-01-25 09:40:00,22455.21,22460.8,22444.37,22447.87,72122,22451.01,14.88
2024-01-25,2024-01-25 09:45:00,22447.87,22496.52,22447.49,22485.2,140780,22476.4,14.87
2024-01-25,2024-01-25 09:50:00,22485.2,22495.33,22454.38,22466.98,119251,22472.23,14.85
2024-01-25,2024-01-25 09:55:00,22466.98,22468.85,22444.16,22464.12,259015,22459.04,14.83
2024-01-25,2024-01-25 10:00:00,22464.12,22466.28,22424.62,22444.98,145070,22445.29,14.84
2024-01-25,2024-01-25 10:05:00,22444.98,22455.17,22437.78,22448.07,107778,22447.01,14.88
2024-01-25,2024-01-25 10:10:00,22448.07,22483.57,22440.03,22482.87,101172,22468.82,14.88
2024-01-25,2024-01-25 10:15:00,22482.87,22483.91,22467.77,22482.71,360601,22478.13,14.88
2024-01-25,2024-01-25 10:20:00,22482.71,22490.71,22457.39,22482.68,161323,22476.93,14.85
2024-01-25,2024-01-25 10:25:00,22482.68,22501.82,22448.16,22451.06,119061,22467.02,14.84
2024-01-25,2024-01-25 10:30:00,22451.06,22470.72,22430.93,22447.96,171033,22449.87,14.88
2024-01-25,2024-01-25 10:35:00,22447.96,22491.97,22447.2,22473.9,347581,22471.02,14.91
2024-01-25,2024-01-25 10:40:00,22473.9,22485.63,22447.68,22471.53,139264,22468.28,14.94
2024-01-25,2024-01-25 10:45:00,22471.53,22499.65,22465.11,22467.8,214229,22477.52,14.97
2024-01-25,2024-01-25 10:50:00,22467.8,22498.76,22440.88,22492.86,261603,22477.5,14.98
2024-01-25,2024-01-25 10:55:00,22492.86,22497.25,22475.95,22489.21,76376,22487.47,14.99
2024-01-25,2024-01-25 11:00:00,22489.21,22548.38,22471.92,22518.06,126075,22512.79,15.0
2024-01-25,2024-01-25 11:05:00,22518.06,22554.89,22480.86,22494.73,248807,22510.16,14.99
2024-01-25,2024-01-25 11:10:00,22494.73,22514.04,22493.85,22511.15,123041,22506.34,14.99
2024-01-25,2024-01-25 11:15:00,22511.15,22564.15,22474.37,22547.2,192115,22528.57,15.0
2024-01-25,2024-01-25 11:20:00,22547.2,22583.64,22524.72,22570.36,120163,22559.57,15.02
2024-01-25,2024-01-25 11:25:00,22570.36,22605.11,22526.76,22535.14,136186,22555.67,15.02
2024-01-25,2024-01-25 11:30:00,22535.14,22536.59,22515.44,22524.9,129709,22525.64,15.08
2024-01-25,2024-01-25 11:35:00,22524.9,22530.72,22519.67,22522.7,209959,22524.36,15.04
2024-01-25,2024-01-25 11:40:00,22522.7,22550.36,22505.7,22545.87,176421,22533.98,15.07
2024-01-25,2024-01-25 11:45:00,22545.87,22550.17,22509.68,22521.56,169319,22527.14,15.07
2024-01-25,2024-01-25 11:50:00,22521.56,22543.47,22503.01,22503.61,443741,22516.7,15.07
2024-01-25,2024-01-25 11:55:00,22503.61,22525.67,22459.13,22473.8,326400,22486.2,15.04
2024-01-25,2024-01-25 12:00:00,22473.8,22474.55,22449.16,22451.53,73681,22458.41,15.07
2024-01-25,2024-01-25 12:05:00,22451.53,22454.93,22391.82,22417.81,136303,22421.52,15.09
2024-01-25,2024-01-25 12:10:00,22417.81,22469.03,22403.06,22460.79,429589,22444.29,15.12
2024-01-25,2024-01-25 12:15:00,22460.79,22467.63,22416.24,22443.34,129335,22442.4,15.12
2024-01-25,2024-01-25 12:20:00,22443.34,22476.05,22418.16,22461.95,375156,22452.05,15.11
2024-01-25,2024-01-25 12:25:00,22461.95,22484.03,22449.59,22462.43,137237,22465.35,15.11
2024-01-25,2024-01-25 12:30:00,22462.43,22471.94,22450.25,22462.54,148212,22461.58,15.12
2024-01-25,2024-01-25 12:35:00,22462.54,22465.82,22427.8,22446.6,229906,22446.74,15.06
2024-01-25,2024-01-25 12:40:00,22446.6,22470.62,22444.29,22467.34,156986,22460.75,15.09
2024-01-25,2024-01-25 12:45:00,22467.34,22483.15,22450.52,22471.5,198362,22468.39,15.16
2024-01-25,2024-01-25 12:50:00,22471.5,22479.35,22463.84,22474.11,305583,22472.43,15.18
2024-01-25,2024-01-25 12:55:00,22474.11,22500.09,22453.83,22458.11,220470,22470.67,15.17
2024-01-25,2024-01-25 13:00:00,22458.11,22471.63,22447.26,22453.64,172234,22457.51,15.16
2024-01-25,2024-01-25 13:05:00,22453.64,22462.05,22444.27,22457.96,317874,22454.76,15.18
2024-01-25,2024-01-25 13:10:00,22457.96,22460.65,22447.16,22453.42,231115,22453.74,15.18
2024-01-25,2024-01-25 13:15:00,22453.42,22459.29,22442.3,22447.39,121368,22449.66,15.2
2024-01-25,2024-01-25 13:20:00,22447.39,22457.2,22443.38,22452.45,359342,22451.01,15.2
2024-01-25,2024-01-25 13:25:00,22452.45,22458.59,22397.86,22420.09,210437,22425.51,15.25
2024-01-25,2024-01-25 13:30:00,22420.09,22443.6,22418.96,22421.68,149421,22428.08,15.3
2024-01-25,2024-01-25 13:35:00,22421.68,22429.16,22412.56,22417.72,72524,22419.81,15.29
2024-01-25,2024-01-25 13:40:00,22417.72,22443.4,22371.83,22379.62,93804,22398.28,15.29
2024-01-25,2024-01-25 13:45:00,22379.62,22402.79,22378.39,22392.45,321275,22391.21,15.29
2024-01-25,2024-01-25 13:50:00,22392.45,22429.72,22374.49,22414.68,326395,22406.3,15.29
2024-01-25,2024-01-25 13:55:00,22414.68,22433.09,22397.16,22398.1,168402,22409.45,15.26
2024-01-25,2024-01-25 14:00:00,22398.1,22402.51,22372.68,22380.23,80169,22385.14,15.23
2024-01-25,2024-01-25 14:05:00,22380.23,22430.91,22379.45,22416.69,105367,22409.02,15.26
2024-01-25,2024-01-25 14:10:00,22416.69,22464.41,22406.95,22458.36,85007,22443.24,15.3
2024-01-25,2024-01-25 14:15:00,22458.36,22484.8,22434.47,22475.72,83780,22465.0,15.33
2024-01-25,2024-01-25 14:20:00,22475.72,22526.2,22466.07,22488.61,366121,22493.63,15.33
2024-01-25,2024-01-25 14:25:00,22488.61,22503.43,22472.17,22481.54,371003,22485.71,15.38
2024-01-25,2024-01-25 14:30:00,22481.54,22488.94,22475.99,22488.53,103949,22484.49,15.38
2024-01-25,2024-01-25 14:35:00,22488.53,22492.01,22460.85,22467.95,162187,22473.6,15.41
2024-01-25,2024-01-25 14:40:00,22467.95,22481.22,22439.49,22440.86,97351,22453.86,15.37
2024-01-25,2024-01-25 14:45:00,22440.86,22464.14,22372.36,22405.68,161765,22414.06,15.36
2024-01-25,2024-01-25 14:50:00,22405.68,22419.62,22383.48,22413.09,313552,22405.4,15.35
2024-01-25,2024-01-25 14:55:00,22413.09,22434.73,22377.2,22380.4,250568,22397.44,15.35
2024-01-25,2024-01-25 15:00:00,22380.4,22401.26,22360.7,22367.43,224912,22376.47,15.31
2024-01-25,2024-01-25 15:05:00,22367.43,22376.37,22364.2,22364.27,150591,22368.28,15.33
2024-01-25,2024-01-25 15:10:00,22364.27,22386.52,22357.97,22384.74,269624,22376.41,15.36
2024-01-25,2024-01-25 15:15:00,22384.74,22395.33,22349.45,22370.01,210800,22371.6,15.34
2024-01-25,2024-01-25 15:20:00,22370.01,22419.04,22339.22,22393.12,191293,22383.79,15.31
2024-01-25,2024-01-25 15:25:00,22393.12,22420.59,22389.06,22412.36,155412,22407.34,15.29
2024-01-25,2024-01-25 15:30:00,22412.36,22424.13,22375.44,22386.56,184859,22395.38,15.3
2024-01-26,2024-01-26 09:15:00,22386.56,22389.9,22378.42,22386.56,136956,22384.96,12.75
2024-01-26,2024-01-26 09:20:00,22386.56,22390.78,22376.8,22377.23,69700,22381.6,12.74
2024-01-26,2024-01-26 09:25:00,22377.23,22393.35,22361.37,22389.1,121245,22381.27,12.79
2024-01-26,2024-01-26 09:30:00,22389.1,22393.32,22315.0,22330.44,143720,22346.25,12.76
2024-01-26,2024-01-26 09:35:00,22330.44,22359.54,22302.15,22353.65,207721,22338.44,12.76
2024-01-26,2024-01-26 09:40:00,22353.65,22396.42,22342.11,22385.23,160176,22374.58,12.8
2024-01-26,2024-01-26 09:45:00,22385.23,22402.46,22362.42,22366.76,223679,22377.21,12.77
2024-01-26,2024-01-26 09:50:00,22366.76,22367.8,22344.94,22349.87,279191,22354.2,12.78
2024-01-26,2024-01-26 09:55:00,22349.87,22367.4,22337.84,22343.49,248517,22349.58,12.75
2024-01-26,2024-01-26 10:00:00,22343.49,22348.12,22322.65,22330.97,196457,22333.91,12.74
2024-01-26,2024-01-26 10:05:00,22330.97,22338.74,22318.27,22338.15,163528,22331.72,12.71
2024-01-26,2024-01-26 10:10:00,22338.15,22362.76,22297.6,22301.7,109939,22320.69,12.69
2024-01-26,2024-01-26 10:15:00,22301.7,22320.28,22265.41,22281.94,218814,22289.21,12.77
2024-01-26,2024-01-26 10:20:00,22281.94,22317.38,22264.9,22315.48,318666,22299.25,12.8
2024-01-26,2024-01-26 10:25:00,22315.48,22320.58,22298.24,22299.51,186622,22306.11,12.83
2024-01-26,2024-01-26 10:30:00,22299.51,22345.44,22276.36,22327.14,350425,22316.31,12.85
2024-01-26,2024-01-26 10:35:00,22327.14,22345.41,22297.06,22336.96,88412,22326.48,12.8
2024-01-26,2024-01-26 10:40:00,22336.96,22344.66,22300.66,22303.27,102573,22316.19,12.81
2024-01-26,2024-01-26 10:45:00,22303.27,22320.17,22277.6,22318.7,229138,22305.49,12.84
2024-01-26,2024-01-26 10:50:00,22318.7,22321.48,22313.97,22319.01,180902,22318.15,12.82
2024-01-26,2024-01-26 10:55:00,22319.01,22329.36,22309.53,22312.54,275271,22317.14,12.85
2024-01-26,2024-01-26 11:00:00,22312.54,22342.45,22308.59,22320.14,161750,22323.72,12.87
2024-01-26,2024-01-26 11:05:00,22320.14,22337.38,22312.66,22332.35,115014,22327.47,12.92
2024-01-26,2024-01-26 11:10:00,22332.35,22358.63,22328.17,22349.26,149426,22345.35,12.91
2024-01-26,2024-01-26 11:15:00,22349.26,22400.81,22344.73,22375.64,88161,22373.72,12.88
2024-01-26,2024-01-26 11:20:00,22375.64,22402.39,22367.21,22386.54,103628,22385.38,12.87
2024-01-26,2024-01-26 11:25:00,22386.54,22400.67,22345.02,22361.51,240140,22369.07,12.91
2024-01-26,2024-01-26 11:30:00,22361.51,22362.82,22348.48,22354.66,230755,22355.32,12.85
2024-01-26,2024-01-26 11:35:00,22354.66,22419.61,22351.3,22416.56,188188,22395.82,12.79
2024-01-26,2024-01-26 11:40:00,22416.56,22439.25,22405.68,22433.86,81762,22426.26,12.8
2024-01-26,2024-01-26 11:45:00,22433.86,22515.27,22430.3,22484.39,141017,22476.66,12.78
2024-01-26,2024-01-26 11:50:00,22484.39,22539.15,22473.95,22515.33,99707,22509.47,12.78
2024-01-26,2024-01-26 11:55:00,22515.33,22533.5,22507.19,22522.93,260566,22521.21,12.81
2024-01-26,2024-01-26 12:00:00,22522.93,22543.4,22522.91,22531.08,128863,22532.46,12.79
2024-01-26,2024-01-26 12:05:00,22531.08,22531.35,22515.77,22530.09,105419,22525.73,12.74
2024-01-26,2024-01-26 12:10:00,22530.09,22533.44,22476.36,22483.1,164706,22497.63,12.8
2024-01-26,2024-01-26 12:15:00,22483.1,22489.37,22476.14,22483.59,125987,22483.03,12.77
2024-01-26,2024-01-26 12:20:00,22483.59,22516.4,22454.93,22516.26,294636,22495.86,12.74
2024-01-26,2024-01-26 12:25:00,22516.26,22531.58,22462.61,22500.05,121306,22498.08,12.77
2024-01-26,2024-01-26 12:30:00,22500.05,22525.08,22497.63,22511.18,92995,22511.29,12.76
2024-01-26,2024-01-26 12:35:00,22511.18,22558.44,22487.87,22534.18,68791,22526.83,12.76
2024-01-26,2024-01-26 12:40:00,22534.18,22541.48,22507.94,22509.58,160762,22519.67,12.77
2024-01-26,2024-01-26 12:45:00,22509.58,22513.99,22487.22,22497.39,129991,22499.53,12.8
2024-01-26,2024-01-26 12:50:00,22497.39,22513.2,22468.56,22469.91,91898,22483.89,12.79
2024-01-26,2024-01-26 12:55:00,22469.91,22472.64,22438.75,22447.74,261892,22453.05,12.84
2024-01-26,2024-01-26 13:00:00,22447.74,22468.71,22362.23,22392.35,212542,22407.76,12.78
2024-01-26,2024-01-26 13:05:00,22392.35,22424.3,22389.59,22423.76,160928,22412.55,12.8
2024-01-26,2024-01-26 13:10:00,22423.76,22442.91,22326.73,22337.13,280893,22368.92,12.77
2024-01-26,2024-01-26 13:15:00,22337.13,22343.31,22302.84,22313.56,212142,22319.91,12.81
2024-01-26,2024-01-26 13:20:00,22313.56,22369.96,22306.88,22357.56,117108,22344.8,12.82
2024-01-26,2024-01-26 13:25:00,22357.56,22363.61,22295.57,22318.94,107399,22326.04,12.8
2024-01-26,2024-01-26 13:30:00,22318.94,22353.56,22286.73,22349.62,225752,22329.97,12.82
2024-01-26,2024-01-26 13:35:00,22349.62,22359.98,22302.12,22305.02,190717,22322.37,12.85
2024-01-26,2024-01-26 13:40:00,22305.02,22380.49,22298.8,22379.71,174189,22353.0,12.86
2024-01-26,2024-01-26 13:45:00,22379.71,22400.03,22342.41,22358.21,116006,22366.89,12.83
2024-01-26,2024-01-26 13:50:00,22358.21,22366.67,22310.61,22316.88,207560,22331.39,12.82
2024-01-26,2024-01-26 13:55:00,22316.88,22378.9,22293.01,22355.23,120306,22342.38,12.82
2024-01-26,2024-01-26 14:00:00,22355.23,22408.0,22351.91,22370.53,156248,22376.81,12.82
2024-01-26,2024-01-26 14:05:00,22370.53,22408.62,22338.59,22407.39,290331,22384.87,12.84
2024-01-26,2024-01-26 14:10:00,22407.39,22417.99,22386.08,22395.08,124949,22399.72,12.78
2024-01-26,2024-01-26 14:15:00,22395.08,22419.01,22351.27,22364.49,86751,22378.26,12.79
2024-01-26,2024-01-26 14:20:00,22364.49,22384.66,22330.13,22351.4,106828,22355.4,12.78
2024-01-26,2024-01-26 14:25:00,22351.4,22364.69,22349.03,22354.28,242248,22356.0,12.76
2024-01-26,2024-01-26 14:30:00,22354.28,22360.77,22347.74,22353.79,180212,22354.1,12.73
2024-01-26,2024-01-26 14:35:00,22353.79,22370.39,22342.23,22343.21,154577,22351.94,12.73
2024-01-26,2024-01-26 14:40:00,22343.21,22346.62,22288.18,22298.76,132768,22311.19,12.62
2024-01-26,2024-01-26 14:45:00,22298.76,22313.6,22285.17,22307.47,197628,22302.08,12.6
2024-01-26,2024-01-26 14:50:00,22307.47,22356.06,22302.07,22349.69,115885,22335.94,12.57
2024-01-26,2024-01-26 14:55:00,22349.69,22372.54,22329.77,22358.27,183921,22353.53,12.59
2024-01-26,2024-01-26 15:00:00,22358.27,22383.82,22330.78,22370.1,121479,22361.57,12.56
2024-01-26,2024-01-26 15:05:00,22370.1,22395.3,22353.18,22381.12,113656,22376.53,12.56
2024-01-26,2024-01-26 15:10:00,22381.12,22402.32,22372.84,22388.22,126122,22387.79,12.6
2024-01-26,2024-01-26 15:15:00,22388.22,22419.51,22387.03,22407.28,140061,22404.61,12.63
2024-01-26,2024-01-26 15:20:00,22407.28,22424.56,22401.36,22414.35,159606,22413.43,12.66
2024-01-26,2024-01-26 15:25:00,22414.35,22422.64,22398.44,22405.55,178828,22408.88,12.65
2024-01-26,2024-01-26 15:30:00,22405.55,22423.67,22371.47,22385.92,37221,22393.69,12.66
2024-01-29,2024-01-29 09:15:00,22385.92,22389.9,22375.27,22385.92,137504,22383.7,13.11
2024-01-29,2024-01-29 09:20:00,22385.92,22402.15,22374.28,22384.54,275382,22386.99,13.12
2024-01-29,2024-01-29 09:25:00,22384.54,22444.13,22368.77,22420.52,254346,22411.14,13.15
2024-01-29,2024-01-29 09:30:00,22420.52,22467.28,22414.08,22437.41,164289,22439.59,13.14
2024-01-29,2024-01-29 09:35:00,22437.41,22457.21,22417.96,22456.44,315461,22443.87,13.21
2024-01-29,2024-01-29 09:40:00,22456.44,22506.11,22448.3,22491.63,199508,22482.01,13.23
2024-01-29,2024-01-29 09:45:00,22491.63,22515.55,22455.01,22512.6,258217,22494.39,13.23
2024-01-29,2024-01-29 09:50:00,22512.6,22523.72,22485.76,22492.38,115356,22500.62,13.22
2024-01-29,2024-01-29 09:55:00,22492.38,22513.53,22452.07,22513.04,125307,22492.88,13.19
2024-01-29,2024-01-29 10:00:00,22513.04,22562.11,22489.95,22536.29,124772,22529.45,13.19
2024-01-29,2024-01-29 10:05:00,22536.29,22561.53,22529.27,22552.22,157205,22547.67,13.12
2024-01-29,2024-01-29 10:10:00,22552.22,22554.84,22546.93,22550.96,166702,22550.91,13.16
2024-01-29,2024-01-29 10:15:00,22550.96,22567.34,22544.67,22564.75,185288,22558.92,13.08
2024-01-29,2024-01-29 10:20:00,22564.75,22577.24,22563.55,22567.05,358341,22569.28,13.08
2024-01-29,2024-01-29 10:25:00,22567.05,22567.56,22540.57,22549.89,217186,22552.67,13.04
2024-01-29,2024-01-29 10:30:00,22549.89,22558.1,22536.93,22537.79,132466,22544.27,13.02
2024-01-29,2024-01-29 10:35:00,22537.79,22567.79,22519.37,22554.77,162541,22547.31,13.0
2024-01-29,2024-01-29 10:40:00,22554.77,22562.2,22519.94,22539.09,297145,22540.41,13.06
2024-01-29,2024-01-29 10:45:00,22539.09,22550.38,22507.74,22525.33,222515,22527.82,13.03
2024-01-29,2024-01-29 10:50:00,22525.33,22566.6,22503.54,22543.3,295585,22537.82,13.06
2024-01-29,2024-01-29 10:55:00,22543.3,22550.38,22531.32,22548.72,134178,22543.47,13.09
2024-01-29,2024-01-29 11:00:00,22548.72,22569.26,22523.09,22563.14,122434,22551.83,13.02
2024-01-29,2024-01-29 11:05:00,22563.14,22581.06,22532.38,22540.89,123152,22551.44,13.0
2024-01-29,2024-01-29 11:10:00,22540.89,22573.97,22538.09,22554.74,138580,22555.6,13.05
2024-01-29,2024-01-29 11:15:00,22554.74,22565.87,22526.18,22544.05,106370,22545.37,13.01
2024-01-29,2024-01-29 11:20:00,22544.05,22572.51,22521.64,22526.13,183153,22540.09,13.04
2024-01-29,2024-01-29 11:25:00,22526.13,22546.33,22491.43,22518.58,184417,22518.78,13.04
2024-01-29,2024-01-29 11:30:00,22518.58,22575.58,22516.04,22548.89,278037,22546.84,13.04
2024-01-29,2024-01-29 11:35:00,22548.89,22561.94,22542.04,22544.2,80490,22549.39,13.04
2024-01-29,2024-01-29 11:40:00,22544.2,22601.35,22542.42,22591.57,111563,22578.44,13.05
2024-01-29,2024-01-29 11:45:00,22591.57,22595.9,22544.57,22552.35,224635,22564.28,13.03
2024-01-29,2024-01-29 11:50:00,22552.35,22559.43,22516.05,22523.67,175148,22533.05,13.02
2024-01-29,2024-01-29 11:55:00,22523.67,22560.02,22506.6,22553.22,165697,22539.95,13.03
2024-01-29,2024-01-29 12:00:00,22553.22,22610.08,22539.69,22595.86,269828,22581.88,13.03
2024-01-29,2024-01-29 12:05:00,22595.86,22609.23,22565.46,22572.45,108664,22582.38,13.04
2024-01-29,2024-01-29 12:10:00,22572.45,22587.54,22565.35,22574.32,121601,22575.74,13.02
2024-01-29,2024-01-29 12:15:00,22574.32,22606.23,22541.73,22593.61,116005,22580.52,13.04
2024-01-29,2024-01-29 12:20:00,22593.61,22597.58,22570.38,22587.39,72753,22585.12,13.05
2024-01-29,2024-01-29 12:25:00,22587.39,22598.74,22578.08,22591.45,171635,22589.43,13.0
2024-01-29,2024-01-29 12:30:00,22591.45,22604.43,22585.41,22591.75,132039,22593.86,12.98
2024-01-29,2024-01-29 12:35:00,22591.75,22598.64,22547.53,22551.59,121399,22565.92,12.96
2024-01-29,2024-01-29 12:40:00,22551.59,22565.33,22538.13,22542.26,112942,22548.58,12.93
2024-01-29,2024-01-29 12:45:00,22542.26,22547.56,22540.05,22542.59,161603,22543.4,12.91
2024-01-29,2024-01-29 12:50:00,22542.59,22556.46,22542.05,22545.38,118253,22547.97,12.93
2024-01-29,2024-01-29 12:55:00,22545.38,22546.93,22470.33,22498.57,177837,22505.27,12.91
2024-01-29,2024-01-29 13:00:00,22498.57,22513.22,22462.97,22467.95,195569,22481.38,12.92
2024-01-29,2024-01-29 13:05:00,22467.95,22472.55,22445.25,22448.49,144663,22455.43,12.92
2024-01-29,2024-01-29 13:10:00,22448.49,22461.96,22365.05,22375.11,140788,22400.71,12.9
2024-01-29,2024-01-29 13:15:00,22375.11,22404.56,22351.09,22358.55,175289,22371.4,12.89
2024-01-29,2024-01-29 13:20:00,22358.55,22381.1,22314.75,22318.78,160887,22338.21,12.91
2024-01-29,2024-01-29 13:25:00,22318.78,22325.47,22270.67,22280.93,277080,22292.36,12.92
2024-01-29,2024-01-29 13:30:00,22280.93,22284.67,22272.66,22276.66,184851,22278.0,12.94
2024-01-29,2024-01-29 13:35:00,22276.66,22295.81,22266.74,22282.63,252264,22281.73,12.97
2024-01-29,2024-01-29 13:40:00,22282.63,22315.14,22272.47,22306.49,207773,22298.03,12.99
2024-01-29,2024-01-29 13:45:00,22306.49,22337.43,22284.24,22288.25,96050,22303.31,12.93
2024-01-29,2024-01-29 13:50:00,22288.25,22293.23,22281.23,22291.66,130182,22288.7,12.94
2024-01-29,2024-01-29 13:55:00,22291.66,22303.33,22254.57,22277.92,159653,22278.61,12.92
2024-01-29,2024-01-29 14:00:00,22277.92,22308.04,22272.78,22305.1,230355,22295.31,12.97
2024-01-29,2024-01-29 14:05:00,22305.1,22309.38,22265.35,22272.06,351908,22282.26,12.98
2024-01-29,2024-01-29 14:10:00,22272.06,22289.13,22251.59,22288.22,134100,22276.31,12.97
2024-01-29,2024-01-29 14:15:00,22288.22,22324.86,22283.71,22311.71,166392,22306.76,12.98
2024-01-29,2024-01-29 14:20:00,22311.71,22322.21,22291.43,22309.29,224126,22307.64,12.99
2024-01-29,2024-01-29 14:25:00,22309.29,22314.26,22267.85,22275.8,159033,22285.97,12.93
2024-01-29,2024-01-29 14:30:00,22275.8,22292.69,22259.15,22271.31,314154,22274.38,12.96
2024-01-29,2024-01-29 14:35:00,22271.31,22314.97,22270.11,22302.01,94929,22295.7,12.95
2024-01-29,2024-01-29 14:40:00,22302.01,22345.43,22292.78,22334.55,213460,22324.25,12.99
2024-01-29,2024-01-29 14:45:00,22334.55,22353.26,22301.11,22337.41,212624,22330.59,12.99
2024-01-29,2024-01-29 14:50:00,22337.41,22338.58,22277.65,22313.79,258025,22310.01,13.03
2024-01-29,2024-01-29 14:55:00,22313.79,22374.37,22298.01,22350.8,166845,22341.06,13.04
2024-01-29,2024-01-29 15:00:00,22350.8,22375.27,22348.8,22367.36,232491,22363.81,13.07
2024-01-29,2024-01-29 15:05:00,22367.36,22405.45,22324.64,22345.18,147317,22358.42,13.06
2024-01-29,2024-01-29 15:10:00,22345.18,22364.85,22330.08,22351.04,118118,22348.66,13.07
2024-01-29,2024-01-29 15:15:00,22351.04,22377.02,22339.6,22355.89,111426,22357.5,13.02
2024-01-29,2024-01-29 15:20:00,22355.89,22365.1,22338.68,22339.86,91440,22347.88,13.01
2024-01-29,2024-01-29 15:25:00,22339.86,22352.71,22333.27,22345.85,136414,22343.94,12.97
2024-01-29,2024-01-29 15:30:00,22345.85,22385.88,22338.49,22368.79,184350,22364.39,12.93
2024-01-30,2024-01-30 09:15:00,22368.79,22392.22,22366.45,22368.79,116994,22375.82,17.78
2024-01-30,2024-01-30 09:20:00,22368.79,22378.48,22335.58,22353.54,133630,22355.87,17.8
2024-01-30,2024-01-30 09:25:00,22353.54,22375.18,22344.08,22365.08,72832,22361.45,17.83
2024-01-30,2024-01-30 09:30:00,22365.08,22366.6,22339.17,22357.28,95838,22354.35,17.84
2024-01-30,2024-01-30 09:35:00,22357.28,22364.56,22338.55,22338.82,335391,22347.31,17.86
2024-01-30,2024-01-30 09:40:00,22338.82,22375.47,22333.46,22358.51,313818,22355.81,17.86
2024-01-30,2024-01-30 09:45:00,22358.51,22362.64,22313.21,22359.11,167094,22344.99,17.86
2024-01-30,2024-01-30 09:50:00,22359.11,22369.63,22342.87,22351.95,316529,22354.82,17.9
2024-01-30,2024-01-30 09:55:00,22351.95,22361.79,22346.46,22355.47,152660,22354.57,17.92
2024-01-30,2024-01-30 10:00:00,22355.47,22426.28,22341.3,22411.2,147655,22392.93,17.91
2024-01-30,2024-01-30 10:05:00,22411.2,22458.7,22385.92,22437.16,166475,22427.26,17.95
2024-01-30,2024-01-30 10:10:00,22437.16,22483.93,22423.36,22463.33,154822,22456.87,17.88
2024-01-30,2024-01-30 10:15:00,22463.33,22485.04,22461.78,22474.83,149331,22473.88,17.94
2024-01-30,2024-01-30 10:20:00,22474.83,22484.3,22455.58,22480.89,257135,22473.59,17.89
2024-01-30,2024-01-30 10:25:00,22480.89,22524.62,22420.01,22435.11,172828,22459.91,17.87
2024-01-30,2024-01-30 10:30:00,22435.11,22439.11,22421.01,22424.09,216423,22428.07,17.87
2024-01-30,2024-01-30 10:35:00,22424.09,22424.12,22412.74,22417.09,245868,22417.98,17.87
2024-01-30,2024-01-30 10:40:00,22417.09,22418.97,22378.34,22381.95,190094,22393.09,17.9
2024-01-30,2024-01-30 10:45:00,22381.95,22382.67,22354.36,22361.32,110402,22366.12,17.87
2024-01-30,2024-01-30 10:50:00,22361.32,22379.11,22301.12,22324.14,94736,22334.79,17.87
2024-01-30,2024-01-30 10:55:00,22324.14,22333.51,22321.6,22326.05,172734,22327.06,17.86
2024-01-30,2024-01-30 11:00:00,22326.05,22353.66,22324.89,22345.18,151978,22341.24,17.86
2024-01-30,2024-01-30 11:05:00,22345.18,22379.28,22315.47,22370.12,168544,22354.96,17.86
2024-01-30,2024-01-30 11:10:00,22370.12,22393.86,22367.5,22381.15,161712,22380.84,17.87
2024-01-30,2024-01-30 11:15:00,22381.15,22389.27,22353.21,22364.43,457453,22368.97,17.85
2024-01-30,2024-01-30 11:20:00,22364.43,22369.94,22313.92,22328.23,95598,22337.36,17.83
2024-01-30,2024-01-30 11:25:00,22328.23,22329.18,22285.56,22295.6,73425,22303.45,17.84
2024-01-30,2024-01-30 11:30:00,22295.6,22296.82,22262.22,22272.82,185897,22277.29,17.87
2024-01-30,2024-01-30 11:35:00,22272.82,22274.25,22237.95,22257.67,140004,22256.62,17.85
2024-01-30,2024-01-30 11:40:00,22257.67,22271.0,22243.01,22257.14,184688,22257.05,17.83
2024-01-30,2024-01-30 11:45:00,22257.14,22265.74,22232.4,22239.5,205572,22245.88,17.85
2024-01-30,2024-01-30 11:50:00,22239.5,22276.68,22234.31,22248.95,272022,22253.31,17.84
2024-01-30,2024-01-30 11:55:00,22248.95,22278.41,22231.97,22246.97,89063,22252.45,17.87
2024-01-30,2024-01-30 12:00:00,22246.97,22248.31,22241.92,22247.25,130263,22245.83,17.84
2024-01-30,2024-01-30 12:05:00,22247.25,22328.97,22214.42,22277.69,193204,22273.69,17.79
2024-01-30,2024-01-30 12:10:00,22277.69,22294.22,22235.71,22246.14,221501,22258.69,17.77
2024-01-30,2024-01-30 12:15:00,22246.14,22264.53,22234.6,22257.32,391358,22252.15,17.75
2024-01-30,2024-01-30 12:20:00,22257.32,22268.02,22241.78,22256.94,238537,22255.58,17.75
2024-01-30,2024-01-30 12:25:00,22256.94,22262.27,22243.81,22248.04,159099,22251.37,17.73
2024-01-30,2024-01-30 12:30:00,22248.04,22277.64,22229.69,22271.67,113985,22259.67,17.75
2024-01-30,2024-01-30 12:35:00,22271.67,22303.35,22260.89,22295.16,129869,22286.47,17.74
2024-01-30,2024-01-30 12:40:00,22295.16,22316.03,22230.52,22269.84,128401,22272.13,17.75
2024-01-30,2024-01-30 12:45:00,22269.84,22284.24,22251.56,22264.97,211523,22266.93,17.75
2024-01-30,2024-01-30 12:50:00,22264.97,22277.07,22252.36,22272.49,180376,22267.31,17.76
2024-01-30,2024-01-30 12:55:00,22272.49,22280.81,22263.16,22265.19,95850,22269.72,17.76
2024-01-30,2024-01-30 13:00:00,22265.19,22300.56,22251.51,22291.98,136713,22281.35,17.77
2024-01-30,2024-01-30 13:05:00,22291.98,22309.87,22283.5,22299.34,231195,22297.57,17.75
2024-01-30,2024-01-30 13:10:00,22299.34,22312.43,22261.92,22287.41,187337,22287.26,17.79
2024-01-30,2024-01-30 13:15:00,22287.41,22294.19,22228.19,22229.36,204323,22250.58,17.78
2024-01-30,2024-01-30 13:20:00,22229.36,22232.56,22191.66,22221.13,189694,22215.12,17.74
2024-01-30,2024-01-30 13:25:00,22221.13,22246.81,22210.4,22227.0,311941,22228.07,17.75
2024-01-30,2024-01-30 13:30:00,22227.0,22254.3,22140.67,22169.81,178870,22188.26,17.72
2024-01-30,2024-01-30 13:35:00,22169.81,22172.74,22136.27,22147.99,139468,22152.33,17.74
2024-01-30,2024-01-30 13:40:00,22147.99,22165.7,22108.41,22122.04,112836,22132.05,17.81
2024-01-30,2024-01-30 13:45:00,22122.04,22143.98,22090.49,22116.69,179843,22117.05,17.79
2024-01-30,2024-01-30 13:50:00,22116.69,22129.52,22045.43,22050.42,61311,22075.12,17.8
2024-01-30,2024-01-30 13:55:00,22050.42,22085.85,22047.94,22078.64,151188,22070.81,17.74
2024-01-30,2024-01-30 14:00:00,22078.64,22119.59,22064.96,22113.62,149891,22099.39,17.76
2024-01-30,2024-01-30 14:05:00,22113.62,22129.91,22094.33,22117.69,94297,22113.98,17.73
2024-01-30,2024-01-30 14:10:00,22117.69,22124.05,22097.19,22103.56,112273,22108.27,17.71
2024-01-30,2024-01-30 14:15:00,22103.56,22117.86,22093.99,22112.12,225001,22107.99,17.68
2024-01-30,2024-01-30 14:20:00,22112.12,22141.12,22096.47,22098.31,178489,22111.97,17.7
2024-01-30,2024-01-30 14:25:00,22098.31,22101.58,22074.38,22085.4,169518,22087.12,17.73
2024-01-30,2024-01-30 14:30:00,22085.4,22095.14,22039.51,22050.07,183972,22061.57,17.73
2024-01-30,2024-01-30 14:35:00,22050.07,22068.81,22031.22,22068.73,168898,22056.25,17.71
2024-01-30,2024-01-30 14:40:00,22068.73,22093.2,22033.14,22058.44,267572,22061.59,17.75
2024-01-30,2024-01-30 14:45:00,22058.44,22087.76,22049.96,22060.69,170991,22066.14,17.73
2024-01-30,2024-01-30 14:50:00,22060.69,22068.36,22032.57,22036.07,90827,22045.67,17.67
2024-01-30,2024-01-30 14:55:00,22036.07,22057.89,22024.14,22043.92,312403,22041.98,17.68
2024-01-30,2024-01-30 15:00:00,22043.92,22054.34,21989.7,22025.36,188741,22023.13,17.65
2024-01-30,2024-01-30 15:05:00,22025.36,22037.44,22017.28,22020.48,128578,22025.06,17.68
2024-01-30,2024-01-30 15:10:00,22020.48,22051.1,22009.23,22038.04,98581,22032.79,17.66
2024-01-30,2024-01-30 15:15:00,22038.04,22075.09,22026.62,22053.71,190682,22051.81,17.68
2024-01-30,2024-01-30 15:20:00,22053.71,22066.48,22041.28,22051.46,155302,22053.07,17.72
2024-01-30,2024-01-30 15:25:00,22051.46,22054.27,22008.22,22010.7,305485,22024.4,17.69
2024-01-30,2024-01-30 15:30:00,22010.7,22074.95,21999.6,22074.82,141724,22049.79,17.67
2024-01-31,2024-01-31 09:15:00,22074.82,22074.9,22061.74,22074.82,203311,22070.48,16.62
2024-01-31,2024-01-31 09:20:00,22074.82,22095.39,22024.52,22046.83,152662,22055.58,16.64
2024-01-31,2024-01-31 09:25:00,22046.83,22049.81,22034.74,22047.97,213277,22044.17,16.66
2024-01-31,2024-01-31 09:30:00,22047.97,22052.16,22034.14,22041.36,167384,22042.55,16.63
2024-01-31,2024-01-31 09:35:00,22041.36,22052.96,22029.42,22035.58,173279,22039.32,16.56
2024-01-31,2024-01-31 09:40:00,22035.58,22036.19,22001.68,22024.23,50560,22020.7,16.57
2024-01-31,2024-01-31 09:45:00,22024.23,22063.53,22000.91,22041.17,102995,22035.2,16.59
2024-01-31,2024-01-31 09:50:00,22041.17,22042.17,21976.0,21992.23,103108,22003.47,16.56
2024-01-31,2024-01-31 09:55:00,21992.23,22029.39,21985.07,22023.17,177465,22012.54,16.52
2024-01-31,2024-01-31 10:00:00,22023.17,22049.64,22018.46,22045.6,270672,22037.9,16.54
2024-01-31,2024-01-31 10:05:00,22045.6,22062.86,22026.22,22052.42,155225,22047.17,16.6
2024-01-31,2024-01-31 10:10:00,22052.42,22067.84,22051.56,22052.21,228506,22057.2,16.58
2024-01-31,2024-01-31 10:15:00,22052.21,22077.43,22049.66,22076.35,210934,22067.81,16.56
2024-01-31,2024-01-31 10:20:00,22076.35,22092.67,22059.53,22078.16,172121,22076.79,16.57
2024-01-31,2024-01-31 10:25:00,22078.16,22079.29,22060.89,22075.28,204759,22071.82,16.59
2024-01-31,2024-01-31 10:30:00,22075.28,22109.83,22060.22,22100.55,179580,22090.2,16.58
2024-01-31,2024-01-31 10:35:00,22100.55,22150.06,22083.65,22144.84,153750,22126.18,16.64
2024-01-31,2024-01-31 10:40:00,22144.84,22148.39,22122.83,22128.15,190314,22133.12,16.66
2024-01-31,2024-01-31 10:45:00,22128.15,22153.68,22125.98,22139.26,290294,22139.64,16.65
2024-01-31,2024-01-31 10:50:00,22139.26,22139.28,22110.71,22120.27,196634,22123.42,16.6
2024-01-31,2024-01-31 10:55:00,22120.27,22141.86,22110.89,22132.91,177582,22128.55,16.64
2024-01-31,2024-01-31 11:00:00,22132.91,22152.09,22116.31,22120.07,114578,22129.49,16.68
2024-01-31,2024-01-31 11:05:00,22120.07,22165.91,22106.1,22146.84,286745,22139.62,16.67
2024-01-31,2024-01-31 11:10:00,22146.84,22156.37,22140.13,22147.5,92705,22148.0,16.68
2024-01-31,2024-01-31 11:15:00,22147.5,22162.95,22123.7,22151.09,82254,22145.91,16.68
2024-01-31,2024-01-31 11:20:00,22151.09,22209.78,22145.21,22186.26,188826,22180.42,16.69
2024-01-31,2024-01-31 11:25:00,22186.26,22192.66,22163.06,22174.29,114427,22176.67,16.66
2024-01-31,2024-01-31 11:30:00,22174.29,22193.95,22150.52,22190.62,251611,22178.36,16.63
2024-01-31,2024-01-31 11:35:00,22190.62,22194.49,22142.15,22180.63,82993,22172.42,16.65
2024-01-31,2024-01-31 11:40:00,22180.63,22214.48,22170.06,22207.17,239120,22197.24,16.68
2024-01-31,2024-01-31 11:45:00,22207.17,22247.28,22203.22,22245.55,226023,22232.02,16.66
2024-01-31,2024-01-31 11:50:00,22245.55,22255.62,22239.5,22242.95,170622,22246.02,16.64
2024-01-31,2024-01-31 11:55:00,22242.95,22247.08,22198.41,22201.7,70274,22215.73,16.68
2024-01-31,2024-01-31 12:00:00,22201.7,22213.26,22158.88,22183.37,81689,22185.17,16.65
2024-01-31,2024-01-31 12:05:00,22183.37,22248.31,22171.41,22248.12,179149,22222.61,16.66
2024-01-31,2024-01-31 12:10:00,22248.12,22250.28,22226.4,22232.32,148283,22236.33,16.65
2024-01-31,2024-01-31 12:15:00,22232.32,22301.41,22215.79,22279.57,217712,22265.59,16.61
2024-01-31,2024-01-31 12:20:00,22279.57,22287.55,22247.38,22263.36,158373,22266.09,16.62
2024-01-31,2024-01-31 12:25:00,22263.36,22265.77,22235.31,22246.5,152959,22249.19,16.62
2024-01-31,2024-01-31 12:30:00,22246.5,22284.12,22237.07,22267.3,61665,22262.83,16.63
2024-01-31,2024-01-31 12:35:00,22267.3,22309.05,22266.18,22284.92,226154,22286.72,16.63
2024-01-31,2024-01-31 12:40:00,22284.92,22314.06,22280.91,22307.71,125535,22300.89,16.7
2024-01-31,2024-01-31 12:45:00,22307.71,22311.23,22285.15,22307.84,138790,22301.41,16.73
2024-01-31,2024-01-31 12:50:00,22307.84,22341.87,22284.04,22335.53,106094,22320.48,16.73
2024-01-31,2024-01-31 12:55:00,22335.53,22386.03,22326.95,22361.3,87889,22358.09,16.74
2024-01-31,2024-01-31 13:00:00,22361.3,22373.74,22299.9,22312.89,293271,22328.84,16.79
2024-01-31,2024-01-31 13:05:00,22312.89,22336.48,22309.72,22335.12,223729,22327.11,16.82
2024-01-31,2024-01-31 13:10:00,22335.12,22337.54,22314.55,22332.91,225212,22328.33,16.78
2024-01-31,2024-01-31 13:15:00,22332.91,22383.43,22319.78,22375.06,149252,22359.42,16.81
2024-01-31,2024-01-31 13:20:00,22375.06,22433.47,22359.67,22430.85,81213,22408.0,16.85
2024-01-31,2024-01-31 13:25:00,22430.85,22440.62,22375.14,22392.25,377308,22402.67,16.89
2024-01-31,2024-01-31 13:30:00,22392.25,22417.26,22378.09,22412.67,192705,22402.67,16.88
2024-01-31,2024-01-31 13:35:00,22412.67,22446.36,22369.22,22373.87,171908,22396.48,16.87
2024-01-31,2024-01-31 13:40:00,22373.87,22378.13,22312.03,22326.64,140976,22338.93,16.84
2024-01-31,2024-01-31 13:45:00,22326.64,22402.93,22325.87,22401.06,71838,22376.62,16.85
2024-01-31,2024-01-31 13:50:00,22401.06,22420.83,22392.71,22409.45,256946,22407.66,16.87
2024-01-31,2024-01-31 13:55:00,22409.45,22437.38,22406.69,22429.69,106608,22424.59,16.86
2024-01-31,2024-01-31 14:00:00,22429.69,22446.82,22407.92,22422.14,202526,22425.63,16.85
2024-01-31,2024-01-31 14:05:00,22422.14,22443.38,22397.38,22409.0,221534,22416.59,16.79
2024-01-31,2024-01-31 14:10:00,22409.0,22441.36,22391.86,22435.87,186029,22423.03,16.83
2024-01-31,2024-01-31 14:15:00,22435.87,22440.06,22387.55,22420.83,196415,22416.15,16.79
2024-01-31,2024-01-31 14:20:00,22420.83,22459.51,22417.28,22457.48,278855,22444.76,16.8
2024-01-31,2024-01-31 14:25:00,22457.48,22507.86,22443.36,22481.27,118543,22477.5,16.81
2024-01-31,2024-01-31 14:30:00,22481.27,22499.51,22464.37,22468.8,173824,22477.56,16.81
2024-01-31,2024-01-31 14:35:00,22468.8,22479.78,22466.97,22474.19,148740,22473.65,16.81
2024-01-31,2024-01-31 14:40:00,22474.19,22499.21,22472.19,22484.06,77977,22485.15,16.78
2024-01-31,2024-01-31 14:45:00,22484.06,22522.97,22477.71,22501.19,182505,22500.62,16.77
2024-01-31,2024-01-31 14:50:00,22501.19,22530.56,22496.29,22520.55,268471,22515.8,16.8
2024-01-31,2024-01-31 14:55:00,22520.55,22556.66,22510.05,22522.95,282245,22529.89,16.84
2024-01-31,2024-01-31 15:00:00,22522.95,22538.44,22496.99,22499.65,342145,22511.69,16.82
2024-01-31,2024-01-31 15:05:00,22499.65,22516.14,22469.61,22512.27,80058,22499.34,16.78
2024-01-31,2024-01-31 15:10:00,22512.27,22527.58,22502.08,22505.15,312216,22511.6,16.75
2024-01-31,2024-01-31 15:15:00,22505.15,22512.93,22439.41,22440.58,175244,22464.3,16.81
2024-01-31,2024-01-31 15:20:00,22440.58,22480.72,22433.17,22447.54,308730,22453.81,16.79
2024-01-31,2024-01-31 15:25:00,22447.54,22449.01,22424.4,22429.26,138980,22434.22,16.78
2024-01-31,2024-01-31 15:30:00,22429.26,22442.06,22414.18,22417.19,131620,22424.48,16.83
2024-02-01,2024-02-01 09:15:00,22417.19,22423.6,22414.31,22417.19,215107,22418.36,17.45
2024-02-01,2024-02-01 09:20:00,22417.19,22419.25,22396.11,22409.25,141632,22408.2,17.42
2024-02-01,2024-02-01 09:25:00,22409.25,22428.28,22356.77,22379.6,102475,22388.22,17.43
2024-02-01,2024-02-01 09:30:00,22379.6,22404.33,22335.88,22345.73,271711,22361.98,17.44
2024-02-01,2024-02-01 09:35:00,22345.73,22356.32,22343.13,22354.37,264759,22351.27,17.41
2024-02-01,2024-02-01 09:40:00,22354.37,22364.43,22345.44,22359.77,173200,22356.55,17.41
2024-02-01,2024-02-01 09:45:00,22359.77,22373.03,22351.36,22353.89,98209,22359.42,17.43
2024-02-01,2024-02-01 09:50:00,22353.89,22355.86,22301.69,22323.23,99527,22326.93,17.39
2024-02-01,2024-02-01 09:55:00,22323.23,22338.05,22309.36,22335.38,169887,22327.6,17.43
2024-02-01,2024-02-01 10:00:00,22335.38,22366.11,22323.57,22363.63,133259,22351.1,17.42
2024-02-01,2024-02-01 10:05:00,22363.63,22376.37,22362.99,22371.91,141997,22370.42,17.45
2024-02-01,2024-02-01 10:10:00,22371.91,22379.42,22348.21,22357.53,244944,22361.72,17.44
2024-02-01,2024-02-01 10:15:00,22357.53,22364.3,22351.67,22361.11,218222,22359.02,17.41
2024-02-01,2024-02-01 10:20:00,22361.11,22377.35,22321.94,22336.3,282450,22345.19,17.39
2024-02-01,2024-02-01 10:25:00,22336.3,22372.84,22332.34,22360.25,109507,22355.14,17.39
2024-02-01,2024-02-01 10:30:00,22360.25,22371.91,22351.13,22364.58,141878,22362.54,17.38
2024-02-01,2024-02-01 10:35:00,22364.58,22368.36,22331.51,22331.67,220486,22343.85,17.37
2024-02-01,2024-02-01 10:40:00,22331.67,22345.75,22325.1,22328.31,194703,22333.05,17.38
2024-02-01,2024-02-01 10:45:00,22328.31,22355.88,22321.75,22340.3,300424,22339.31,17.38
2024-02-01,2024-02-01 10:50:00,22340.3,22345.09,22320.47,22336.28,192569,22333.95,17.38
2024-02-01,2024-02-01 10:55:00,22336.28,22349.05,22333.02,22333.41,340865,22338.5,17.32
2024-02-01,2024-02-01 11:00:00,22333.41,22337.43,22306.19,22311.48,201996,22318.37,17.34
2024-02-01,2024-02-01 11:05:00,22311.48,22331.71,22311.04,22325.54,248915,22322.76,17.33
2024-02-01,2024-02-01 11:10:00,22325.54,22327.41,22297.15,22315.19,142999,22313.25,17.38
2024-02-01,2024-02-01 11:15:00,22315.19,22318.63,22264.21,22274.56,163687,22285.8,17.35
2024-02-01,2024-02-01 11:20:00,22274.56,22277.61,22269.69,22269.79,234304,22272.36,17.3
2024-02-01,2024-02-01 11:25:00,22269.79,22301.05,22266.89,22292.12,310267,22286.69,17.32
2024-02-01,2024-02-01 11:30:00,22292.12,22312.79,22283.08,22287.04,217878,22294.3,17.33
2024-02-01,2024-02-01 11:35:00,22287.04,22329.44,22281.64,22324.57,157429,22311.88,17.3
2024-02-01,2024-02-01 11:40:00,22324.57,22339.84,22300.12,22335.87,282358,22325.28,17.25
2024-02-01,2024-02-01 11:45:00,22335.87,22352.51,22331.83,22345.36,67724,22343.23,17.3
2024-02-01,2024-02-01 11:50:00,22345.36,22365.47,22325.46,22345.46,92143,22345.46,17.34
2024-02-01,2024-02-01 11:55:00,22345.46,22352.01,22328.32,22346.77,213769,22342.37,17.27
2024-02-01,2024-02-01 12:00:00,22346.77,22366.6,22338.89,22339.7,163675,22348.4,17.25
2024-02-01,2024-02-01 12:05:00,22339.7,22348.54,22329.01,22331.6,207358,22336.38,17.3
2024-02-01,2024-02-01 12:10:00,22331.6,22363.64,22319.58,22345.83,167002,22343.02,17.29
2024-02-01,2024-02-01 12:15:00,22345.83,22356.79,22315.08,22320.73,204511,22330.86,17.27
2024-02-01,2024-02-01 12:20:00,22320.73,22332.96,22276.82,22291.91,117505,22300.57,17.26
2024-02-01,2024-02-01 12:25:00,22291.91,22296.02,22260.92,22261.87,204473,22272.94,17.23
2024-02-01,2024-02-01 12:30:00,22261.87,22317.2,22257.39,22316.52,242259,22297.04,17.18
2024-02-01,2024-02-01 12:35:00,22316.52,22339.1,22293.16,22330.72,265194,22320.99,17.21
2024-02-01,2024-02-01 12:40:00,22330.72,22341.87,22321.47,22338.88,364186,22334.07,17.16
2024-02-01,2024-02-01 12:45:00,22338.88,22343.0,22308.07,22310.53,179447,22320.53,17.16
2024-02-01,2024-02-01 12:50:00,22310.53,22345.56,22308.99,22327.22,181600,22327.26,17.19
2024-02-01,2024-02-01 12:55:00,22327.22,22328.54,22304.24,22324.09,88497,22318.96,17.15
2024-02-01,2024-02-01 13:00:00,22324.09,22340.42,22308.67,22329.35,131588,22326.15,17.12
2024-02-01,2024-02-01 13:05:00,22329.35,22334.33,22327.98,22331.31,150657,22331.21,17.16
2024-02-01,2024-02-01 13:10:00,22331.31,22353.64,22299.84,22300.34,247738,22317.94,17.17
2024-02-01,2024-02-01 13:15:00,22300.34,22309.42,22274.63,22279.98,127465,22288.01,17.15
2024-02-01,2024-02-01 13:20:00,22279.98,22288.19,22235.42,22245.94,223806,22256.52,17.19
2024-02-01,2024-02-01 13:25:00,22245.94,22311.41,22239.84,22291.02,162649,22280.76,17.23
2024-02-01,2024-02-01 13:30:00,22291.02,22316.28,22286.11,22310.33,151620,22304.24,17.23
2024-02-01,2024-02-01 13:35:00,22310.33,22331.76,22266.36,22278.35,179792,22292.16,17.21
2024-02-01,2024-02-01 13:40:00,22278.35,22290.27,22241.14,22248.79,139181,22260.07,17.19
2024-02-01,2024-02-01 13:45:00,22248.79,22250.86,22202.7,22222.59,137088,22225.38,17.2
2024-02-01,2024-02-01 13:50:00,22222.59,22246.76,22138.27,22147.9,82296,22177.64,17.2
2024-02-01,2024-02-01 13:55:00,22147.9,22148.16,22063.98,22076.2,147387,22096.11,17.22
2024-02-01,2024-02-01 14:00:00,22076.2,22094.02,22069.31,22092.67,134324,22085.33,17.18
2024-02-01,2024-02-01 14:05:00,22092.67,22143.59,22071.49,22128.09,132403,22114.39,17.13
2024-02-01,2024-02-01 14:10:00,22128.09,22156.11,22108.31,22135.01,192287,22133.14,17.14
2024-02-01,2024-02-01 14:15:00,22135.01,22144.11,22081.91,22109.16,211811,22111.73,17.12
2024-02-01,2024-02-01 14:20:00,22109.16,22119.79,22084.19,22104.65,178595,22102.88,17.11
2024-02-01,2024-02-01 14:25:00,22104.65,22114.81,22073.71,22078.16,242356,22088.89,17.05
2024-02-01,2024-02-01 14:30:00,22078.16,22104.82,22062.87,22090.59,204889,22086.09,17.05
2024-02-01,2024-02-01 14:35:00,22090.59,22097.2,22044.87,22058.97,144636,22067.01,17.05
2024-02-01,2024-02-01 14:40:00,22058.97,22084.68,22028.31,22050.59,135246,22054.52,17.07
2024-02-01,2024-02-01 14:45:00,22050.59,22052.64,22025.26,22026.68,184449,22034.86,17.07
2024-02-01,2024-02-01 14:50:00,22026.68,22042.98,22005.45,22027.71,204742,22025.38,17.07
2024-02-01,2024-02-01 14:55:00,22027.71,22030.38,22016.0,22017.87,284684,22021.42,17.1
2024-02-01,2024-02-01 15:00:00,22017.87,22032.95,22013.88,22020.01,262096,22022.28,17.07
2024-02-01,2024-02-01 15:05:00,22020.01,22024.04,22000.56,22018.74,131060,22014.44,17.08
2024-02-01,2024-02-01 15:10:00,22018.74,22033.9,21989.92,21995.25,156247,22006.36,17.03
2024-02-01,2024-02-01 15:15:00,21995.25,22011.79,21968.39,22007.28,212863,21995.82,17.01
2024-02-01,2024-02-01 15:20:00,22007.28,22024.42,21978.14,22004.44,249496,22002.34,16.97
2024-02-01,2024-02-01 15:25:00,22004.44,22037.73,21979.2,21980.93,236946,21999.29,16.99
2024-02-01,2024-02-01 15:30:00,21980.93,22030.4,21973.31,22028.43,158648,22010.71,16.99
2024-02-02,2024-02-02 09:15:00,22028.43,22034.36,22022.51,22028.43,175650,22028.43,17.46
2024-02-02,2024-02-02 09:20:00,22028.43,22043.03,22007.2,22011.66,141164,22020.63,17.44
2024-02-02,2024-02-02 09:25:00,22011.66,22015.0,22006.93,22014.08,188573,22012.0,17.47
2024-02-02,2024-02-02 09:30:00,22014.08,22029.71,21994.05,21998.08,152602,22007.28,17.48
2024-02-02,2024-02-02 09:35:00,21998.08,22003.16,21989.84,21992.54,123372,21995.18,17.5
2024-02-02,2024-02-02 09:40:00,21992.54,22022.53,21992.17,22004.67,253247,22006.45,17.48
2024-02-02,2024-02-02 09:45:00,22004.67,22029.43,21999.37,22010.18,179122,22013.0,17.43
2024-02-02,2024-02-02 09:50:00,22010.18,22038.29,21999.92,22033.79,159303,22024.0,17.43
2024-02-02,2024-02-02 09:55:00,22033.79,22049.93,22019.65,22042.27,192527,22037.28,17.43
2024-02-02,2024-02-02 10:00:00,22042.27,22058.34,22031.93,22051.91,83410,22047.39,17.4
2024-02-02,2024-02-02 10:05:00,22051.91,22060.3,22038.82,22040.42,375522,22046.51,17.43
2024-02-02,2024-02-02 10:10:00,22040.42,22076.44,22011.8,22016.66,164369,22034.97,17.43
2024-02-02,2024-02-02 10:15:00,22016.66,22024.69,21996.48,22011.12,74215,22010.76,17.4
2024-02-02,2024-02-02 10:20:00,22011.12,22020.56,21992.34,21999.36,262718,22004.09,17.42
2024-02-02,2024-02-02 10:25:00,21999.36,22009.6,21991.14,21998.7,120504,21999.81,17.44
2024-02-02,2024-02-02 10:30:00,21998.7,22005.36,21969.09,21980.23,247084,21984.89,17.42
2024-02-02,2024-02-02 10:35:00,21980.23,22002.54,21977.93,21999.54,170864,21993.34,17.45
2024-02-02,2024-02-02 10:40:00,21999.54,22009.88,21975.92,21987.7,86840,21991.17,17.52
2024-02-02,2024-02-02 10:45:00,21987.7,22013.15,21982.69,21983.14,180683,21993.0,17.49
2024-02-02,2024-02-02 10:50:00,21983.14,21992.94,21978.4,21985.38,175445,21985.57,17.48
2024-02-02,2024-02-02 10:55:00,21985.38,22017.14,21978.62,22010.25,257998,22002.0,17.49
2024-02-02,2024-02-02 11:00:00,22010.25,22060.58,22003.56,22047.73,200559,22037.29,17.56
2024-02-02,2024-02-02 11:05:00,22047.73,22103.47,22034.55,22086.63,99134,22074.88,17.54
2024-02-02,2024-02-02 11:10:00,22086.63,22087.4,22058.92,22063.8,243022,22070.04,17.51
2024-02-02,2024-02-02 11:15:00,22063.8,22071.4,22036.42,22059.04,137912,22055.62,17.48
2024-02-02,2024-02-02 11:20:00,22059.04,22067.15,22038.82,22050.5,323872,22052.16,17.52
2024-02-02,2024-02-02 11:25:00,22050.5,22069.49,22043.67,22060.5,141221,22057.89,17.5
2024-02-02,2024-02-02 11:30:00,22060.5,22070.15,22054.44,22069.29,149564,22064.63,17.47
2024-02-02,2024-02-02 11:35:00,22069.29,22080.25,22048.6,22060.36,117152,22063.07,17.48
2024-02-02,2024-02-02 11:40:00,22060.36,22062.91,22049.66,22049.86,133327,22054.15,17.49
2024-02-02,2024-02-02 11:45:00,22049.86,22061.39,22024.52,22032.71,119949,22039.54,17.52
2024-02-02,2024-02-02 11:50:00,22032.71,22035.33,21976.6,21982.73,260557,21998.22,17.52
2024-02-02,2024-02-02 11:55:00,21982.73,21984.52,21948.51,21959.68,95549,21964.24,17.53
2024-02-02,2024-02-02 12:00:00,21959.68,21994.77,21956.81,21982.52,224545,21978.03,17.53
2024-02-02,2024-02-02 12:05:00,21982.52,22024.13,21964.36,22021.16,226718,22003.22,17.49
2024-02-02,2024-02-02 12:10:00,22021.16,22064.34,22007.47,22056.78,282382,22042.86,17.48
2024-02-02,2024-02-02 12:15:00,22056.78,22093.64,22055.07,22080.84,165628,22076.52,17.49
2024-02-02,2024-02-02 12:20:00,22080.84,22085.89,22050.48,22054.03,107939,22063.47,17.47
2024-02-02,2024-02-02 12:25:00,22054.03,22074.48,22016.92,22022.77,151948,22038.06,17.43
2024-02-02,2024-02-02 12:30:00,22022.77,22023.92,21970.04,21974.91,206463,21989.62,17.39
2024-02-02,2024-02-02 12:35:00,21974.91,21988.58,21956.5,21959.53,168365,21968.21,17.39
2024-02-02,2024-02-02 12:40:00,21959.53,21977.33,21946.52,21961.82,188469,21961.89,17.42
2024-02-02,2024-02-02 12:45:00,21961.82,21969.42,21914.62,21935.26,281001,21939.77,17.47
2024-02-02,2024-02-02 12:50:00,21935.26,21950.5,21921.25,21946.61,205417,21939.46,17.46
2024-02-02,2024-02-02 12:55:00,21946.61,21966.23,21941.59,21963.78,176200,21957.2,17.44
2024-02-02,2024-02-02 13:00:00,21963.78,21987.93,21961.64,21987.32,77827,21978.96,17.43
2024-02-02,2024-02-02 13:05:00,21987.32,21997.99,21972.64,21995.74,118950,21988.79,17.4
2024-02-02,2024-02-02 13:10:00,21995.74,22017.55,21973.8,21974.66,138431,21988.67,17.42
2024-02-02,2024-02-02 13:15:00,21974.66,21987.87,21957.04,21968.14,73803,21971.02,17.49
2024-02-02,2024-02-02 13:20:00,21968.14,21982.93,21924.09,21933.21,104432,21946.74,17.47
2024-02-02,2024-02-02 13:25:00,21933.21,21938.85,21925.48,21931.2,146183,21931.84,17.43
2024-02-02,2024-02-02 13:30:00,21931.2,21966.69,21931.08,21941.55,156015,21946.44,17.46
2024-02-02,2024-02-02 13:35:00,21941.55,21988.0,21939.62,21974.32,199251,21967.31,17.47
2024-02-02,2024-02-02 13:40:00,21974.32,22027.95,21971.15,22027.54,149923,22008.88,17.48
2024-02-02,2024-02-02 13:45:00,22027.54,22078.91,22016.02,22063.51,179730,22052.81,17.53
2024-02-02,2024-02-02 13:50:00,22063.51,22071.0,22039.97,22060.96,137707,22057.31,17.49
2024-02-02,2024-02-02 13:55:00,22060.96,22094.76,22052.6,22088.33,165513,22078.57,17.44
2024-02-02,2024-02-02 14:00:00,22088.33,22092.22,22073.44,22080.32,194928,22082.0,17.44
2024-02-02,2024-02-02 14:05:00,22080.32,22086.22,22061.1,22069.22,293329,22072.18,17.44
2024-02-02,2024-02-02 14:10:00,22069.22,22076.27,22046.11,22051.12,132474,22057.83,17.43
2024-02-02,2024-02-02 14:15:00,22051.12,22074.67,22038.65,22040.85,172417,22051.39,17.5
2024-02-02,2024-02-02 14:20:00,22040.85,22085.81,22026.22,22064.06,230418,22058.7,17.5
2024-02-02,2024-02-02 14:25:00,22064.06,22078.19,22046.69,22065.48,91506,22063.45,17.48
2024-02-02,2024-02-02 14:30:00,22065.48,22093.51,22036.0,22037.68,361902,22055.73,17.48
2024-02-02,2024-02-02 14:35:00,22037.68,22058.76,22034.95,22058.62,260826,22050.78,17.51
2024-02-02,2024-02-02 14:40:00,22058.62,22099.91,22056.49,22094.91,82076,22083.77,17.49
2024-02-02,2024-02-02 14:45:00,22094.91,22106.43,22074.53,22104.07,188820,22095.01,17.49
2024-02-02,2024-02-02 14:50:00,22104.07,22126.15,22102.43,22122.0,129860,22116.86,17.52
2024-02-02,2024-02-02 14:55:00,22122.0,22155.81,22112.14,22147.24,138837,22138.4,17.55
2024-02-02,2024-02-02 15:00:00,22147.24,22169.65,22106.82,22108.78,187250,22128.42,17.55
2024-02-02,2024-02-02 15:05:00,22108.78,22157.4,22094.57,22148.23,247746,22133.4,17.63
2024-02-02,2024-02-02 15:10:00,22148.23,22181.09,22138.22,22170.79,135083,22163.37,17.69
2024-02-02,2024-02-02 15:15:00,22170.79,22189.29,22166.36,22179.86,135811,22178.5,17.64
2024-02-02,2024-02-02 15:20:00,22179.86,22215.0,22169.91,22175.3,188879,22186.74,17.59
2024-02-02,2024-02-02 15:25:00,22175.3,22186.39,22137.4,22143.87,204593,22155.89,17.62
2024-02-02,2024-02-02 15:30:00,22143.87,22160.97,22126.06,22134.76,108787,22140.6,17.66
2024-02-05,2024-02-05 09:15:00,22134.76,22136.41,22115.84,22134.76,116859,22129.0,12.97
2024-02-05,2024-02-05 09:20:00,22134.76,22142.93,22130.12,22132.94,214113,22135.33,12.96
2024-02-05,2024-02-05 09:25:00,22132.94,22171.82,22128.93,22155.82,126035,22152.19,12.93
2024-02-05,2024-02-05 09:30:00,22155.82,22175.62,22114.03,22135.12,152892,22141.59,12.92
2024-02-05,2024-02-05 09:35:00,22135.12,22161.5,22129.8,22158.23,214209,22149.85,12.94
2024-02-05,2024-02-05 09:40:00,22158.23,22164.17,22145.77,22147.97,125903,22152.64,12.96
2024-02-05,2024-02-05 09:45:00,22147.97,22165.66,22136.85,22157.85,129606,22153.45,12.94
2024-02-05,2024-02-05 09:50:00,22157.85,22157.94,22145.45,22150.34,206213,22151.24,12.91
2024-02-05,2024-02-05 09:55:00,22150.34,22163.85,22144.26,22156.63,115486,22154.91,12.93
2024-02-05,2024-02-05 10:00:00,22156.63,22187.84,22142.39,22177.08,139536,22169.1,12.91
2024-02-05,2024-02-05 10:05:00,22177.08,22197.81,22140.5,22155.25,203271,22164.52,12.91
2024-02-05,2024-02-05 10:10:00,22155.25,22168.44,22140.06,22144.35,370140,22150.95,12.92
2024-02-05,2024-02-05 10:15:00,22144.35,22168.57,22123.79,22150.69,207349,22147.68,12.93
2024-02-05,2024-02-05 10:20:00,22150.69,22215.55,22147.98,22201.23,196625,22188.25,12.95
2024-02-05,2024-02-05 10:25:00,22201.23,22215.18,22184.08,22186.65,201253,22195.3,12.91
2024-02-05,2024-02-05 10:30:00,22186.65,22239.09,22164.33,22230.05,105950,22211.15,12.86
2024-02-05,2024-02-05 10:35:00,22230.05,22289.98,22209.17,22272.82,170457,22257.32,12.84
2024-02-05,2024-02-05 10:40:00,22272.82,22277.96,22264.79,22273.54,160828,22272.1,12.89
2024-02-05,2024-02-05 10:45:00,22273.54,22279.61,22259.24,22270.23,185096,22269.7,12.96
2024-02-05,2024-02-05 10:50:00,22270.23,22271.12,22254.56,22259.04,170519,22261.57,13.01
2024-02-05,2024-02-05 10:55:00,22259.04,22263.8,22256.63,22260.34,189449,22260.25,13.0
2024-02-05,2024-02-05 11:00:00,22260.34,22274.57,22222.07,22234.83,143689,22243.83,12.95
2024-02-05,2024-02-05 11:05:00,22234.83,22243.91,22226.95,22235.97,166615,22235.61,12.88
2024-02-05,2024-02-05 11:10:00,22235.97,22276.79,22219.36,22268.6,99595,22254.91,12.86
2024-02-05,2024-02-05 11:15:00,22268.6,22272.93,22258.33,22259.02,143205,22263.43,12.86
2024-02-05,2024-02-05 11:20:00,22259.02,22262.2,22251.86,22256.87,283887,22256.97,12.9
2024-02-05,2024-02-05 11:25:00,22256.87,22258.25,22223.93,22225.46,184891,22235.88,12.92
2024-02-05,2024-02-05 11:30:00,22225.46,22235.93,22209.69,22235.61,161398,22227.08,12.93
2024-02-05,2024-02-05 11:35:00,22235.61,22253.59,22223.16,22243.57,347475,22240.11,12.9
2024-02-05,2024-02-05 11:40:00,22243.57,22251.52,22236.86,22247.52,94434,22245.3,12.87
2024-02-05,2024-02-05 11:45:00,22247.52,22247.55,22215.07,22245.85,104424,22236.16,12.88
2024-02-05,2024-02-05 11:50:00,22245.85,22264.2,22229.1,22242.66,322895,22245.32,12.9
2024-02-05,2024-02-05 11:55:00,22242.66,22261.55,22231.68,22255.37,165774,22249.53,12.91
2024-02-05,2024-02-05 12:00:00,22255.37,22260.55,22237.09,22254.6,147704,22250.75,12.88
2024-02-05,2024-02-05 12:05:00,22254.6,22280.08,22252.5,22263.01,100742,22265.2,12.9
2024-02-05,2024-02-05 12:10:00,22263.01,22284.21,22249.97,22268.76,194673,22267.65,12.91
2024-02-05,2024-02-05 12:15:00,22268.76,22315.76,22241.07,22298.78,202356,22285.2,12.88
2024-02-05,2024-02-05 12:20:00,22298.78,22333.57,22296.04,22316.89,105051,22315.5,12.86
2024-02-05,2024-02-05 12:25:00,22316.89,22340.24,22309.35,22322.06,153874,22323.88,12.88
2024-02-05,2024-02-05 12:30:00,22322.06,22364.66,22312.66,22362.73,142314,22346.68,12.87
2024-02-05,2024-02-05 12:35:00,22362.73,22379.63,22357.56,22374.01,180302,22370.4,12.92
2024-02-05,2024-02-05 12:40:00,22374.01,22415.72,22358.96,22409.05,104015,22394.58,12.93
2024-02-05,2024-02-05 12:45:00,22409.05,22437.79,22407.25,22425.37,268546,22423.47,12.92
2024-02-05,2024-02-05 12:50:00,22425.37,22430.83,22373.04,22375.8,234762,22393.22,12.92
2024-02-05,2024-02-05 12:55:00,22375.8,22421.78,22374.27,22410.84,140748,22402.3,12.92
2024-02-05,2024-02-05 13:00:00,22410.84,22435.33,22410.81,22419.65,149258,22421.93,12.9
2024-02-05,2024-02-05 13:05:00,22419.65,22494.56,22405.0,22474.87,154111,22458.14,12.87
2024-02-05,2024-02-05 13:10:00,22474.87,22477.41,22436.73,22451.67,119214,22455.27,12.89
2024-02-05,2024-02-05 13:15:00,22451.67,22459.38,22427.14,22431.11,136301,22439.21,12.92
2024-02-05,2024-02-05 13:20:00,22431.11,22487.98,22425.8,22479.2,146077,22464.33,12.94
2024-02-05,2024-02-05 13:25:00,22479.2,22536.19,22468.32,22534.6,310254,22513.04,12.98
2024-02-05,2024-02-05 13:30:00,22534.6,22550.24,22467.32,22473.52,237672,22497.03,12.97
2024-02-05,2024-02-05 13:35:00,22473.52,22493.66,22471.14,22484.46,236537,22483.08,13.02
2024-02-05,2024-02-05 13:40:00,22484.46,22512.36,22463.76,22496.8,188710,22490.97,12.99
2024-02-05,2024-02-05 13:45:00,22496.8,22565.6,22474.02,22559.04,104096,22532.89,12.96
2024-02-05,2024-02-05 13:50:00,22559.04,22560.98,22527.52,22535.65,160075,22541.39,12.91
2024-02-05,2024-02-05 13:55:00,22535.65,22550.19,22483.58,22490.63,239952,22508.14,12.89
2024-02-05,2024-02-05 14:00:00,22490.63,22529.13,22481.82,22524.58,98389,22511.84,12.88
2024-02-05,2024-02-05 14:05:00,22524.58,22535.36,22510.81,22529.18,209949,22525.12,12.89
2024-02-05,2024-02-05 14:10:00,22529.18,22543.32,22516.2,22527.21,412109,22528.91,12.9
2024-02-05,2024-02-05 14:15:00,22527.21,22537.67,22510.3,22516.46,248880,22521.48,12.86
2024-02-05,2024-02-05 14:20:00,22516.46,22523.15,22478.71,22483.48,286533,22495.11,12.85
2024-02-05,2024-02-05 14:25:00,22483.48,22505.6,22454.27,22503.89,177608,22487.92,12.84
2024-02-05,2024-02-05 14:30:00,22503.89,22511.33,22470.41,22484.63,239707,22488.79,12.79
2024-02-05,2024-02-05 14:35:00,22484.63,22503.78,22451.49,22465.3,122132,22473.52,12.76
2024-02-05,2024-02-05 14:40:00,22465.3,22497.36,22449.55,22485.79,223763,22477.57,12.74
2024-02-05,2024-02-05 14:45:00,22485.79,22488.46,22428.2,22441.65,211452,22452.77,12.78
2024-02-05,2024-02-05 14:50:00,22441.65,22446.03,22389.23,22405.66,182766,22413.64,12.78
2024-02-05,2024-02-05 14:55:00,22405.66,22407.66,22388.58,22403.46,275516,22399.9,12.8
2024-02-05,2024-02-05 15:00:00,22403.46,22412.3,22385.52,22408.24,131201,22402.02,12.76
2024-02-05,2024-02-05 15:05:00,22408.24,22429.86,22400.88,22417.31,151021,22416.02,12.8
2024-02-05,2024-02-05 15:10:00,22417.31,22418.17,22391.93,22408.75,169089,22406.28,12.83
2024-02-05,2024-02-05 15:15:00,22408.75,22473.14,22402.96,22463.66,107813,22446.59,12.77
2024-02-05,2024-02-05 15:20:00,22463.66,22487.57,22453.53,22456.75,178219,22465.95,12.75
2024-02-05,2024-02-05 15:25:00,22456.75,22509.6,22446.15,22449.77,81832,22468.5,12.77
2024-02-05,2024-02-05 15:30:00,22449.77,22453.59,22426.7,22430.08,247404,22436.79,12.79
2024-02-06,2024-02-06 09:15:00,22430.08,22438.09,22426.94,22430.08,75033,22431.7,13.91
2024-02-06,2024-02-06 09:20:00,22430.08,22465.24,22402.35,22436.28,186535,22434.62,13.91
2024-02-06,2024-02-06 09:25:00,22436.28,22446.65,22417.19,22421.79,147153,22428.54,13.91
2024-02-06,2024-02-06 09:30:00,22421.79,22424.1,22413.38,22421.49,155607,22419.66,13.96
2024-02-06,2024-02-06 09:35:00,22421.49,22426.5,22408.08,22415.97,116447,22416.85,14.01
2024-02-06,2024-02-06 09:40:00,22415.97,22434.27,22394.25,22402.03,187082,22410.18,14.03
2024-02-06,2024-02-06 09:45:00,22402.03,22437.02,22371.68,22425.18,247751,22411.29,14.04
2024-02-06,2024-02-06 09:50:00,22425.18,22459.44,22416.32,22443.64,125896,22439.8,14.01
2024-02-06,2024-02-06 09:55:00,22443.64,22468.75,22428.54,22463.27,83035,22453.52,14.06
2024-02-06,2024-02-06 10:00:00,22463.27,22490.56,22462.94,22482.64,144170,22478.71,14.05
2024-02-06,2024-02-06 10:05:00,22482.64,22513.13,22459.06,22466.81,220249,22479.66,14.06
2024-02-06,2024-02-06 10:10:00,22466.81,22483.56,22450.12,22457.29,137528,22463.66,14.08
2024-02-06,2024-02-06 10:15:00,22457.29,22493.67,22424.04,22489.47,89409,22469.06,14.08
2024-02-06,2024-02-06 10:20:00,22489.47,22495.01,22480.56,22494.36,220862,22489.97,14.11
2024-02-06,2024-02-06 10:25:00,22494.36,22495.41,22451.74,22467.29,286684,22471.48,14.13
2024-02-06,2024-02-06 10:30:00,22467.29,22501.41,22462.88,22474.37,164063,22479.55,14.16
2024-02-06,2024-02-06 10:35:00,22474.37,22493.11,22457.7,22490.31,85620,22480.38,14.17
2024-02-06,2024-02-06 10:40:00,22490.31,22507.37,22473.54,22503.62,143324,22494.84,14.17
2024-02-06,2024-02-06 10:45:00,22503.62,22525.57,22474.3,22487.32,172925,22495.73,14.17
2024-02-06,2024-02-06 10:50:00,22487.32,22528.63,22483.32,22528.2,117725,22513.38,14.17
2024-02-06,2024-02-06 10:55:00,22528.2,22532.72,22488.61,22500.48,205530,22507.27,14.13
2024-02-06,2024-02-06 11:00:00,22500.48,22524.0,22473.49,22505.43,113211,22500.97,14.1
2024-02-06,2024-02-06 11:05:00,22505.43,22555.94,22491.19,22543.3,164431,22530.14,14.12
2024-02-06,2024-02-06 11:10:00,22543.3,22564.63,22535.79,22558.01,148549,22552.81,14.09
2024-02-06,2024-02-06 11:15:00,22558.01,22585.1,22531.13,22577.7,208218,22564.64,14.07
2024-02-06,2024-02-06 11:20:00,22577.7,22579.09,22550.17,22559.01,161828,22562.75,14.04
2024-02-06,2024-02-06 11:25:00,22559.01,22576.08,22548.79,22568.76,150452,22564.55,14.03
2024-02-06,2024-02-06 11:30:00,22568.76,22598.31,22565.52,22570.72,118048,22578.19,14.02
2024-02-06,2024-02-06 11:35:00,22570.72,22573.73,22531.94,22550.48,165034,22552.05,14.01
2024-02-06,2024-02-06 11:40:00,22550.48,22594.7,22536.73,22570.74,146666,22567.39,13.97
2024-02-06,2024-02-06 11:45:00,22570.74,22597.27,22556.39,22556.8,114896,22570.15,13.96
2024-02-06,2024-02-06 11:50:00,22556.8,22558.81,22541.99,22545.28,173476,22548.69,13.93
2024-02-06,2024-02-06 11:55:00,22545.28,22561.28,22536.74,22556.76,188261,22551.59,13.92
2024-02-06,2024-02-06 12:00:00,22556.76,22563.97,22549.62,22552.88,142149,22555.49,13.94
2024-02-06,2024-02-06 12:05:00,22552.88,22566.37,22551.52,22557.47,236245,22558.45,13.97
2024-02-06,2024-02-06 12:10:00,22557.47,22560.37,22543.22,22551.93,180880,22551.84,13.93
2024-02-06,2024-02-06 12:15:00,22551.93,22617.62,22536.49,22590.17,97388,22581.43,13.97
2024-02-06,2024-02-06 12:20:00,22590.17,22611.7,22547.86,22565.1,277883,22574.89,13.96
2024-02-06,2024-02-06 12:25:00,22565.1,22574.87,22551.6,22552.51,221193,22559.66,13.94
2024-02-06,2024-02-06 12:30:00,22552.51,22587.7,22551.79,22565.53,242979,22568.34,13.91
2024-02-06,2024-02-06 12:35:00,22565.53,22575.67,22536.03,22538.78,191032,22550.16,13.92
2024-02-06,2024-02-06 12:40:00,22538.78,22540.47,22510.65,22510.86,63889,22520.66,13.98
2024-02-06,2024-02-06 12:45:00,22510.86,22516.88,22497.62,22514.58,251965,22509.69,13.93
2024-02-06,2024-02-06 12:50:00,22514.58,22539.12,22494.93,22538.02,166760,22524.02,13.87
2024-02-06,2024-02-06 12:55:00,22538.02,22571.97,22512.58,22565.0,187453,22549.85,13.88
2024-02-06,2024-02-06 13:00:00,22565.0,22599.4,22557.6,22583.45,202026,22580.15,13.89
2024-02-06,2024-02-06 13:05:00,22583.45,22625.61,22575.34,22625.04,353101,22608.67,13.89
2024-02-06,2024-02-06 13:10:00,22625.04,22714.79,22623.26,22699.28,130811,22679.11,13.91
2024-02-06,2024-02-06 13:15:00,22699.28,22707.14,22686.08,22704.91,132169,22699.38,13.88
2024-02-06,2024-02-06 13:20:00,22704.91,22713.72,22647.1,22680.35,115796,22680.39,13.85
2024-02-06,2024-02-06 13:25:00,22680.35,22682.61,22638.62,22638.68,106087,22653.3,13.85
2024-02-06,2024-02-06 13:30:00,22638.68,22689.86,22630.9,22681.58,106872,22667.44,13.91
2024-02-06,2024-02-06 13:35:00,22681.58,22691.1,22591.65,22593.63,77597,22625.46,13.92
2024-02-06,2024-02-06 13:40:00,22593.63,22663.78,22578.82,22662.93,193041,22635.18,13.94
2024-02-06,2024-02-06 13:45:00,22662.93,22682.58,22662.67,22679.34,360455,22674.86,13.91
2024-02-06,2024-02-06 13:50:00,22679.34,22683.47,22673.53,22678.43,369767,22678.47,13.92
2024-02-06,2024-02-06 13:55:00,22678.43,22689.33,22637.42,22656.5,115734,22661.08,13.89
2024-02-06,2024-02-06 14:00:00,22656.5,22662.37,22645.38,22646.86,145967,22651.53,13.94
2024-02-06,2024-02-06 14:05:00,22646.86,22661.98,22631.1,22640.24,266555,22644.44,13.91
2024-02-06,2024-02-06 14:10:00,22640.24,22663.25,22610.99,22622.4,193481,22632.21,13.88
2024-02-06,2024-02-06 14:15:00,22622.4,22642.45,22595.21,22632.93,171751,22623.53,13.84
2024-02-06,2024-02-06 14:20:00,22632.93,22641.43,22593.67,22624.55,146870,22619.88,13.84
2024-02-06,2024-02-06 14:25:00,22624.55,22627.72,22616.4,22620.95,260750,22621.69,13.84
2024-02-06,2024-02-06 14:30:00,22620.95,22638.01,22611.49,22614.5,105956,22621.33,13.89
2024-02-06,2024-02-06 14:35:00,22614.5,22620.01,22588.67,22607.54,197274,22605.4,13.91
2024-02-06,2024-02-06 14:40:00,22607.54,22618.7,22605.62,22609.31,186833,22611.21,13.89
2024-02-06,2024-02-06 14:45:00,22609.31,22615.39,22579.26,22597.32,165603,22597.32,13.92
2024-02-06,2024-02-06 14:50:00,22597.32,22616.54,22569.51,22586.4,223036,22590.81,13.88
2024-02-06,2024-02-06 14:55:00,22586.4,22639.45,22569.12,22608.82,164966,22605.8,13.86
2024-02-06,2024-02-06 15:00:00,22608.82,22611.09,22594.14,22600.38,131424,22601.87,13.86
2024-02-06,2024-02-06 15:05:00,22600.38,22623.02,22576.98,22607.24,168890,22602.41,13.83
2024-02-06,2024-02-06 15:10:00,22607.24,22609.56,22571.79,22585.32,86090,22588.89,13.86
2024-02-06,2024-02-06 15:15:00,22585.32,22586.48,22560.11,22573.47,207956,22573.35,13.93
2024-02-06,2024-02-06 15:20:00,22573.47,22594.35,22532.79,22543.84,230335,22556.99,13.92
2024-02-06,2024-02-06 15:25:00,22543.84,22585.11,22531.8,22583.84,125160,22566.92,13.9
2024-02-06,2024-02-06 15:30:00,22583.84,22626.45,22579.99,22613.1,113799,22606.51,13.89
2024-02-07,2024-02-07 09:15:00,22613.1,22618.02,22603.75,22613.1,273743,22611.62,13.12
2024-02-07,2024-02-07 09:20:00,22613.1,22629.02,22585.34,22604.47,122318,22606.28,13.16
2024-02-07,2024-02-07 09:25:00,22604.47,22657.54,22586.87,22644.04,236181,22629.48,13.17
2024-02-07,2024-02-07 09:30:00,22644.04,22674.23,22624.17,22658.56,335779,22652.32,13.15
2024-02-07,2024-02-07 09:35:00,22658.56,22684.39,22596.78,22610.47,264600,22630.55,13.15
2024-02-07,2024-02-07 09:40:00,22610.47,22643.29,22589.93,22637.95,169788,22623.72,13.13
2024-02-07,2024-02-07 09:45:00,22637.95,22677.91,22634.22,22662.86,142527,22658.33,13.12
2024-02-07,2024-02-07 09:50:00,22662.86,22666.21,22654.64,22658.25,88306,22659.7,13.11
2024-02-07,2024-02-07 09:55:00,22658.25,22693.8,22656.86,22675.6,184280,22675.42,13.14
2024-02-07,2024-02-07 10:00:00,22675.6,22683.93,22642.24,22660.78,104183,22662.32,13.2
2024-02-07,2024-02-07 10:05:00,22660.78,22668.52,22647.95,22653.91,118509,22656.79,13.16
2024-02-07,2024-02-07 10:10:00,22653.91,22688.16,22645.6,22687.18,101083,22673.65,13.1
2024-02-07,2024-02-07 10:15:00,22687.18,22690.48,22683.85,22684.36,135380,22686.23,13.1
2024-02-07,2024-02-07 10:20:00,22684.36,22697.45,22646.84,22648.91,160944,22664.4,13.05
2024-02-07,2024-02-07 10:25:00,22648.91,22663.73,22617.65,22650.33,181578,22643.9,13.05
2024-02-07,2024-02-07 10:30:00,22650.33,22661.97,22630.75,22651.45,128001,22648.05,13.07
2024-02-07,2024-02-07 10:35:00,22651.45,22692.32,22633.93,22678.6,249624,22668.28,13.12
2024-02-07,2024-02-07 10:40:00,22678.6,22682.77,22669.67,22681.61,149749,22678.02,13.13
2024-02-07,2024-02-07 10:45:00,22681.61,22696.42,22669.2,22675.73,118766,22680.45,13.12
2024-02-07,2024-02-07 10:50:00,22675.73,22709.1,22653.56,22699.78,178174,22687.48,13.06
2024-02-07,2024-02-07 10:55:00,22699.78,22714.58,22674.61,22704.97,356975,22698.05,13.06
2024-02-07,2024-02-07 11:00:00,22704.97,22708.52,22685.26,22692.37,186104,22695.38,13.06
2024-02-07,2024-02-07 11:05:00,22692.37,22738.95,22675.91,22718.68,140766,22711.18,13.08
2024-02-07,2024-02-07 11:10:00,22718.68,22726.55,22713.06,22725.36,88345,22721.66,13.06
2024-02-07,2024-02-07 11:15:00,22725.36,22745.16,22710.19,22728.15,149079,22727.83,13.05
2024-02-07,2024-02-07 11:20:00,22728.15,22736.37,22722.25,22734.52,178790,22731.04,13.0
2024-02-07,2024-02-07 11:25:00,22734.52,22755.54,22712.8,22715.34,139381,22727.89,12.94
2024-02-07,2024-02-07 11:30:00,22715.34,22733.52,22700.75,22707.28,83603,22713.85,12.9
2024-02-07,2024-02-07 11:35:00,22707.28,22720.67,22701.98,22710.08,115817,22710.91,12.85
2024-02-07,2024-02-07 11:40:00,22710.08,22711.09,22705.16,22708.82,291214,22708.36,12.86
2024-02-07,2024-02-07 11:45:00,22708.82,22737.86,22693.99,22737.55,288831,22723.13,12.85
2024-02-07,2024-02-07 11:50:00,22737.55,22755.15,22699.34,22744.73,114158,22733.07,12.83
2024-02-07,2024-02-07 11:55:00,22744.73,22770.31,22738.08,22764.96,213011,22757.78,12.8
2024-02-07,2024-02-07 12:00:00,22764.96,22790.93,22734.67,22765.22,101576,22763.61,12.71
2024-02-07,2024-02-07 12:05:00,22765.22,22800.8,22753.71,22794.07,285422,22782.86,12.75
2024-02-07,2024-02-07 12:10:00,22794.07,22820.42,22776.74,22804.95,179529,22800.7,12.72
2024-02-07,2024-02-07 12:15:00,22804.95,22818.48,22793.64,22805.31,237959,22805.81,12.71
2024-02-07,2024-02-07 12:20:00,22805.31,22805.32,22800.55,22804.95,81958,22803.61,12.67
2024-02-07,2024-02-07 12:25:00,22804.95,22806.25,22773.38,22778.83,213428,22786.15,12.69
2024-02-07,2024-02-07 12:30:00,22778.83,22812.0,22773.77,22792.69,162255,22792.82,12.7
2024-02-07,2024-02-07 12:35:00,22792.69,22794.95,22787.77,22791.59,228838,22791.44,12.67
2024-02-07,2024-02-07 12:40:00,22791.59,22804.8,22772.79,22777.86,234672,22785.15,12.66
2024-02-07,2024-02-07 12:45:00,22777.86,22823.54,22776.75,22808.1,167094,22802.8,12.71
2024-02-07,2024-02-07 12:50:00,22808.1,22825.52,22762.47,22773.88,127984,22787.29,12.71
2024-02-07,2024-02-07 12:55:00,22773.88,22795.2,22757.75,22762.34,222321,22771.76,12.71
2024-02-07,2024-02-07 13:00:00,22762.34,22836.83,22755.51,22807.86,158885,22800.07,12.68
2024-02-07,2024-02-07 13:05:00,22807.86,22813.49,22791.76,22798.59,114793,22801.28,12.62
2024-02-07,2024-02-07 13:10:00,22798.59,22835.08,22786.49,22833.08,112638,22818.22,12.62
2024-02-07,2024-02-07 13:15:00,22833.08,22922.09,22829.13,22896.09,90141,22882.44,12.63
2024-02-07,2024-02-07 13:20:00,22896.09,22896.95,22867.43,22872.36,132704,22878.91,12.66
2024-02-07,2024-02-07 13:25:00,22872.36,22930.08,22856.04,22926.94,252982,22904.35,12.59
2024-02-07,2024-02-07 13:30:00,22926.94,22928.12,22903.76,22912.91,174753,22914.93,12.56
2024-02-07,2024-02-07 13:35:00,22912.91,22937.29,22901.14,22929.54,131675,22922.66,12.54
2024-02-07,2024-02-07 13:40:00,22929.54,22947.27,22913.23,22934.25,224569,22931.58,12.54
2024-02-07,2024-02-07 13:45:00,22934.25,22989.94,22931.73,22974.36,116658,22965.34,12.54
2024-02-07,2024-02-07 13:50:00,22974.36,23010.37,22948.8,23009.95,169082,22989.71,12.53
2024-02-07,2024-02-07 13:55:00,23009.95,23031.22,22959.17,22965.54,151470,22985.31,12.54
2024-02-07,2024-02-07 14:00:00,22965.54,22972.8,22950.93,22952.43,222270,22958.72,12.52
2024-02-07,2024-02-07 14:05:00,22952.43,22958.42,22922.77,22938.38,86604,22939.86,12.54
2024-02-07,2024-02-07 14:10:00,22938.38,23008.19,22929.14,22996.93,115834,22978.09,12.56
2024-02-07,2024-02-07 14:15:00,22996.93,23019.33,22982.4,22985.21,84516,22995.65,12.55
2024-02-07,2024-02-07 14:20:00,22985.21,23038.69,22969.73,23021.93,146702,23010.12,12.6
2024-02-07,2024-02-07 14:25:00,23021.93,23037.09,22971.85,22990.93,264228,22999.95,12.64
2024-02-07,2024-02-07 14:30:00,22990.93,23007.09,22956.96,22966.33,132962,22976.8,12.67
2024-02-07,2024-02-07 14:35:00,22966.33,22991.4,22946.22,22948.73,132684,22962.12,12.58
2024-02-07,2024-02-07 14:40:00,22948.73,22974.46,22923.43,22927.48,230657,22941.79,12.63
2024-02-07,2024-02-07 14:45:00,22927.48,22946.66,22914.37,22919.51,249551,22926.85,12.65
2024-02-07,2024-02-07 14:50:00,22919.51,22922.04,22897.82,22901.43,157089,22907.1,12.71
2024-02-07,2024-02-07 14:55:00,22901.43,22902.38,22863.24,22880.83,214033,22882.15,12.75
2024-02-07,2024-02-07 15:00:00,22880.83,22944.14,22854.89,22905.51,105790,22901.51,12.8
2024-02-07,2024-02-07 15:05:00,22905.51,22935.39,22899.72,22931.71,282431,22922.27,12.82
2024-02-07,2024-02-07 15:10:00,22931.71,22957.82,22925.55,22951.64,384416,22945.0,12.86
2024-02-07,2024-02-07 15:15:00,22951.64,22966.72,22945.35,22961.83,200483,22957.97,12.92
2024-02-07,2024-02-07 15:20:00,22961.83,22974.57,22943.2,22962.13,70704,22959.97,12.93
2024-02-07,2024-02-07 15:25:00,22962.13,22967.46,22932.38,22948.88,130184,22949.57,12.88
2024-02-07,2024-02-07 15:30:00,22948.88,22958.69,22921.24,22925.17,207966,22935.03,12.87
2024-02-08,2024-02-08 09:15:00,22925.17,22931.52,22910.56,22925.17,103353,22922.42,11.99
2024-02-08,2024-02-08 09:20:00,22925.17,22974.79,22902.17,22970.44,96541,22949.13,12.0
2024-02-08,2024-02-08 09:25:00,22970.44,23001.69,22959.33,23001.37,115376,22987.46,11.95
2024-02-08,2024-02-08 09:30:00,23001.37,23012.1,22986.88,23002.65,215492,23000.54,11.94
2024-02-08,2024-02-08 09:35:00,23002.65,23010.86,22987.5,23010.47,171118,23002.94,11.91
2024-02-08,2024-02-08 09:40:00,23010.47,23022.5,22982.1,22986.83,91394,22997.14,11.94
2024-02-08,2024-02-08 09:45:00,22986.83,22987.11,22972.1,22980.22,169366,22979.81,12.0
2024-02-08,2024-02-08 09:50:00,22980.22,23015.92,22965.54,22995.82,302723,22992.43,11.98
2024-02-08,2024-02-08 09:55:00,22995.82,23003.0,22960.71,22969.05,180916,22977.59,11.96
2024-02-08,2024-02-08 10:00:00,22969.05,22973.06,22956.19,22965.65,173828,22964.97,11.92
2024-02-08,2024-02-08 10:05:00,22965.65,23026.82,22946.19,23008.6,178063,22993.87,11.93
2024-02-08,2024-02-08 10:10:00,23008.6,23016.43,22987.69,23008.17,192105,23004.09,11.91
2024-02-08,2024-02-08 10:15:00,23008.17,23041.51,23005.27,23032.33,98042,23026.37,11.9
2024-02-08,2024-02-08 10:20:00,23032.33,23050.55,23018.06,23046.84,148335,23038.48,11.94
2024-02-08,2024-02-08 10:25:00,23046.84,23049.8,23024.19,23043.22,151463,23039.07,11.94
2024-02-08,2024-02-08 10:30:00,23043.22,23045.16,23039.43,23042.77,134136,23042.45,11.95
2024-02-08,2024-02-08 10:35:00,23042.77,23057.98,23029.73,23049.0,214153,23045.57,11.95
2024-02-08,2024-02-08 10:40:00,23049.0,23068.32,23008.83,23009.22,126298,23028.79,11.91
2024-02-08,2024-02-08 10:45:00,23009.22,23036.15,22998.81,23031.59,140929,23022.18,11.86
2024-02-08,2024-02-08 10:50:00,23031.59,23045.33,23013.49,23031.9,98314,23030.24,11.87
2024-02-08,2024-02-08 10:55:00,23031.9,23067.4,23015.71,23055.01,189344,23046.04,11.92
2024-02-08,2024-02-08 11:00:00,23055.01,23075.89,23054.73,23065.84,237224,23065.49,11.93
2024-02-08,2024-02-08 11:05:00,23065.84,23079.17,23056.37,23065.23,140869,23066.92,11.95
2024-02-08,2024-02-08 11:10:00,23065.23,23074.88,23036.23,23072.1,224797,23061.07,11.93
2024-02-08,2024-02-08 11:15:00,23072.1,23083.82,23065.75,23079.04,153463,23076.21,11.96
2024-02-08,2024-02-08 11:20:00,23079.04,23127.34,23075.21,23112.47,59220,23105.01,11.99
2024-02-08,2024-02-08 11:25:00,23112.47,23128.09,23106.3,23116.55,159435,23116.98,11.97
2024-02-08,2024-02-08 11:30:00,23116.55,23135.12,23113.24,23125.32,151716,23124.56,11.98
2024-02-08,2024-02-08 11:35:00,23125.32,23144.13,23093.68,23101.83,169600,23113.21,11.93
2024-02-08,2024-02-08 11:40:00,23101.83,23110.3,23086.67,23103.62,180101,23100.2,11.95
2024-02-08,2024-02-08 11:45:00,23103.62,23141.29,23093.14,23136.63,123801,23123.69,11.93
2024-02-08,2024-02-08 11:50:00,23136.63,23159.97,23129.73,23148.34,293175,23146.01,11.9
2024-02-08,2024-02-08 11:55:00,23148.34,23150.66,23117.31,23128.6,158504,23132.19,11.91
2024-02-08,2024-02-08 12:00:00,23128.6,23148.4,23100.3,23101.57,150261,23116.76,11.86
2024-02-08,2024-02-08 12:05:00,23101.57,23103.32,23070.69,23081.01,219215,23085.01,11.87
2024-02-08,2024-02-08 12:10:00,23081.01,23112.47,23069.9,23108.7,163966,23097.02,11.83
2024-02-08,2024-02-08 12:15:00,23108.7,23146.54,23086.1,23133.01,454219,23121.88,11.79
2024-02-08,2024-02-08 12:20:00,23133.01,23145.97,23032.22,23037.12,149647,23071.77,11.79
2024-02-08,2024-02-08 12:25:00,23037.12,23051.28,23027.33,23034.87,187348,23037.83,11.79
2024-02-08,2024-02-08 12:30:00,23034.87,23041.97,23028.69,23038.95,120612,23036.54,11.83
2024-02-08,2024-02-08 12:35:00,23038.95,23042.67,22996.02,23012.35,230547,23017.01,11.79
2024-02-08,2024-02-08 12:40:00,23012.35,23016.92,23000.76,23001.57,184146,23006.42,11.83
2024-02-08,2024-02-08 12:45:00,23001.57,23055.02,22984.35,23038.3,142117,23025.89,11.8
2024-02-08,2024-02-08 12:50:00,23038.3,23061.44,23028.77,23049.61,114808,23046.6,11.83
2024-02-08,2024-02-08 12:55:00,23049.61,23061.67,23033.01,23035.79,96397,23043.49,11.86
2024-02-08,2024-02-08 13:00:00,23035.79,23065.77,22980.77,22988.54,192429,23011.69,11.87
2024-02-08,2024-02-08 13:05:00,22988.54,22990.83,22955.7,22961.69,93456,22969.4,11.85
2024-02-08,2024-02-08 13:10:00,22961.69,22971.45,22958.4,22970.54,274687,22966.8,11.8
2024-02-08,2024-02-08 13:15:00,22970.54,22971.6,22948.49,22963.28,98209,22961.12,11.74
2024-02-08,2024-02-08 13:20:00,22963.28,22984.67,22953.91,22954.85,151546,22964.47,11.8
2024-02-08,2024-02-08 13:25:00,22954.85,23023.07,22941.08,23000.81,114391,22988.32,11.79
2024-02-08,2024-02-08 13:30:00,23000.81,23001.64,22884.03,22894.57,164896,22926.75,11.76
2024-02-08,2024-02-08 13:35:00,22894.57,22927.42,22886.04,22905.11,164489,22906.19,11.72
2024-02-08,2024-02-08 13:40:00,22905.11,22975.71,22901.16,22942.95,194448,22939.94,11.73
2024-02-08,2024-02-08 13:45:00,22942.95,23007.58,22940.75,22997.45,88387,22981.93,11.71
2024-02-08,2024-02-08 13:50:00,22997.45,23010.99,22979.97,23005.3,119912,22998.75,11.66
2024-02-08,2024-02-08 13:55:00,23005.3,23051.79,23002.45,23040.76,239957,23031.67,11.68
2024-02-08,2024-02-08 14:00:00,23040.76,23060.18,23038.24,23054.71,211804,23051.04,11.69
2024-02-08,2024-02-08 14:05:00,23054.71,23074.72,23039.15,23073.24,59886,23062.37,11.75
2024-02-08,2024-02-08 14:10:00,23073.24,23075.17,23038.9,23063.14,189262,23059.07,11.78
2024-02-08,2024-02-08 14:15:00,23063.14,23086.85,23047.52,23069.34,107690,23067.9,11.69
2024-02-08,2024-02-08 14:20:00,23069.34,23077.59,23057.82,23058.53,128446,23064.65,11.73
2024-02-08,2024-02-08 14:25:00,23058.53,23076.56,23055.62,23071.29,148608,23067.83,11.77
2024-02-08,2024-02-08 14:30:00,23071.29,23099.8,23063.6,23074.83,303445,23079.41,11.75
2024-02-08,2024-02-08 14:35:00,23074.83,23076.2,23045.0,23058.59,107250,23059.93,11.73
2024-02-08,2024-02-08 14:40:00,23058.59,23062.15,23034.85,23040.43,92822,23045.81,11.75
2024-02-08,2024-02-08 14:45:00,23040.43,23061.13,23019.64,23044.78,194877,23041.85,11.72
2024-02-08,2024-02-08 14:50:00,23044.78,23075.23,23038.02,23069.72,160940,23060.99,11.71
2024-02-08,2024-02-08 14:55:00,23069.72,23098.9,23066.04,23088.66,263761,23084.53,11.74
2024-02-08,2024-02-08 15:00:00,23088.66,23112.66,23055.78,23065.04,141331,23077.83,11.75
2024-02-08,2024-02-08 15:05:00,23065.04,23098.73,23033.63,23043.87,264164,23058.74,11.73
2024-02-08,2024-02-08 15:10:00,23043.87,23047.31,23010.85,23026.12,163817,23028.09,11.76
2024-02-08,2024-02-08 15:15:00,23026.12,23026.71,22976.35,23010.54,201117,23004.53,11.77
2024-02-08,2024-02-08 15:20:00,23010.54,23014.42,22960.6,22966.9,311631,22980.64,11.78
2024-02-08,2024-02-08 15:25:00,22966.9,22990.5,22963.79,22983.21,152222,22979.17,11.77
2024-02-08,2024-02-08 15:30:00,22983.21,22984.15,22947.5,22970.89,247178,22967.51,11.77
2024-02-09,2024-02-09 09:15:00,22970.89,22975.25,22969.81,22970.89,160519,22971.98,14.84
2024-02-09,2024-02-09 09:20:00,22970.89,22989.72,22950.54,22957.64,132653,22965.97,14.88
2024-02-09,2024-02-09 09:25:00,22957.64,22980.05,22951.03,22976.18,144214,22969.09,14.92
2024-02-09,2024-02-09 09:30:00,22976.18,22987.33,22970.45,22970.86,227897,22976.22,14.92
2024-02-09,2024-02-09 09:35:00,22970.86,22985.95,22962.44,22963.98,175200,22970.79,14.9
2024-02-09,2024-02-09 09:40:00,22963.98,22981.02,22938.93,22945.21,207727,22955.05,14.88
2024-02-09,2024-02-09 09:45:00,22945.21,22994.46,22941.45,22968.69,148338,22968.2,14.88
2024-02-09,2024-02-09 09:50:00,22968.69,22989.67,22950.16,22982.78,141944,22974.2,14.86
2024-02-09,2024-02-09 09:55:00,22982.78,23012.53,22963.69,23002.61,102601,22992.94,14.88
2024-02-09,2024-02-09 10:00:00,23002.61,23013.43,22966.16,22969.64,140362,22983.08,14.89
2024-02-09,2024-02-09 10:05:00,22969.64,22979.4,22950.59,22969.08,43111,22966.35,14.91
2024-02-09,2024-02-09 10:10:00,22969.08,22979.77,22958.62,22966.04,128529,22968.14,14.95
2024-02-09,2024-02-09 10:15:00,22966.04,22992.08,22941.58,22963.0,157510,22965.55,15.0
2024-02-09,2024-02-09 10:20:00,22963.0,22963.15,22934.16,22953.02,203917,22950.11,15.01
2024-02-09,2024-02-09 10:25:00,22953.02,22958.89,22938.51,22948.63,146170,22948.68,15.04
2024-02-09,2024-02-09 10:30:00,22948.63,22982.44,22929.04,22968.93,187038,22960.14,15.03
2024-02-09,2024-02-09 10:35:00,22968.93,22998.36,22931.41,22932.14,68055,22953.97,15.07
2024-02-09,2024-02-09 10:40:00,22932.14,22976.22,22923.5,22971.58,159096,22957.1,15.1
2024-02-09,2024-02-09 10:45:00,22971.58,22988.59,22962.19,22984.34,83133,22978.37,15.13
2024-02-09,2024-02-09 10:50:00,22984.34,22991.0,22980.31,22986.22,100376,22985.84,15.13
2024-02-09,2024-02-09 10:55:00,22986.22,23016.64,22967.88,23007.74,151014,22997.42,15.11
2024-02-09,2024-02-09 11:00:00,23007.74,23017.81,22972.31,22980.44,271171,22990.18,15.07
2024-02-09,2024-02-09 11:05:00,22980.44,22987.66,22957.57,22969.45,188807,22971.56,15.07
2024-02-09,2024-02-09 11:10:00,22969.45,22988.52,22968.1,22969.7,163946,22975.44,15.11
2024-02-09,2024-02-09 11:15:00,22969.7,23011.52,22966.57,23000.68,161488,22992.93,15.1
2024-02-09,2024-02-09 11:20:00,23000.68,23029.38,22991.73,23002.48,122338,23007.86,15.13
2024-02-09,2024-02-09 11:25:00,23002.48,23024.72,22996.23,23014.56,130928,23011.83,15.15
2024-02-09,2024-02-09 11:30:00,23014.56,23027.35,22981.39,23005.11,193097,23004.61,15.14
2024-02-09,2024-02-09 11:35:00,23005.11,23034.21,22987.31,23017.95,93513,23013.16,15.18
2024-02-09,2024-02-09 11:40:00,23017.95,23080.83,23000.63,23055.46,206327,23045.64,15.1
2024-02-09,2024-02-09 11:45:00,23055.46,23103.41,23044.88,23078.88,139329,23075.72,15.06
2024-02-09,2024-02-09 11:50:00,23078.88,23096.99,23054.01,23079.96,226437,23076.99,15.03
2024-02-09,2024-02-09 11:55:00,23079.96,23107.9,23076.67,23096.76,239052,23093.77,15.01
2024-02-09,2024-02-09 12:00:00,23096.76,23119.28,23093.23,23112.77,83346,23108.43,15.02
2024-02-09,2024-02-09 12:05:00,23112.77,23130.99,23097.38,23126.82,128974,23118.39,15.03
2024-02-09,2024-02-09 12:10:00,23126.82,23163.89,23103.49,23157.68,115588,23141.68,15.04
2024-02-09,2024-02-09 12:15:00,23157.68,23191.42,23157.56,23188.37,78818,23179.12,15.06
2024-02-09,2024-02-09 12:20:00,23188.37,23188.86,23171.26,23184.83,107687,23181.65,15.03
2024-02-09,2024-02-09 12:25:00,23184.83,23212.75,23176.69,23202.69,432138,23197.38,14.99
2024-02-09,2024-02-09 12:30:00,23202.69,23232.98,23191.23,23192.02,207690,23205.41,15.0
2024-02-09,2024-02-09 12:35:00,23192.02,23205.84,23159.68,23166.33,350429,23177.28,14.98
2024-02-09,2024-02-09 12:40:00,23166.33,23173.97,23158.46,23158.84,226758,23163.76,14.94
2024-02-09,2024-02-09 12:45:00,23158.84,23162.27,23136.86,23156.72,120965,23151.95,14.97
2024-02-09,2024-02-09 12:50:00,23156.72,23172.42,23090.85,23110.55,139705,23124.6,15.01
2024-02-09,2024-02-09 12:55:00,23110.55,23141.22,23107.73,23134.41,205947,23127.79,15.06
2024-02-09,2024-02-09 13:00:00,23134.41,23150.11,23013.48,23015.7,193881,23059.76,15.06
2024-02-09,2024-02-09 13:05:00,23015.7,23067.18,23003.95,23065.43,129193,23045.52,15.08
2024-02-09,2024-02-09 13:10:00,23065.43,23202.3,23054.95,23187.37,88965,23148.21,15.12
2024-02-09,2024-02-09 13:15:00,23187.37,23208.35,23178.95,23196.54,606284,23194.61,15.1
2024-02-09,2024-02-09 13:20:00,23196.54,23214.75,23164.56,23168.46,153820,23182.59,15.14
2024-02-09,2024-02-09 13:25:00,23168.46,23170.59,23148.95,23168.14,142872,23162.56,15.14
2024-02-09,2024-02-09 13:30:00,23168.14,23180.19,23085.18,23090.89,170302,23118.76,15.17
2024-02-09,2024-02-09 13:35:00,23090.89,23106.79,23083.62,23094.22,147695,23094.88,15.18
2024-02-09,2024-02-09 13:40:00,23094.22,23108.67,23061.13,23103.04,170944,23090.95,15.22
2024-02-09,2024-02-09 13:45:00,23103.04,23171.25,23091.48,23170.28,272332,23144.34,15.22
2024-02-09,2024-02-09 13:50:00,23170.28,23181.37,23140.73,23150.33,154845,23157.48,15.18
2024-02-09,2024-02-09 13:55:00,23150.33,23213.16,23148.69,23207.86,102223,23189.9,15.22
2024-02-09,2024-02-09 14:00:00,23207.86,23217.48,23192.98,23204.16,152564,23204.87,15.19
2024-02-09,2024-02-09 14:05:00,23204.16,23209.27,23203.63,23207.28,135163,23206.73,15.23
2024-02-09,2024-02-09 14:10:00,23207.28,23229.61,23200.26,23203.19,287667,23211.02,15.23
2024-02-09,2024-02-09 14:15:00,23203.19,23236.45,23200.97,23230.04,260002,23222.49,15.26
2024-02-09,2024-02-09 14:20:00,23230.04,23242.78,23212.22,23222.2,169907,23225.73,15.3
2024-02-09,2024-02-09 14:25:00,23222.2,23252.01,23213.3,23250.14,97587,23238.48,15.31
2024-02-09,2024-02-09 14:30:00,23250.14,23259.57,23230.81,23245.88,99672,23245.42,15.32
2024-02-09,2024-02-09 14:35:00,23245.88,23256.99,23218.74,23224.04,163742,23233.26,15.34
2024-02-09,2024-02-09 14:40:00,23224.04,23244.35,23216.08,23237.96,186191,23232.79,15.28
2024-02-09,2024-02-09 14:45:00,23237.96,23242.83,23218.28,23229.02,140105,23230.04,15.28
2024-02-09,2024-02-09 14:50:00,23229.02,23246.34,23207.82,23241.57,134313,23231.91,15.25
2024-02-09,2024-02-09 14:55:00,23241.57,23248.65,23171.9,23176.28,128396,23198.94,15.25
2024-02-09,2024-02-09 15:00:00,23176.28,23191.58,23153.27,23174.54,161238,23173.13,15.22
2024-02-09,2024-02-09 15:05:00,23174.54,23194.36,23153.12,23162.04,62748,23169.84,15.18
2024-02-09,2024-02-09 15:10:00,23162.04,23175.58,23107.43,23135.56,104764,23139.52,15.23
2024-02-09,2024-02-09 15:15:00,23135.56,23138.75,23115.33,23120.91,126649,23124.99,15.26
2024-02-09,2024-02-09 15:20:00,23120.91,23130.96,23102.35,23105.79,263814,23113.03,15.26
2024-02-09,2024-02-09 15:25:00,23105.79,23152.62,23102.36,23102.84,117533,23119.27,15.27
2024-02-09,2024-02-09 15:30:00,23102.84,23109.99,23060.51,23069.4,174938,23079.97,15.26
2024-02-12,2024-02-12 09:15:00,23069.4,23081.11,23059.14,23069.4,291624,23069.88,13.02
2024-02-12,2024-02-12 09:20:00,23069.4,23081.34,23057.56,23061.56,112649,23066.82,12.99
2024-02-12,2024-02-12 09:25:00,23061.56,23095.06,23060.67,23093.95,81132,23083.22,13.0
2024-02-12,2024-02-12 09:30:00,23093.95,23099.34,23091.19,23098.21,90462,23096.25,13.01
2024-02-12,2024-02-12 09:35:00,23098.21,23134.25,23091.83,23123.4,160473,23116.49,12.97
2024-02-12,2024-02-12 09:40:00,23123.4,23149.31,23118.5,23130.44,317534,23132.75,12.96
2024-02-12,2024-02-12 09:45:00,23130.44,23150.35,23108.92,23127.47,393147,23128.91,12.96
2024-02-12,2024-02-12 09:50:00,23127.47,23142.38,23086.55,23120.44,211101,23116.46,12.94
2024-02-12,2024-02-12 09:55:00,23120.44,23129.39,23088.05,23102.15,109919,23106.53,12.93
2024-02-12,2024-02-12 10:00:00,23102.15,23134.77,23100.01,23127.72,114687,23120.84,12.98
2024-02-12,2024-02-12 10:05:00,23127.72,23139.03,23108.27,23121.59,231037,23122.96,12.95
2024-02-12,2024-02-12 10:10:00,23121.59,23140.41,23118.34,23135.23,277244,23131.33,12.88
2024-02-12,2024-02-12 10:15:00,23135.23,23152.57,23119.65,23127.06,125894,23133.09,12.86
2024-02-12,2024-02-12 10:20:00,23127.06,23151.47,23094.86,23107.29,287730,23117.88,12.85
2024-02-12,2024-02-12 10:25:00,23107.29,23128.33,23106.31,23121.61,148475,23118.75,12.84
2024-02-12,2024-02-12 10:30:00,23121.61,23128.67,23107.94,23108.85,216579,23115.15,12.85
2024-02-12,2024-02-12 10:35:00,23108.85,23122.3,23092.82,23103.29,257348,23106.14,12.82
2024-02-12,2024-02-12 10:40:00,23103.29,23107.84,23065.29,23080.1,89975,23084.41,12.78
2024-02-12,2024-02-12 10:45:00,23080.1,23132.13,23069.49,23072.63,194965,23091.42,12.76
2024-02-12,2024-02-12 10:50:00,23072.63,23082.87,23063.47,23075.9,288213,23074.08,12.74
2024-02-12,2024-02-12 10:55:00,23075.9,23096.08,23060.17,23072.69,130057,23076.31,12.8
2024-02-12,2024-02-12 11:00:00,23072.69,23118.33,23069.81,23092.45,106656,23093.53,12.85
2024-02-12,2024-02-12 11:05:00,23092.45,23125.8,23073.68,23098.25,198374,23099.24,12.8
2024-02-12,2024-02-12 11:10:00,23098.25,23194.11,23091.05,23165.2,171678,23150.12,12.74
2024-02-12,2024-02-12 11:15:00,23165.2,23180.71,23165.1,23176.83,142782,23174.21,12.74
2024-02-12,2024-02-12 11:20:00,23176.83,23186.99,23141.94,23143.41,162610,23157.45,12.8
2024-02-12,2024-02-12 11:25:00,23143.41,23164.5,23139.14,23141.75,83439,23148.46,12.82
2024-02-12,2024-02-12 11:30:00,23141.75,23142.22,23118.58,23141.9,191336,23134.23,12.82
2024-02-12,2024-02-12 11:35:00,23141.9,23157.25,23127.65,23131.89,307748,23138.93,12.8
2024-02-12,2024-02-12 11:40:00,23131.89,23149.8,23110.1,23136.18,122287,23132.03,12.84
2024-02-12,2024-02-12 11:45:00,23136.18,23156.31,23104.35,23125.56,116848,23128.74,12.84
2024-02-12,2024-02-12 11:50:00,23125.56,23138.28,23121.75,23135.26,174385,23131.76,12.89
2024-02-12,2024-02-12 11:55:00,23135.26,23154.38,23093.12,23098.3,508058,23115.27,12.84
2024-02-12,2024-02-12 12:00:00,23098.3,23149.1,23079.59,23130.01,252698,23119.57,12.85
2024-02-12,2024-02-12 12:05:00,23130.01,23131.18,23075.42,23086.2,156737,23097.6,12.84
2024-02-12,2024-02-12 12:10:00,23086.2,23110.21,23055.14,23078.9,165353,23081.42,12.85
2024-02-12,2024-02-12 12:15:00,23078.9,23087.51,23057.32,23058.61,262902,23067.81,12.86
2024-02-12,2024-02-12 12:20:00,23058.61,23094.14,23044.7,23067.07,113125,23068.64,12.87
2024-02-12,2024-02-12 12:25:00,23067.07,23088.59,23019.56,23062.0,207876,23056.72,12.9
2024-02-12,2024-02-12 12:30:00,23062.0,23078.21,23059.51,23068.97,104090,23068.9,12.94
2024-02-12,2024-02-12 12:35:00,23068.97,23107.13,23067.63,23099.73,235617,23091.5,13.0
2024-02-12,2024-02-12 12:40:00,23099.73,23137.05,23084.94,23121.03,144700,23114.34,13.0
2024-02-12,2024-02-12 12:45:00,23121.03,23131.42,23119.36,23122.04,176359,23124.27,12.99
2024-02-12,2024-02-12 12:50:00,23122.04,23152.13,23107.67,23134.79,140990,23131.53,12.95
2024-02-12,2024-02-12 12:55:00,23134.79,23198.29,23132.2,23189.2,215232,23173.23,12.96
2024-02-12,2024-02-12 13:00:00,23189.2,23215.96,23148.93,23197.27,151770,23187.38,12.99
2024-02-12,2024-02-12 13:05:00,23197.27,23265.03,23195.6,23260.04,385844,23240.22,12.95
2024-02-12,2024-02-12 13:10:00,23260.04,23268.09,23249.13,23256.85,287088,23258.02,12.98
2024-02-12,2024-02-12 13:15:00,23256.85,23273.88,23212.17,23215.09,96595,23233.72,12.98
2024-02-12,2024-02-12 13:20:00,23215.09,23236.64,23209.35,23236.28,175708,23227.43,12.94
2024-02-12,2024-02-12 13:25:00,23236.28,23250.69,23221.67,23248.82,218395,23240.39,12.92
2024-02-12,2024-02-12 13:30:00,23248.82,23281.19,23247.56,23265.24,135501,23264.66,12.89
2024-02-12,2024-02-12 13:35:00,23265.24,23313.89,23242.78,23309.1,264339,23288.59,12.86
2024-02-12,2024-02-12 13:40:00,23309.1,23370.91,23304.68,23358.07,252170,23344.55,12.88
2024-02-12,2024-02-12 13:45:00,23358.07,23369.91,23350.02,23353.55,157404,23357.83,12.9
2024-02-12,2024-02-12 13:50:00,23353.55,23355.59,23331.43,23343.99,240984,23343.67,12.95
2024-02-12,2024-02-12 13:55:00,23343.99,23363.54,23329.37,23334.74,62052,23342.55,12.93
2024-02-12,2024-02-12 14:00:00,23334.74,23368.02,23310.47,23367.84,280137,23348.78,12.94
2024-02-12,2024-02-12 14:05:00,23367.84,23399.1,23337.98,23383.14,232025,23373.41,12.92
2024-02-12,2024-02-12 14:10:00,23383.14,23394.64,23373.89,23382.65,105337,23383.73,12.92
2024-02-12,2024-02-12 14:15:00,23382.65,23406.65,23347.01,23371.48,180007,23375.05,12.88
2024-02-12,2024-02-12 14:20:00,23371.48,23393.29,23365.79,23386.41,72365,23381.83,12.85
2024-02-12,2024-02-12 14:25:00,23386.41,23397.34,23373.78,23380.8,119926,23383.97,12.87
2024-02-12,2024-02-12 14:30:00,23380.8,23394.92,23351.97,23365.14,252270,23370.68,12.83
2024-02-12,2024-02-12 14:35:00,23365.14,23367.97,23290.15,23314.26,161921,23324.12,12.84
2024-02-12,2024-02-12 14:40:00,23314.26,23329.72,23302.09,23310.45,158374,23314.09,12.82
2024-02-12,2024-02-12 14:45:00,23310.45,23346.84,23305.82,23334.15,165725,23328.94,12.77
2024-02-12,2024-02-12 14:50:00,23334.15,23363.12,23329.08,23361.67,158170,23351.29,12.69
2024-02-12,2024-02-12 14:55:00,23361.67,23365.43,23345.29,23361.05,241589,23357.26,12.73
2024-02-12,2024-02-12 15:00:00,23361.05,23374.99,23337.43,23338.42,127058,23350.28,12.68
2024-02-12,2024-02-12 15:05:00,23338.42,23360.78,23304.14,23357.62,192478,23340.85,12.67
2024-02-12,2024-02-12 15:10:00,23357.62,23375.98,23349.1,23355.39,102965,23360.16,12.69
2024-02-12,2024-02-12 15:15:00,23355.39,23360.2,23340.5,23344.98,218915,23348.56,12.65
2024-02-12,2024-02-12 15:20:00,23344.98,23370.28,23305.7,23309.13,143121,23328.37,12.63
2024-02-12,2024-02-12 15:25:00,23309.13,23374.78,23297.35,23356.3,160108,23342.81,12.64
2024-02-12,2024-02-12 15:30:00,23356.3,23383.63,23351.24,23371.68,140805,23368.85,12.65
2024-02-13,2024-02-13 09:15:00,23371.68,23376.26,23369.3,23371.68,180655,23372.41,13.8
2024-02-13,2024-02-13 09:20:00,23371.68,23373.1,23358.04,23364.79,224124,23365.31,13.78
2024-02-13,2024-02-13 09:25:00,23364.79,23369.34,23354.15,23367.97,216008,23363.82,13.72
2024-02-13,2024-02-13 09:30:00,23367.97,23382.92,23356.46,23371.56,199309,23370.31,13.73
2024-02-13,2024-02-13 09:35:00,23371.56,23395.0,23335.83,23349.07,125067,23359.97,13.72
2024-02-13,2024-02-13 09:40:00,23349.07,23352.6,23329.96,23331.07,174480,23337.87,13.69
2024-02-13,2024-02-13 09:45:00,23331.07,23340.24,23312.56,23316.54,115919,23323.11,13.69
2024-02-13,2024-02-13 09:50:00,23316.54,23324.92,23312.26,23320.32,163893,23319.16,13.72
2024-02-13,2024-02-13 09:55:00,23320.32,23338.99,23307.74,23324.75,185785,23323.83,13.72
2024-02-13,2024-02-13 10:00:00,23324.75,23366.45,23316.24,23359.96,318543,23347.55,13.72
2024-02-13,2024-02-13 10:05:00,23359.96,23385.94,23358.06,23370.86,96385,23371.62,13.73
2024-02-13,2024-02-13 10:10:00,23370.86,23386.43,23305.72,23316.72,197324,23336.29,13.7
2024-02-13,2024-02-13 10:15:00,23316.72,23340.18,23300.31,23325.03,294341,23321.84,13.76
2024-02-13,2024-02-13 10:20:00,23325.03,23334.26,23290.06,23297.38,220474,23307.24,13.74
2024-02-13,2024-02-13 10:25:00,23297.38,23299.74,23252.55,23279.93,227107,23277.41,13.76
2024-02-13,2024-02-13 10:30:00,23279.93,23283.27,23261.33,23265.7,205886,23270.1,13.79
2024-02-13,2024-02-13 10:35:00,23265.7,23284.84,23240.05,23254.61,273575,23259.83,13.78
2024-02-13,2024-02-13 10:40:00,23254.61,23276.86,23223.47,23228.62,105346,23242.98,13.8
2024-02-13,2024-02-13 10:45:00,23228.62,23235.83,23223.28,23235.66,93491,23231.59,13.81
2024-02-13,2024-02-13 10:50:00,23235.66,23239.62,23202.9,23208.94,162342,23217.15,13.76
2024-02-13,2024-02-13 10:55:00,23208.94,23227.22,23208.35,23219.18,68564,23218.25,13.75
2024-02-13,2024-02-13 11:00:00,23219.18,23287.24,23218.14,23268.71,266267,23258.03,13.74
2024-02-13,2024-02-13 11:05:00,23268.71,23277.14,23230.95,23243.66,265212,23250.59,13.72
2024-02-13,2024-02-13 11:10:00,23243.66,23246.72,23226.7,23240.5,136852,23237.97,13.68
2024-02-13,2024-02-13 11:15:00,23240.5,23249.89,23174.42,23190.51,140321,23204.94,13.72
2024-02-13,2024-02-13 11:20:00,23190.51,23192.76,23171.58,23187.01,158112,23183.78,13.77
2024-02-13,2024-02-13 11:25:00,23187.01,23208.03,23181.9,23203.2,166176,23197.71,13.79
2024-02-13,2024-02-13 11:30:00,23203.2,23225.73,23180.89,23221.04,171248,23209.22,13.83
2024-02-13,2024-02-13 11:35:00,23221.04,23232.36,23216.13,23225.44,203473,23224.64,13.82
2024-02-13,2024-02-13 11:40:00,23225.44,23267.5,23215.67,23246.82,151895,23243.33,13.8
2024-02-13,2024-02-13 11:45:00,23246.82,23312.73,23231.85,23302.88,237346,23282.48,13.78
2024-02-13,2024-02-13 11:50:00,23302.88,23352.92,23291.48,23341.58,194537,23328.66,13.8
2024-02-13,2024-02-13 11:55:00,23341.58,23345.7,23329.05,23333.41,127671,23336.05,13.81
2024-02-13,2024-02-13 12:00:00,23333.41,23354.45,23277.53,23292.78,277630,23308.25,13.8
2024-02-13,2024-02-13 12:05:00,23292.78,23307.38,23250.59,23281.42,94532,23279.8,13.84
2024-02-13,2024-02-13 12:10:00,23281.42,23287.78,23251.3,23254.97,156863,23264.68,13.85
2024-02-13,2024-02-13 12:15:00,23254.97,23267.72,23238.53,23267.56,239609,23257.94,13.83
2024-02-13,2024-02-13 12:20:00,23267.56,23273.7,23218.91,23234.58,121877,23242.4,13.81
2024-02-13,2024-02-13 12:25:00,23234.58,23257.95,23222.79,23232.55,184208,23237.77,13.83
2024-02-13,2024-02-13 12:30:00,23232.55,23266.05,23219.31,23255.91,202265,23247.09,13.86
2024-02-13,2024-02-13 12:35:00,23255.91,23273.48,23251.62,23253.1,115357,23259.4,13.88
2024-02-13,2024-02-13 12:40:00,23253.1,23254.43,23216.84,23226.7,158104,23232.65,13.93
2024-02-13,2024-02-13 12:45:00,23226.7,23270.71,23217.51,23259.44,152878,23249.22,13.98
2024-02-13,2024-02-13 12:50:00,23259.44,23260.25,23204.62,23207.0,130523,23223.96,14.0
2024-02-13,2024-02-13 12:55:00,23207.0,23218.2,23192.09,23197.87,408672,23202.72,13.97
2024-02-13,2024-02-13 13:00:00,23197.87,23219.56,23182.84,23192.65,119941,23198.35,13.93
2024-02-13,2024-02-13 13:05:00,23192.65,23203.65,23120.53,23123.8,243280,23149.33,13.92
2024-02-13,2024-02-13 13:10:00,23123.8,23235.21,23123.01,23227.95,139090,23195.39,13.94
2024-02-13,2024-02-13 13:15:00,23227.95,23245.18,23187.38,23209.08,105381,23213.88,14.0
2024-02-13,2024-02-13 13:20:00,23209.08,23237.21,23186.32,23195.54,169587,23206.36,14.01
2024-02-13,2024-02-13 13:25:00,23195.54,23233.92,23185.93,23225.72,211005,23215.19,14.05
2024-02-13,2024-02-13 13:30:00,23225.72,23243.99,23194.1,23195.29,235202,23211.13,14.04
2024-02-13,2024-02-13 13:35:00,23195.29,23199.67,23194.24,23199.57,304037,23197.82,14.06
2024-02-13,2024-02-13 13:40:00,23199.57,23203.91,23173.2,23174.32,528658,23183.81,14.08
2024-02-13,2024-02-13 13:45:00,23174.32,23209.26,23139.22,23200.05,179908,23182.84,14.02
2024-02-13,2024-02-13 13:50:00,23200.05,23260.1,23194.88,23256.91,124836,23237.3,14.01
2024-02-13,2024-02-13 13:55:00,23256.91,23275.68,23207.06,23235.44,195077,23239.39,14.04
2024-02-13,2024-02-13 14:00:00,23235.44,23254.26,23227.87,23245.86,146314,23242.66,14.05
2024-02-13,2024-02-13 14:05:00,23245.86,23266.6,23218.91,23256.71,235716,23247.41,14.01
2024-02-13,2024-02-13 14:10:00,23256.71,23284.03,23252.11,23281.77,96870,23272.64,13.94
2024-02-13,2024-02-13 14:15:00,23281.77,23325.26,23254.01,23302.4,419716,23293.89,13.93
2024-02-13,2024-02-13 14:20:00,23302.4,23324.83,23290.21,23311.98,229215,23309.01,13.92
2024-02-13,2024-02-13 14:25:00,23311.98,23314.08,23262.59,23283.83,82983,23286.83,13.9
2024-02-13,2024-02-13 14:30:00,23283.83,23354.56,23278.46,23338.98,122563,23324.0,13.9
2024-02-13,2024-02-13 14:35:00,23338.98,23345.48,23304.35,23304.36,225580,23318.06,13.92
2024-02-13,2024-02-13 14:40:00,23304.36,23340.95,23300.12,23324.61,260546,23321.89,13.94
2024-02-13,2024-02-13 14:45:00,23324.61,23334.77,23323.15,23332.81,97841,23330.24,13.87
2024-02-13,2024-02-13 14:50:00,23332.81,23361.06,23284.05,23303.54,216470,23316.22,13.83
2024-02-13,2024-02-13 14:55:00,23303.54,23305.1,23291.6,23298.78,74687,23298.5,13.82
2024-02-13,2024-02-13 15:00:00,23298.78,23303.36,23268.22,23295.08,157041,23288.89,13.84
2024-02-13,2024-02-13 15:05:00,23295.08,23330.52,23289.36,23323.63,253931,23314.5,13.85
2024-02-13,2024-02-13 15:10:00,23323.63,23334.32,23299.18,23305.13,130534,23312.87,13.86
2024-02-13,2024-02-13 15:15:00,23305.13,23311.51,23277.2,23297.16,89074,23295.29,13.85
2024-02-13,2024-02-13 15:20:00,23297.16,23304.19,23228.21,23240.87,172557,23257.76,13.84
2024-02-13,2024-02-13 15:25:00,23240.87,23283.93,23234.56,23279.33,127786,23265.94,13.82
2024-02-13,2024-02-13 15:30:00,23279.33,23289.38,23237.58,23252.55,209362,23259.84,13.84
2024-02-14,2024-02-14 09:15:00,23252.55,23255.6,23249.46,23252.55,119315,23252.54,16.38
2024-02-14,2024-02-14 09:20:00,23252.55,23259.13,23229.24,23242.54,114785,23243.64,16.39
2024-02-14,2024-02-14 09:25:00,23242.54,23255.96,23208.71,23215.01,135857,23226.56,16.35
2024-02-14,2024-02-14 09:30:00,23215.01,23222.86,23184.26,23186.88,206102,23198.0,16.38
2024-02-14,2024-02-14 09:35:00,23186.88,23191.66,23166.54,23170.48,215765,23176.23,16.4
2024-02-14,2024-02-14 09:40:00,23170.48,23178.93,23159.72,23172.72,524637,23170.46,16.47
2024-02-14,2024-02-14 09:45:00,23172.72,23197.59,23148.38,23154.77,100445,23166.92,16.48
2024-02-14,2024-02-14 09:50:00,23154.77,23195.25,23148.88,23188.77,168466,23177.63,16.5
2024-02-14,2024-02-14 09:55:00,23188.77,23204.42,23171.58,23172.09,123783,23182.7,16.52
2024-02-14,2024-02-14 10:00:00,23172.09,23191.81,23160.13,23178.71,187250,23176.88,16.5
2024-02-14,2024-02-14 10:05:00,23178.71,23238.94,23178.55,23209.03,283017,23208.84,16.53
2024-02-14,2024-02-14 10:10:00,23209.03,23223.46,23208.45,23213.75,229772,23215.22,16.53
2024-02-14,2024-02-14 10:15:00,23213.75,23232.55,23205.74,23208.93,100404,23215.74,16.53
2024-02-14,2024-02-14 10:20:00,23208.93,23217.29,23203.09,23214.79,214028,23211.72,16.52
2024-02-14,2024-02-14 10:25:00,23214.79,23218.48,23183.52,23205.84,69888,23202.61,16.52
2024-02-14,2024-02-14 10:30:00,23205.84,23215.04,23169.84,23187.72,62820,23190.87,16.5
2024-02-14,2024-02-14 10:35:00,23187.72,23206.55,23171.48,23203.29,147322,23193.77,16.51
2024-02-14,2024-02-14 10:40:00,23203.29,23207.41,23192.61,23193.9,207787,23197.97,16.51
2024-02-14,2024-02-14 10:45:00,23193.9,23217.5,23189.94,23216.23,187077,23207.89,16.5
2024-02-14,2024-02-14 10:50:00,23216.23,23251.3,23184.65,23235.66,348821,23223.87,16.52
2024-02-14,2024-02-14 10:55:00,23235.66,23253.49,23208.51,23241.92,170030,23234.64,16.52
2024-02-14,2024-02-14 11:00:00,23241.92,23287.61,23214.19,23265.02,155944,23255.61,16.5
2024-02-14,2024-02-14 11:05:00,23265.02,23281.74,23256.0,23256.42,258351,23264.72,16.48
2024-02-14,2024-02-14 11:10:00,23256.42,23297.67,23248.56,23275.62,140132,23273.95,16.48
2024-02-14,2024-02-14 11:15:00,23275.62,23300.34,23265.57,23294.72,190136,23286.88,16.46
2024-02-14,2024-02-14 11:20:00,23294.72,23311.79,23282.25,23291.2,194773,23295.08,16.44
2024-02-14,2024-02-14 11:25:00,23291.2,23309.03,23270.9,23284.98,110336,23288.3,16.41
2024-02-14,2024-02-14 11:30:00,23284.98,23314.27,23282.59,23294.67,190039,23297.18,16.42
2024-02-14,2024-02-14 11:35:00,23294.67,23341.44,23264.2,23338.73,390042,23314.79,16.46
2024-02-14,2024-02-14 11:40:00,23338.73,23344.49,23320.23,23336.66,256442,23333.79,16.47
2024-02-14,2024-02-14 11:45:00,23336.66,23341.88,23329.98,23329.99,116341,23333.95,16.49
2024-02-14,2024-02-14 11:50:00,23329.99,23365.42,23307.67,23357.53,414762,23343.54,16.49
2024-02-14,2024-02-14 11:55:00,23357.53,23378.82,23348.72,23361.77,214423,23363.1,16.49
2024-02-14,2024-02-14 12:00:00,23361.77,23386.28,23338.89,23386.04,192856,23370.4,16.54
2024-02-14,2024-02-14 12:05:00,23386.04,23442.31,23373.05,23427.43,156546,23414.26,16.57
2024-02-14,2024-02-14 12:10:00,23427.43,23434.63,23370.87,23373.82,213861,23393.1,16.6
2024-02-14,2024-02-14 12:15:00,23373.82,23397.18,23365.54,23372.76,170197,23378.49,16.59
2024-02-14,2024-02-14 12:20:00,23372.76,23403.12,23355.52,23366.32,164038,23374.98,16.59
2024-02-14,2024-02-14 12:25:00,23366.32,23388.88,23327.07,23339.33,154315,23351.76,16.6
2024-02-14,2024-02-14 12:30:00,23339.33,23345.19,23276.56,23285.6,240267,23302.45,16.58
2024-02-14,2024-02-14 12:35:00,23285.6,23289.61,23232.87,23241.13,229848,23254.53,16.51
2024-02-14,2024-02-14 12:40:00,23241.13,23245.95,23236.16,23244.04,153313,23242.05,16.52
2024-02-14,2024-02-14 12:45:00,23244.04,23251.91,23223.16,23229.14,88645,23234.74,16.55
2024-02-14,2024-02-14 12:50:00,23229.14,23240.94,23196.19,23206.79,165119,23214.64,16.55
2024-02-14,2024-02-14 12:55:00,23206.79,23229.38,23197.43,23209.42,122130,23212.08,16.54
2024-02-14,2024-02-14 13:00:00,23209.42,23237.6,23188.06,23221.32,134668,23215.66,16.53
2024-02-14,2024-02-14 13:05:00,23221.32,23344.58,23213.05,23330.78,154826,23296.14,16.47
2024-02-14,2024-02-14 13:10:00,23330.78,23335.1,23266.62,23284.09,106497,23295.27,16.46
2024-02-14,2024-02-14 13:15:00,23284.09,23313.13,23279.99,23307.7,85466,23300.27,16.42
2024-02-14,2024-02-14 13:20:00,23307.7,23370.31,23303.02,23359.03,182917,23344.12,16.4
2024-02-14,2024-02-14 13:25:00,23359.03,23400.56,23355.68,23398.53,164510,23384.92,16.37
2024-02-14,2024-02-14 13:30:00,23398.53,23412.51,23394.85,23399.32,162013,23402.23,16.33
2024-02-14,2024-02-14 13:35:00,23399.32,23453.98,23398.74,23439.17,199647,23430.63,16.3
2024-02-14,2024-02-14 13:40:00,23439.17,23496.98,23433.49,23474.2,125014,23468.22,16.32
2024-02-14,2024-02-14 13:45:00,23474.2,23479.92,23424.03,23436.06,185904,23446.67,16.3
2024-02-14,2024-02-14 13:50:00,23436.06,23438.37,23422.09,23427.64,277886,23429.37,16.27
2024-02-14,2024-02-14 13:55:00,23427.64,23431.9,23406.17,23407.76,146989,23415.28,16.29
2024-02-14,2024-02-14 14:00:00,23407.76,23414.76,23397.43,23408.67,347928,23406.96,16.29
2024-02-14,2024-02-14 14:05:00,23408.67,23434.38,23346.99,23351.59,166042,23377.65,16.22
2024-02-14,2024-02-14 14:10:00,23351.59,23355.18,23317.63,23318.62,115733,23330.48,16.25
2024-02-14,2024-02-14 14:15:00,23318.62,23323.04,23294.25,23299.26,228633,23305.52,16.26
2024-02-14,2024-02-14 14:20:00,23299.26,23311.79,23278.1,23279.34,155589,23289.74,16.28
2024-02-14,2024-02-14 14:25:00,23279.34,23307.76,23274.81,23305.72,247959,23296.1,16.27
2024-02-14,2024-02-14 14:30:00,23305.72,23315.59,23251.77,23259.24,192016,23275.53,16.32
2024-02-14,2024-02-14 14:35:00,23259.24,23259.35,23214.31,23224.17,142752,23232.61,16.31
2024-02-14,2024-02-14 14:40:00,23224.17,23235.35,23221.77,23232.82,299061,23229.98,16.23
2024-02-14,2024-02-14 14:45:00,23232.82,23249.3,23218.63,23236.31,133285,23234.75,16.2
2024-02-14,2024-02-14 14:50:00,23236.31,23239.0,23217.64,23226.33,68442,23227.65,16.22
2024-02-14,2024-02-14 14:55:00,23226.33,23278.73,23204.32,23272.14,231476,23251.73,16.22
2024-02-14,2024-02-14 15:00:00,23272.14,23290.84,23266.15,23284.65,187207,23280.55,16.22
2024-02-14,2024-02-14 15:05:00,23284.65,23313.09,23275.73,23311.26,271981,23300.03,16.19
2024-02-14,2024-02-14 15:10:00,23311.26,23333.55,23286.36,23308.21,114385,23309.37,16.19
2024-02-14,2024-02-14 15:15:00,23308.21,23317.17,23289.83,23293.67,147434,23300.22,16.19
2024-02-14,2024-02-14 15:20:00,23293.67,23301.24,23278.07,23279.42,140925,23286.24,16.19
2024-02-14,2024-02-14 15:25:00,23279.42,23305.06,23251.16,23299.15,236453,23285.12,16.21
2024-02-14,2024-02-14 15:30:00,23299.15,23333.19,23294.48,23315.29,211153,23314.32,16.21
2024-02-15,2024-02-15 09:15:00,23315.29,23328.72,23311.0,23315.29,127058,23318.34,16.19
2024-02-15,2024-02-15 09:20:00,23315.29,23339.84,23282.96,23312.79,223128,23311.86,16.22
2024-02-15,2024-02-15 09:25:00,23312.79,23335.63,23298.43,23332.68,245492,23322.25,16.29
2024-02-15,2024-02-15 09:30:00,23332.68,23337.18,23326.68,23329.07,97878,23330.98,16.31
2024-02-15,2024-02-15 09:35:00,23329.07,23338.34,23327.17,23332.91,251749,23332.81,16.37
2024-02-15,2024-02-15 09:40:00,23332.91,23347.39,23329.79,23344.27,247209,23340.48,16.35
2024-02-15,2024-02-15 09:45:00,23344.27,23364.29,23304.98,23310.14,111839,23326.47,16.37
2024-02-15,2024-02-15 09:50:00,23310.14,23329.15,23309.98,23324.91,308494,23321.35,16.41
2024-02-15,2024-02-15 09:55:00,23324.91,23327.3,23295.43,23297.12,90876,23306.61,16.38
2024-02-15,2024-02-15 10:00:00,23297.12,23352.87,23288.18,23342.69,126765,23327.92,16.37
2024-02-15,2024-02-15 10:05:00,23342.69,23350.45,23323.25,23337.0,197126,23336.9,16.42
2024-02-15,2024-02-15 10:10:00,23337.0,23345.6,23329.88,23335.91,115678,23337.13,16.39
2024-02-15,2024-02-15 10:15:00,23335.91,23337.26,23303.93,23322.55,180868,23321.25,16.35
2024-02-15,2024-02-15 10:20:00,23322.55,23330.21,23301.34,23312.12,179230,23314.56,16.4
2024-02-15,2024-02-15 10:25:00,23312.12,23378.45,23307.25,23362.63,151020,23349.44,16.43
2024-02-15,2024-02-15 10:30:00,23362.63,23402.94,23348.7,23385.21,227057,23378.95,16.45
2024-02-15,2024-02-15 10:35:00,23385.21,23405.3,23354.82,23355.41,148546,23371.84,16.45
2024-02-15,2024-02-15 10:40:00,23355.41,23399.98,23352.8,23389.83,178548,23380.87,16.43
2024-02-15,2024-02-15 10:45:00,23389.83,23420.48,23372.31,23417.76,257452,23403.51,16.44
2024-02-15,2024-02-15 10:50:00,23417.76,23426.78,23403.61,23414.64,223300,23415.01,16.49
2024-02-15,2024-02-15 10:55:00,23414.64,23431.58,23405.48,23423.91,222884,23420.33,16.5
2024-02-15,2024-02-15 11:00:00,23423.91,23433.18,23422.51,23426.41,102778,23427.37,16.56
2024-02-15,2024-02-15 11:05:00,23426.41,23473.11,23405.6,23470.81,200770,23449.84,16.53
2024-02-15,2024-02-15 11:10:00,23470.81,23491.48,23449.65,23456.81,114530,23465.98,16.53
2024-02-15,2024-02-15 11:15:00,23456.81,23469.17,23433.89,23462.7,97483,23455.25,16.52
2024-02-15,2024-02-15 11:20:00,23462.7,23478.19,23431.57,23456.48,158152,23455.41,16.49
2024-02-15,2024-02-15 11:25:00,23456.48,23469.7,23428.14,23429.04,113355,23442.29,16.48
2024-02-15,2024-02-15 11:30:00,23429.04,23487.52,23411.99,23478.06,223294,23459.19,16.5
2024-02-15,2024-02-15 11:35:00,23478.06,23480.34,23446.79,23455.91,225441,23461.01,16.51
2024-02-15,2024-02-15 11:40:00,23455.91,23482.7,23455.32,23463.38,76035,23467.13,16.58
2024-02-15,2024-02-15 11:45:00,23463.38,23470.36,23427.11,23429.43,116853,23442.3,16.59
2024-02-15,2024-02-15 11:50:00,23429.43,23444.61,23413.9,23423.83,90770,23427.45,16.63
2024-02-15,2024-02-15 11:55:00,23423.83,23449.81,23399.36,23435.54,135259,23428.23,16.63
2024-02-15,2024-02-15 12:00:00,23435.54,23443.96,23372.41,23412.34,195256,23409.57,16.68
2024-02-15,2024-02-15 12:05:00,23412.34,23434.38,23408.43,23428.83,147721,23423.88,16.75
2024-02-15,2024-02-15 12:10:00,23428.83,23433.87,23416.3,23421.27,128552,23423.81,16.77
2024-02-15,2024-02-15 12:15:00,23421.27,23465.73,23419.9,23453.87,273777,23446.5,16.74
2024-02-15,2024-02-15 12:20:00,23453.87,23508.65,23450.22,23492.2,64734,23483.69,16.72
2024-02-15,2024-02-15 12:25:00,23492.2,23496.17,23463.94,23475.66,266931,23478.59,16.73
2024-02-15,2024-02-15 12:30:00,23475.66,23480.38,23460.37,23477.82,130912,23472.86,16.74
2024-02-15,2024-02-15 12:35:00,23477.82,23513.38,23461.82,23482.99,157748,23486.06,16.76
2024-02-15,2024-02-15 12:40:00,23482.99,23500.95,23477.28,23500.44,131801,23492.89,16.78
2024-02-15,2024-02-15 12:45:00,23500.44,23526.43,23493.11,23500.84,301689,23506.79,16.78
2024-02-15,2024-02-15 12:50:00,23500.84,23522.72,23464.49,23506.21,99469,23497.8,16.76
2024-02-15,2024-02-15 12:55:00,23506.21,23528.4,23493.07,23499.34,163520,23506.94,16.77
2024-02-15,2024-02-15 13:00:00,23499.34,23516.49,23498.8,23500.69,200982,23505.33,16.83
2024-02-15,2024-02-15 13:05:00,23500.69,23552.49,23481.7,23535.7,85442,23523.3,16.86
2024-02-15,2024-02-15 13:10:00,23535.7,23586.95,23530.43,23562.12,112649,23559.83,16.87
2024-02-15,2024-02-15 13:15:00,23562.12,23573.18,23538.23,23559.13,153388,23556.85,16.9
2024-02-15,2024-02-15 13:20:00,23559.13,23582.7,23527.62,23576.19,114157,23562.17,16.89
2024-02-15,2024-02-15 13:25:00,23576.19,23604.33,23566.01,23587.78,117449,23586.04,16.88
2024-02-15,2024-02-15 13:30:00,23587.78,23613.42,23572.61,23581.45,141499,23589.16,16.85
2024-02-15,2024-02-15 13:35:00,23581.45,23591.62,23453.58,23466.86,211046,23504.02,16.85
2024-02-15,2024-02-15 13:40:00,23466.86,23470.0,23466.58,23466.7,141904,23467.76,16.84
2024-02-15,2024-02-15 13:45:00,23466.7,23466.85,23416.46,23432.4,250539,23438.57,16.87
2024-02-15,2024-02-15 13:50:00,23432.4,23470.51,23413.77,23450.81,109195,23445.03,16.86
2024-02-15,2024-02-15 13:55:00,23450.81,23473.89,23425.19,23438.76,98639,23445.95,16.84
2024-02-15,2024-02-15 14:00:00,23438.76,23466.14,23428.62,23459.06,351701,23451.27,16.89
2024-02-15,2024-02-15 14:05:00,23459.06,23469.34,23430.65,23461.83,125093,23453.94,16.88
2024-02-15,2024-02-15 14:10:00,23461.83,23482.3,23393.64,23412.22,96339,23429.39,16.89
2024-02-15,2024-02-15 14:15:00,23412.22,23414.9,23386.18,23387.49,81078,23396.19,16.9
2024-02-15,2024-02-15 14:20:00,23387.49,23412.52,23381.99,23408.43,250206,23400.98,16.86
2024-02-15,2024-02-15 14:25:00,23408.43,23421.66,23396.28,23417.06,141985,23411.67,16.9
2024-02-15,2024-02-15 14:30:00,23417.06,23458.3,23399.15,23456.13,147048,23437.86,16.92
2024-02-15,2024-02-15 14:35:00,23456.13,23500.69,23439.44,23493.72,152713,23477.95,16.97
2024-02-15,2024-02-15 14:40:00,23493.72,23509.65,23472.07,23483.8,244061,23488.51,16.95
2024-02-15,2024-02-15 14:45:00,23483.8,23543.49,23472.24,23540.71,151476,23518.81,16.95
2024-02-15,2024-02-15 14:50:00,23540.71,23542.31,23525.64,23539.4,415659,23535.78,16.95
2024-02-15,2024-02-15 14:55:00,23539.4,23542.67,23486.87,23514.85,171700,23514.8,16.96
2024-02-15,2024-02-15 15:00:00,23514.85,23515.88,23494.81,23498.07,248876,23502.92,16.92
2024-02-15,2024-02-15 15:05:00,23498.07,23516.02,23433.97,23443.17,224604,23464.39,16.92
2024-02-15,2024-02-15 15:10:00,23443.17,23497.53,23421.68,23478.96,160399,23466.06,16.88
2024-02-15,2024-02-15 15:15:00,23478.96,23545.77,23449.13,23514.53,128696,23503.14,16.89
2024-02-15,2024-02-15 15:20:00,23514.53,23526.06,23471.51,23488.77,185866,23495.45,16.82
2024-02-15,2024-02-15 15:25:00,23488.77,23500.43,23467.1,23481.54,199593,23483.02,16.77
2024-02-15,2024-02-15 15:30:00,23481.54,23493.79,23467.52,23481.9,129439,23481.07,16.79
2024-02-16,2024-02-16 09:15:00,23481.9,23502.78,23456.4,23481.9,105396,23480.36,13.09
2024-02-16,2024-02-16 09:20:00,23481.9,23493.02,23477.08,23477.59,156717,23482.57,13.08
2024-02-16,2024-02-16 09:25:00,23477.59,23490.02,23467.38,23477.63,185109,23478.34,13.11
2024-02-16,2024-02-16 09:30:00,23477.63,23517.23,23470.34,23482.67,195259,23490.08,13.13
2024-02-16,2024-02-16 09:35:00,23482.67,23512.5,23474.79,23497.86,174180,23495.05,13.13
2024-02-16,2024-02-16 09:40:00,23497.86,23511.32,23473.83,23494.07,50168,23493.07,13.14
2024-02-16,2024-02-16 09:45:00,23494.07,23529.14,23492.19,23523.95,122883,23515.09,13.15
2024-02-16,2024-02-16 09:50:00,23523.95,23525.97,23523.52,23525.96,183233,23525.15,13.16
2024-02-16,2024-02-16 09:55:00,23525.96,23560.4,23511.14,23548.36,155805,23539.97,13.2
2024-02-16,2024-02-16 10:00:00,23548.36,23566.0,23542.5,23544.73,199718,23551.08,13.19
2024-02-16,2024-02-16 10:05:00,23544.73,23608.11,23533.97,23605.7,244898,23582.59,13.17
2024-02-16,2024-02-16 10:10:00,23605.7,23636.76,23574.57,23618.46,199321,23609.93,13.18
2024-02-16,2024-02-16 10:15:00,23618.46,23696.98,23601.42,23656.05,121588,23651.48,13.16
2024-02-16,2024-02-16 10:20:00,23656.05,23657.06,23643.16,23644.12,131215,23648.11,13.13
2024-02-16,2024-02-16 10:25:00,23644.12,23645.52,23631.32,23637.44,312567,23638.09,13.16
2024-02-16,2024-02-16 10:30:00,23637.44,23638.75,23627.76,23634.91,151502,23633.81,13.15
2024-02-16,2024-02-16 10:35:00,23634.91,23692.25,23624.03,23690.35,156660,23668.88,13.1
2024-02-16,2024-02-16 10:40:00,23690.35,23707.74,23685.04,23688.66,199575,23693.81,13.12
2024-02-16,2024-02-16 10:45:00,23688.66,23689.9,23659.53,23673.95,266969,23674.46,13.11
2024-02-16,2024-02-16 10:50:00,23673.95,23707.2,23670.97,23704.5,113492,23694.22,13.13
2024-02-16,2024-02-16 10:55:00,23704.5,23712.15,23703.39,23708.6,133459,23708.05,13.16
2024-02-16,2024-02-16 11:00:00,23708.6,23715.56,23702.67,23706.79,85683,23708.34,13.17
2024-02-16,2024-02-16 11:05:00,23706.79,23713.95,23692.16,23696.62,144560,23700.91,13.1
2024-02-16,2024-02-16 11:10:00,23696.62,23727.33,23686.23,23709.89,204237,23707.81,13.05
2024-02-16,2024-02-16 11:15:00,23709.89,23741.78,23690.8,23735.41,140688,23722.66,13.03
2024-02-16,2024-02-16 11:20:00,23735.41,23783.3,23720.99,23755.09,329036,23753.13,13.02
2024-02-16,2024-02-16 11:25:00,23755.09,23759.22,23739.28,23747.69,170498,23748.73,13.06
2024-02-16,2024-02-16 11:30:00,23747.69,23762.53,23711.53,23729.43,156231,23734.5,13.07
2024-02-16,2024-02-16 11:35:00,23729.43,23756.71,23629.62,23646.45,141371,23677.59,13.15
2024-02-16,2024-02-16 11:40:00,23646.45,23647.09,23617.55,23629.16,94471,23631.27,13.1
2024-02-16,2024-02-16 11:45:00,23629.16,23642.55,23620.46,23624.08,156978,23629.03,13.11
2024-02-16,2024-02-16 11:50:00,23624.08,23636.0,23623.66,23625.66,187841,23628.44,13.09
2024-02-16,2024-02-16 11:55:00,23625.66,23625.8,23621.81,23622.74,155246,23623.45,13.1
2024-02-16,2024-02-16 12:00:00,23622.74,23722.06,23616.54,23702.14,178518,23680.24,13.15
2024-02-16,2024-02-16 12:05:00,23702.14,23717.97,23677.28,23716.11,124458,23703.79,13.21
2024-02-16,2024-02-16 12:10:00,23716.11,23718.15,23665.03,23680.89,98924,23688.02,13.21
2024-02-16,2024-02-16 12:15:00,23680.89,23720.69,23668.01,23699.52,155985,23696.07,13.23
2024-02-16,2024-02-16 12:20:00,23699.52,23721.85,23671.54,23710.65,177769,23701.35,13.24
2024-02-16,2024-02-16 12:25:00,23710.65,23721.83,23664.96,23680.78,152135,23689.19,13.21
2024-02-16,2024-02-16 12:30:00,23680.78,23704.9,23664.57,23688.99,176558,23686.15,13.21
2024-02-16,2024-02-16 12:35:00,23688.99,23706.94,23682.08,23704.06,222049,23697.69,13.19
2024-02-16,2024-02-16 12:40:00,23704.06,23737.35,23690.25,23733.2,221711,23720.27,13.19
2024-02-16,2024-02-16 12:45:00,23733.2,23744.2,23672.85,23682.63,229337,23699.89,13.17
2024-02-16,2024-02-16 12:50:00,23682.63,23706.38,23665.16,23701.05,243319,23690.87,13.17
2024-02-16,2024-02-16 12:55:00,23701.05,23765.63,23683.92,23741.15,198557,23730.23,13.18
2024-02-16,2024-02-16 13:00:00,23741.15,23792.7,23740.15,23770.45,187686,23767.77,13.2
2024-02-16,2024-02-16 13:05:00,23770.45,23791.22,23753.69,23773.86,354046,23772.93,13.21
2024-02-16,2024-02-16 13:10:00,23773.86,23796.04,23762.93,23793.6,222670,23784.19,13.26
2024-02-16,2024-02-16 13:15:00,23793.6,23805.55,23777.77,23781.02,116068,23788.11,13.32
2024-02-16,2024-02-16 13:20:00,23781.02,23794.47,23748.19,23769.22,77248,23770.63,13.31
2024-02-16,2024-02-16 13:25:00,23769.22,23791.58,23727.92,23733.11,147788,23750.87,13.34
2024-02-16,2024-02-16 13:30:00,23733.11,23761.8,23732.71,23750.97,208959,23748.49,13.41
2024-02-16,2024-02-16 13:35:00,23750.97,23787.86,23726.95,23786.21,238847,23767.01,13.44
2024-02-16,2024-02-16 13:40:00,23786.21,23887.57,23777.75,23829.46,98697,23831.59,13.46
2024-02-16,2024-02-16 13:45:00,23829.46,23928.32,23818.59,23912.34,217895,23886.42,13.4
2024-02-16,2024-02-16 13:50:00,23912.34,23937.85,23870.75,23885.24,256241,23897.95,13.39
2024-02-16,2024-02-16 13:55:00,23885.24,23901.67,23797.13,23830.5,207626,23843.1,13.37
2024-02-16,2024-02-16 14:00:00,23830.5,23871.87,23824.55,23858.54,192199,23851.65,13.41
2024-02-16,2024-02-16 14:05:00,23858.54,23887.43,23857.62,23883.44,154334,23876.16,13.39
2024-02-16,2024-02-16 14:10:00,23883.44,23932.54,23860.48,23931.11,135401,23908.04,13.39
2024-02-16,2024-02-16 14:15:00,23931.11,23938.93,23918.08,23923.7,222842,23926.9,13.42
2024-02-16,2024-02-16 14:20:00,23923.7,23973.92,23915.67,23959.57,205528,23949.72,13.39
2024-02-16,2024-02-16 14:25:00,23959.57,23987.8,23940.07,23969.78,142792,23965.89,13.4
2024-02-16,2024-02-16 14:30:00,23969.78,23971.12,23966.22,23969.67,449927,23969.01,13.4
2024-02-16,2024-02-16 14:35:00,23969.67,23989.03,23969.51,23975.83,88972,23978.13,13.43
2024-02-16,2024-02-16 14:40:00,23975.83,24027.25,23968.22,24014.63,148322,24003.37,13.45
2024-02-16,2024-02-16 14:45:00,24014.63,24022.32,23997.2,24009.54,119544,24009.69,13.47
2024-02-16,2024-02-16 14:50:00,24009.54,24014.05,23997.94,24005.67,189789,24005.89,13.48
2024-02-16,2024-02-16 14:55:00,24005.67,24009.1,23951.27,23954.16,74638,23971.51,13.43
2024-02-16,2024-02-16 15:00:00,23954.16,23955.07,23940.48,23948.72,270413,23948.09,13.43
2024-02-16,2024-02-16 15:05:00,23948.72,23960.08,23946.11,23953.14,243331,23953.11,13.43
2024-02-16,2024-02-16 15:10:00,23953.14,23956.1,23926.91,23932.96,181124,23938.66,13.45
2024-02-16,2024-02-16 15:15:00,23932.96,23939.96,23896.71,23906.93,143755,23914.53,13.44
2024-02-16,2024-02-16 15:20:00,23906.93,23915.67,23858.21,23860.76,216755,23878.21,13.44
2024-02-16,2024-02-16 15:25:00,23860.76,23864.77,23827.77,23844.9,185624,23845.81,13.45
2024-02-16,2024-02-16 15:30:00,23844.9,23894.21,23825.25,23876.88,238185,23865.45,13.42
2024-02-19,2024-02-19 09:15:00,23876.88,23878.01,23858.0,23876.88,122828,23870.96,12.22
2024-02-19,2024-02-19 09:20:00,23876.88,23890.5,23846.23,23854.96,219012,23863.9,12.17
2024-02-19,2024-02-19 09:25:00,23854.96,23865.33,23849.55,23863.83,203788,23859.57,12.24
2024-02-19,2024-02-19 09:30:00,23863.83,23874.47,23838.73,23872.39,190245,23861.86,12.23
2024-02-19,2024-02-19 09:35:00,23872.39,23896.34,23825.33,23844.55,182189,23855.41,12.25
2024-02-19,2024-02-19 09:40:00,23844.55,23882.14,23841.25,23875.01,189199,23866.13,12.25
2024-02-19,2024-02-19 09:45:00,23875.01,23906.84,23868.24,23880.48,181457,23885.19,12.22
2024-02-19,2024-02-19 09:50:00,23880.48,23898.61,23874.46,23878.99,159409,23884.02,12.19
2024-02-19,2024-02-19 09:55:00,23878.99,23891.91,23849.55,23891.12,297900,23877.53,12.24
2024-02-19,2024-02-19 10:00:00,23891.12,23912.4,23874.65,23899.07,96272,23895.37,12.27
2024-02-19,2024-02-19 10:05:00,23899.07,23961.04,23896.64,23918.44,244894,23925.37,12.33
2024-02-19,2024-02-19 10:10:00,23918.44,23952.27,23915.56,23932.89,226146,23933.57,12.33
2024-02-19,2024-02-19 10:15:00,23932.89,23961.57,23912.14,23951.22,215207,23941.64,12.34
2024-02-19,2024-02-19 10:20:00,23951.22,23990.71,23942.89,23983.22,254432,23972.27,12.33
2024-02-19,2024-02-19 10:25:00,23983.22,24013.92,23960.79,24005.17,156836,23993.29,12.32
2024-02-19,2024-02-19 10:30:00,24005.17,24011.33,23972.99,24004.58,77065,23996.3,12.29
2024-02-19,2024-02-19 10:35:00,24004.58,24014.73,23976.57,23983.2,158115,23991.5,12.29
2024-02-19,2024-02-19 10:40:00,23983.2,24025.03,23975.79,24022.08,109482,24007.63,12.27
2024-02-19,2024-02-19 10:45:00,24022.08,24035.35,23994.51,24019.82,121449,24016.56,12.28
2024-02-19,2024-02-19 10:50:00,24019.82,24041.68,23990.2,24012.48,99015,24014.78,12.29
2024-02-19,2024-02-19 10:55:00,24012.48,24035.1,23977.35,23977.83,134465,23996.76,12.3
2024-02-19,2024-02-19 11:00:00,23977.83,24005.74,23955.73,23988.01,128200,23983.16,12.35
2024-02-19,2024-02-19 11:05:00,23988.01,23994.66,23962.34,23994.1,62879,23983.7,12.35
2024-02-19,2024-02-19 11:10:00,23994.1,24001.15,23963.19,23964.26,215364,23976.2,12.37
2024-02-19,2024-02-19 11:15:00,23964.26,23979.32,23928.72,23976.91,395588,23961.65,12.43
2024-02-19,2024-02-19 11:20:00,23976.91,23987.46,23968.59,23969.04,207418,23975.03,12.47
2024-02-19,2024-02-19 11:25:00,23969.04,24049.66,23965.96,24029.95,150065,24015.19,12.5
2024-02-19,2024-02-19 11:30:00,24029.95,24034.47,24008.04,24020.52,159229,24021.01,12.5
2024-02-19,2024-02-19 11:35:00,24020.52,24033.36,24008.9,24014.0,137531,24018.75,12.5
2024-02-19,2024-02-19 11:40:00,24014.0,24014.8,23996.74,23997.97,168723,24003.17,12.46
2024-02-19,2024-02-19 11:45:00,23997.97,24054.65,23977.68,24028.45,160363,24020.26,12.48
2024-02-19,2024-02-19 11:50:00,24028.45,24047.88,24023.0,24023.27,116259,24031.38,12.49
2024-02-19,2024-02-19 11:55:00,24023.27,24036.37,23986.06,24010.48,319066,24010.97,12.49
2024-02-19,2024-02-19 12:00:00,24010.48,24042.33,24005.19,24030.85,89781,24026.12,12.52
2024-02-19,2024-02-19 12:05:00,24030.85,24040.94,23981.02,23991.05,216930,24004.34,12.48
2024-02-19,2024-02-19 12:10:00,23991.05,24025.74,23978.59,24009.04,156298,24004.46,12.53
2024-02-19,2024-02-19 12:15:00,24009.04,24066.96,23999.02,24060.37,348130,24042.11,12.56
2024-02-19,2024-02-19 12:20:00,24060.37,24096.3,24039.13,24076.73,186529,24070.72,12.56
2024-02-19,2024-02-19 12:25:00,24076.73,24096.16,24063.62,24095.16,140932,24084.98,12.55
2024-02-19,2024-02-19 12:30:00,24095.16,24132.15,24079.4,24120.31,147401,24110.62,12.57
2024-02-19,2024-02-19 12:35:00,24120.31,24185.1,24110.63,24169.8,165373,24155.18,12.61
2024-02-19,2024-02-19 12:40:00,24169.8,24215.35,24158.14,24204.89,103041,24192.8,12.61
2024-02-19,2024-02-19 12:45:00,24204.89,24253.78,24176.3,24217.66,119760,24215.91,12.62
2024-02-19,2024-02-19 12:50:00,24217.66,24245.91,24207.66,24243.93,79699,24232.5,12.62
2024-02-19,2024-02-19 12:55:00,24243.93,24249.2,24192.01,24218.16,112511,24219.79,12.67
2024-02-19,2024-02-19 13:00:00,24218.16,24273.42,24210.17,24255.63,168984,24246.41,12.66
2024-02-19,2024-02-19 13:05:00,24255.63,24286.95,24243.23,24260.11,183518,24263.43,12.66
2024-02-19,2024-02-19 13:10:00,24260.11,24272.03,24200.59,24204.89,73737,24225.84,12.7
2024-02-19,2024-02-19 13:15:00,24204.89,24225.78,24170.09,24180.47,154062,24192.11,12.71
2024-02-19,2024-02-19 13:20:00,24180.47,24237.32,24167.24,24232.46,203895,24212.34,12.74
2024-02-19,2024-02-19 13:25:00,24232.46,24304.28,24218.48,24295.55,152487,24272.77,12.72
2024-02-19,2024-02-19 13:30:00,24295.55,24341.77,24289.21,24330.99,126308,24320.66,12.71
2024-02-19,2024-02-19 13:35:00,24330.99,24428.23,24320.98,24419.56,138017,24389.59,12.75
2024-02-19,2024-02-19 13:40:00,24419.56,24469.85,24397.75,24449.49,131097,24439.03,12.73
2024-02-19,2024-02-19 13:45:00,24449.49,24462.94,24435.87,24453.65,126160,24450.82,12.73
2024-02-19,2024-02-19 13:50:00,24453.65,24479.36,24442.64,24458.72,174473,24460.24,12.74
2024-02-19,2024-02-19 13:55:00,24458.72,24465.21,24424.31,24431.95,409656,24440.49,12.71
2024-02-19,2024-02-19 14:00:00,24431.95,24474.84,24415.06,24448.59,120875,24446.16,12.69
2024-02-19,2024-02-19 14:05:00,24448.59,24459.57,24388.24,24409.82,143306,24419.21,12.7
2024-02-19,2024-02-19 14:10:00,24409.82,24435.96,24392.51,24397.67,159423,24408.71,12.7
2024-02-19,2024-02-19 14:15:00,24397.67,24414.7,24335.31,24352.51,123631,24367.5,12.74
2024-02-19,2024-02-19 14:20:00,24352.51,24352.87,24324.24,24333.42,252532,24336.84,12.78
2024-02-19,2024-02-19 14:25:00,24333.42,24379.65,24324.33,24347.1,63047,24350.36,12.76
2024-02-19,2024-02-19 14:30:00,24347.1,24362.95,24331.74,24357.45,131607,24350.71,12.76
2024-02-19,2024-02-19 14:35:00,24357.45,24365.31,24345.06,24356.75,225782,24355.7,12.78
2024-02-19,2024-02-19 14:40:00,24356.75,24380.63,24348.17,24358.95,144691,24362.58,12.83
2024-02-19,2024-02-19 14:45:00,24358.95,24383.47,24306.45,24311.06,117203,24333.66,12.85
2024-02-19,2024-02-19 14:50:00,24311.06,24312.63,24267.69,24300.06,194133,24293.46,12.86
2024-02-19,2024-02-19 14:55:00,24300.06,24304.34,24267.77,24281.56,233873,24284.56,12.88
2024-02-19,2024-02-19 15:00:00,24281.56,24287.38,24251.66,24263.61,177061,24267.55,12.9
2024-02-19,2024-02-19 15:05:00,24263.61,24298.26,24263.53,24276.22,118126,24279.34,12.87
2024-02-19,2024-02-19 15:10:00,24276.22,24295.22,24231.16,24253.39,195336,24259.92,12.88
2024-02-19,2024-02-19 15:15:00,24253.39,24272.09,24219.2,24236.78,138576,24242.69,12.92
2024-02-19,2024-02-19 15:20:00,24236.78,24243.67,24174.59,24184.26,219273,24200.84,12.91
2024-02-19,2024-02-19 15:25:00,24184.26,24184.58,24168.64,24175.21,294579,24176.14,12.92
2024-02-19,2024-02-19 15:30:00,24175.21,24204.86,24113.48,24146.98,57398,24155.11,12.91
2024-02-20,2024-02-20 09:15:00,24146.98,24156.85,24126.66,24146.98,155805,24143.5,15.0
2024-02-20,2024-02-20 09:20:00,24146.98,24150.17,24123.74,24132.14,239695,24135.35,14.97
2024-02-20,2024-02-20 09:25:00,24132.14,24142.61,24116.4,24129.15,112540,24129.38,15.01
2024-02-20,2024-02-20 09:30:00,24129.15,24129.99,24104.9,24112.67,89829,24115.85,15.01
2024-02-20,2024-02-20 09:35:00,24112.67,24166.96,24100.74,24140.68,194441,24136.13,15.0
2024-02-20,2024-02-20 09:40:00,24140.68,24172.35,24129.12,24161.61,158637,24154.36,15.02
2024-02-20,2024-02-20 09:45:00,24161.61,24175.88,24129.18,24136.71,81731,24147.26,14.96
2024-02-20,2024-02-20 09:50:00,24136.71,24140.03,24091.67,24095.76,83377,24109.15,14.97
2024-02-20,2024-02-20 09:55:00,24095.76,24131.32,24093.41,24117.42,125649,24114.05,14.98
2024-02-20,2024-02-20 10:00:00,24117.42,24123.96,24064.47,24091.25,157392,24093.22,14.94
2024-02-20,2024-02-20 10:05:00,24091.25,24123.49,24065.82,24112.1,283711,24100.47,14.88
2024-02-20,2024-02-20 10:10:00,24112.1,24122.85,24092.41,24101.14,105613,24105.47,14.87
2024-02-20,2024-02-20 10:15:00,24101.14,24132.63,24096.3,24119.11,201896,24116.01,14.87
2024-02-20,2024-02-20 10:20:00,24119.11,24139.24,24100.04,24131.64,74284,24123.64,14.88
2024-02-20,2024-02-20 10:25:00,24131.64,24135.61,24113.15,24122.89,188035,24123.88,14.93
2024-02-20,2024-02-20 10:30:00,24122.89,24130.96,24099.05,24106.7,297340,24112.24,14.94
2024-02-20,2024-02-20 10:35:00,24106.7,24124.68,24102.43,24122.09,172246,24116.4,14.89
2024-02-20,2024-02-20 10:40:00,24122.09,24136.13,24076.17,24109.94,124583,24107.42,14.89
2024-02-20,2024-02-20 10:45:00,24109.94,24140.67,24099.65,24136.9,266469,24125.74,14.85
2024-02-20,2024-02-20 10:50:00,24136.9,24144.99,24115.06,24121.72,187128,24127.26,14.84
2024-02-20,2024-02-20 10:55:00,24121.72,24149.14,24118.08,24132.22,173067,24133.14,14.88
2024-02-20,2024-02-20 11:00:00,24132.22,24136.52,24125.97,24126.64,108326,24129.71,14.9
2024-02-20,2024-02-20 11:05:00,24126.64,24135.32,24120.5,24129.66,188246,24128.49,14.88
2024-02-20,2024-02-20 11:10:00,24129.66,24133.54,24094.5,24117.34,123761,24115.12,14.89
2024-02-20,2024-02-20 11:15:00,24117.34,24129.99,24102.41,24116.36,184347,24116.25,14.87
2024-02-20,2024-02-20 11:20:00,24116.36,24122.58,24042.86,24063.65,165945,24076.36,14.79
2024-02-20,2024-02-20 11:25:00,24063.65,24084.27,24045.98,24048.93,251110,24059.73,14.75
2024-02-20,2024-02-20 11:30:00,24048.93,24058.08,24024.17,24039.1,129262,24040.45,14.77
2024-02-20,2024-02-20 11:35:00,24039.1,24046.3,24024.77,24040.43,153316,24037.17,14.79
2024-02-20,2024-02-20 11:40:00,24040.43,24097.51,24032.03,24071.29,223982,24066.95,14.84
2024-02-20,2024-02-20 11:45:00,24071.29,24075.81,24053.91,24059.07,148091,24062.93,14.85
2024-02-20,2024-02-20 11:50:00,24059.07,24111.79,24049.09,24092.57,161359,24084.48,14.89
2024-02-20,2024-02-20 11:55:00,24092.57,24110.76,24055.23,24076.78,138317,24080.93,14.91
2024-02-20,2024-02-20 12:00:00,24076.78,24093.34,24043.62,24044.77,152442,24060.58,14.94
2024-02-20,2024-02-20 12:05:00,24044.77,24055.92,23975.22,23990.4,212858,24007.18,14.97
2024-02-20,2024-02-20 12:10:00,23990.4,24019.87,23975.65,24007.87,339206,24001.13,14.99
2024-02-20,2024-02-20 12:15:00,24007.87,24013.61,24002.48,24010.35,83166,24008.81,15.02
2024-02-20,2024-02-20 12:20:00,24010.35,24039.72,24000.98,24026.12,98124,24022.28,15.0
2024-02-20,2024-02-20 12:25:00,24026.12,24038.29,24018.15,24029.92,153800,24028.79,14.92
2024-02-20,2024-02-20 12:30:00,24029.92,24037.1,24018.91,24029.65,166018,24028.56,14.94
2024-02-20,2024-02-20 12:35:00,24029.65,24047.92,24013.55,24037.85,149184,24033.11,14.95
2024-02-20,2024-02-20 12:40:00,24037.85,24101.88,24023.81,24099.94,130442,24075.21,14.93
2024-02-20,2024-02-20 12:45:00,24099.94,24116.54,24083.71,24086.24,99414,24095.49,14.89
2024-02-20,2024-02-20 12:50:00,24086.24,24151.59,24072.73,24145.61,127477,24123.31,14.89
2024-02-20,2024-02-20 12:55:00,24145.61,24204.84,24135.33,24170.31,225684,24170.16,14.92
2024-02-20,2024-02-20 13:00:00,24170.31,24187.87,24153.34,24160.2,168927,24167.14,14.93
2024-02-20,2024-02-20 13:05:00,24160.2,24165.64,24085.94,24101.57,213250,24117.71,14.9
2024-02-20,2024-02-20 13:10:00,24101.57,24141.33,24084.07,24110.65,100572,24112.02,14.88
2024-02-20,2024-02-20 13:15:00,24110.65,24114.61,24014.07,24024.12,290006,24050.93,14.9
2024-02-20,2024-02-20 13:20:00,24024.12,24050.55,23953.31,23989.93,129994,23997.93,14.9
2024-02-20,2024-02-20 13:25:00,23989.93,23999.83,23974.57,23989.12,196827,23987.84,14.93
2024-02-20,2024-02-20 13:30:00,23989.12,24017.54,23957.34,23977.53,154812,23984.14,14.92
2024-02-20,2024-02-20 13:35:00,23977.53,24000.66,23972.57,23992.32,131136,23988.52,14.94
2024-02-20,2024-02-20 13:40:00,23992.32,24003.23,23958.74,23969.04,193518,23977.0,14.94
2024-02-20,2024-02-20 13:45:00,23969.04,23993.06,23930.25,23936.39,206944,23953.23,14.92
2024-02-20,2024-02-20 13:50:00,23936.39,23988.32,23933.65,23982.32,476968,23968.1,14.95
2024-02-20,2024-02-20 13:55:00,23982.32,23996.58,23920.58,23944.41,210177,23953.86,14.92
2024-02-20,2024-02-20 14:00:00,23944.41,23952.95,23913.49,23932.53,208920,23932.99,14.92
2024-02-20,2024-02-20 14:05:00,23932.53,23946.87,23913.25,23941.47,257288,23933.87,14.93
2024-02-20,2024-02-20 14:10:00,23941.47,23961.16,23925.36,23932.28,201338,23939.6,14.92
2024-02-20,2024-02-20 14:15:00,23932.28,23944.58,23922.67,23933.84,160253,23933.7,14.95
2024-02-20,2024-02-20 14:20:00,23933.84,23942.73,23918.85,23931.46,185403,23931.01,14.97
2024-02-20,2024-02-20 14:25:00,23931.46,23974.83,23930.33,23950.29,229102,23951.82,14.98
2024-02-20,2024-02-20 14:30:00,23950.29,23972.79,23950.18,23958.91,283879,23960.63,14.99
2024-02-20,2024-02-20 14:35:00,23958.91,23961.97,23954.71,23955.83,88940,23957.51,15.04
2024-02-20,2024-02-20 14:40:00,23955.83,23973.21,23943.39,23954.35,76412,23956.98,15.08
2024-02-20,2024-02-20 14:45:00,23954.35,23967.46,23902.98,23926.49,279106,23932.31,15.11
2024-02-20,2024-02-20 14:50:00,23926.49,23972.98,23916.76,23959.69,118304,23949.81,15.14
2024-02-20,2024-02-20 14:55:00,23959.69,24032.67,23958.64,24028.74,83853,24006.68,15.12
2024-02-20,2024-02-20 15:00:00,24028.74,24034.98,24011.41,24018.88,80758,24021.76,15.12
2024-02-20,2024-02-20 15:05:00,24018.88,24033.81,24006.1,24018.11,334616,24019.34,15.13
2024-02-20,2024-02-20 15:10:00,24018.11,24048.09,24012.37,24040.57,231201,24033.68,15.17
2024-02-20,2024-02-20 15:15:00,24040.57,24078.6,24033.73,24062.91,118416,24058.41,15.19
2024-02-20,2024-02-20 15:20:00,24062.91,24082.31,24060.98,24065.28,120390,24069.52,15.21
2024-02-20,2024-02-20 15:25:00,24065.28,24070.21,24012.46,24039.86,166365,24040.84,15.27
2024-02-20,2024-02-20 15:30:00,24039.86,24089.12,24032.22,24081.64,229522,24067.66,15.27
2024-02-21,2024-02-21 09:15:00,24081.64,24088.76,24067.62,24081.64,227678,24079.34,12.36
2024-02-21,2024-02-21 09:20:00,24081.64,24110.69,24063.25,24106.49,67284,24093.48,12.32
2024-02-21,2024-02-21 09:25:00,24106.49,24136.93,24104.52,24119.34,125362,24120.26,12.33
2024-02-21,2024-02-21 09:30:00,24119.34,24145.51,24106.28,24141.95,411270,24131.24,12.29
2024-02-21,2024-02-21 09:35:00,24141.95,24162.01,24138.16,24152.1,205533,24150.75,12.28
2024-02-21,2024-02-21 09:40:00,24152.1,24178.55,24141.74,24146.74,213297,24155.68,12.28
2024-02-21,2024-02-21 09:45:00,24146.74,24177.03,24140.54,24161.71,260187,24159.76,12.27
2024-02-21,2024-02-21 09:50:00,24161.71,24193.4,24132.67,24183.31,163869,24169.79,12.28
2024-02-21,2024-02-21 09:55:00,24183.31,24211.83,24176.92,24194.47,223837,24194.41,12.3
2024-02-21,2024-02-21 10:00:00,24194.47,24207.27,24167.44,24179.17,216907,24184.63,12.27
2024-02-21,2024-02-21 10:05:00,24179.17,24187.24,24167.06,24178.12,201917,24177.47,12.27
2024-02-21,2024-02-21 10:10:00,24178.12,24210.55,24162.98,24201.65,143085,24191.72,12.17
2024-02-21,2024-02-21 10:15:00,24201.65,24210.58,24150.46,24174.43,174350,24178.49,12.17
2024-02-21,2024-02-21 10:20:00,24174.43,24201.38,24120.75,24131.79,128624,24151.3,12.16
2024-02-21,2024-02-21 10:25:00,24131.79,24168.06,24110.84,24167.44,163591,24148.78,12.13
2024-02-21,2024-02-21 10:30:00,24167.44,24185.84,24163.9,24181.46,101987,24177.07,12.14
2024-02-21,2024-02-21 10:35:00,24181.46,24206.99,24178.68,24197.57,118628,24194.41,12.18
2024-02-21,2024-02-21 10:40:00,24197.57,24211.09,24146.09,24177.02,145375,24178.07,12.16
2024-02-21,2024-02-21 10:45:00,24177.02,24202.9,24173.45,24195.97,111582,24190.77,12.14
2024-02-21,2024-02-21 10:50:00,24195.97,24208.03,24185.69,24204.87,132985,24199.53,12.14
2024-02-21,2024-02-21 10:55:00,24204.87,24216.33,24169.17,24173.26,152425,24186.25,12.1
2024-02-21,2024-02-21 11:00:00,24173.26,24228.04,24156.79,24207.14,191167,24197.32,12.08
2024-02-21,2024-02-21 11:05:00,24207.14,24231.96,24188.9,24213.51,237923,24211.46,12.12
2024-02-21,2024-02-21 11:10:00,24213.51,24230.88,24199.44,24207.78,135196,24212.7,12.12
2024-02-21,2024-02-21 11:15:00,24207.78,24216.69,24186.12,24202.45,277629,24201.75,12.06
2024-02-21,2024-02-21 11:20:00,24202.45,24207.37,24143.87,24161.46,236912,24170.9,12.01
2024-02-21,2024-02-21 11:25:00,24161.46,24198.3,24155.45,24177.26,199114,24177.0,12.01
2024-02-21,2024-02-21 11:30:00,24177.26,24202.14,24163.56,24185.86,173071,24183.85,12.04
2024-02-21,2024-02-21 11:35:00,24185.86,24196.41,24183.79,24184.54,184914,24188.24,11.99
2024-02-21,2024-02-21 11:40:00,24184.54,24226.44,24171.87,24215.27,261665,24204.53,12.01
2024-02-21,2024-02-21 11:45:00,24215.27,24238.78,24185.62,24188.01,265516,24204.14,12.05
2024-02-21,2024-02-21 11:50:00,24188.01,24216.94,24161.5,24177.92,277611,24185.46,12.1
2024-02-21,2024-02-21 11:55:00,24177.92,24188.83,24159.89,24162.33,165467,24170.35,12.11
2024-02-21,2024-02-21 12:00:00,24162.33,24173.69,24152.07,24154.25,203208,24160.0,12.13
2024-02-21,2024-02-21 12:05:00,24154.25,24164.61,24152.89,24156.2,278568,24157.9,12.06
2024-02-21,2024-02-21 12:10:00,24156.2,24196.91,24144.57,24168.67,126818,24170.05,12.13
2024-02-21,2024-02-21 12:15:00,24168.67,24172.55,24148.92,24158.6,143291,24160.03,12.11
2024-02-21,2024-02-21 12:20:00,24158.6,24170.97,24101.36,24133.17,163802,24135.17,12.08
2024-02-21,2024-02-21 12:25:00,24133.17,24183.53,24126.35,24182.0,233243,24163.96,12.07
2024-02-21,2024-02-21 12:30:00,24182.0,24255.88,24167.66,24251.98,234701,24225.17,12.12
2024-02-21,2024-02-21 12:35:00,24251.98,24280.35,24245.48,24256.15,148398,24260.66,12.18
2024-02-21,2024-02-21 12:40:00,24256.15,24264.0,24224.81,24234.12,89014,24240.98,12.19
2024-02-21,2024-02-21 12:45:00,24234.12,24298.17,24217.62,24277.03,179597,24264.27,12.22
2024-02-21,2024-02-21 12:50:00,24277.03,24280.75,24227.69,24234.88,112721,24247.77,12.22
2024-02-21,2024-02-21 12:55:00,24234.88,24247.22,24223.09,24225.14,89682,24231.82,12.19
2024-02-21,2024-02-21 13:00:00,24225.14,24233.62,24189.33,24191.16,98169,24204.7,12.23
2024-02-21,2024-02-21 13:05:00,24191.16,24192.65,24162.04,24188.49,185452,24181.06,12.21
2024-02-21,2024-02-21 13:10:00,24188.49,24197.58,24117.21,24130.91,280524,24148.57,12.26
2024-02-21,2024-02-21 13:15:00,24130.91,24151.75,24105.21,24135.71,165306,24130.89,12.3
2024-02-21,2024-02-21 13:20:00,24135.71,24153.11,24111.88,24112.34,177114,24125.78,12.32
2024-02-21,2024-02-21 13:25:00,24112.34,24120.22,24082.34,24108.89,261230,24103.82,12.37
2024-02-21,2024-02-21 13:30:00,24108.89,24110.89,24072.32,24074.91,87747,24086.04,12.44
2024-02-21,2024-02-21 13:35:00,24074.91,24111.32,24061.05,24107.04,200399,24093.13,12.43
2024-02-21,2024-02-21 13:40:00,24107.04,24144.59,24101.76,24136.07,162002,24127.47,12.41
2024-02-21,2024-02-21 13:45:00,24136.07,24157.08,24048.65,24069.95,204111,24091.89,12.35
2024-02-21,2024-02-21 13:50:00,24069.95,24145.76,24067.57,24129.59,134135,24114.31,12.42
2024-02-21,2024-02-21 13:55:00,24129.59,24213.59,24117.18,24209.79,117339,24180.19,12.41
2024-02-21,2024-02-21 14:00:00,24209.79,24213.37,24194.49,24201.63,172164,24203.16,12.44
2024-02-21,2024-02-21 14:05:00,24201.63,24202.41,24120.36,24131.56,314794,24151.45,12.42
2024-02-21,2024-02-21 14:10:00,24131.56,24150.34,24109.44,24124.73,229662,24128.17,12.47
2024-02-21,2024-02-21 14:15:00,24124.73,24138.66,24114.52,24126.06,132842,24126.41,12.45
2024-02-21,2024-02-21 14:20:00,24126.06,24136.82,24050.06,24060.99,95188,24082.62,12.41
2024-02-21,2024-02-21 14:25:00,24060.99,24100.92,24048.59,24091.16,83047,24080.22,12.4
2024-02-21,2024-02-21 14:30:00,24091.16,24101.38,24056.41,24072.04,275526,24076.61,12.39
2024-02-21,2024-02-21 14:35:00,24072.04,24083.44,24055.01,24078.02,111075,24072.16,12.41
2024-02-21,2024-02-21 14:40:00,24078.02,24096.52,24065.57,24070.65,142884,24077.58,12.4
2024-02-21,2024-02-21 14:45:00,24070.65,24082.98,24033.26,24037.71,276090,24051.32,12.42
2024-02-21,2024-02-21 14:50:00,24037.71,24054.13,24000.2,24010.06,85343,24021.47,12.41
2024-02-21,2024-02-21 14:55:00,24010.06,24014.52,23985.61,23985.69,295642,23995.27,12.39
2024-02-21,2024-02-21 15:00:00,23985.69,24017.94,23963.71,24009.81,147052,23997.15,12.38
2024-02-21,2024-02-21 15:05:00,24009.81,24022.18,23990.32,24004.35,102802,24005.61,12.44
2024-02-21,2024-02-21 15:10:00,24004.35,24011.77,23961.8,23989.9,147422,23987.82,12.44
2024-02-21,2024-02-21 15:15:00,23989.9,23996.3,23959.01,23965.56,121900,23973.62,12.38
2024-02-21,2024-02-21 15:20:00,23965.56,24004.48,23963.97,23992.31,194138,23986.92,12.37
2024-02-21,2024-02-21 15:25:00,23992.31,24050.63,23982.09,24025.52,125586,24019.41,12.37
2024-02-21,2024-02-21 15:30:00,24025.52,24068.51,24016.12,24052.06,75761,24045.56,12.43
2024-02-22,2024-02-22 09:15:00,24052.06,24055.33,24051.88,24052.06,182053,24053.09,12.98
2024-02-22,2024-02-22 09:20:00,24052.06,24067.49,24043.49,24048.11,170237,24053.03,13.01
2024-02-22,2024-02-22 09:25:00,24048.11,24076.53,24033.73,24064.01,245720,24058.09,13.04
2024-02-22,2024-02-22 09:30:00,24064.01,24100.26,24064.01,24085.8,204227,24083.36,13.09
2024-02-22,2024-02-22 09:35:00,24085.8,24119.4,24074.42,24104.31,154515,24099.38,13.08
2024-02-22,2024-02-22 09:40:00,24104.31,24137.72,24102.64,24107.16,356204,24115.84,13.07
2024-02-22,2024-02-22 09:45:00,24107.16,24134.26,24092.97,24122.06,228520,24116.43,13.05
2024-02-22,2024-02-22 09:50:00,24122.06,24140.84,24085.0,24091.09,186455,24105.64,13.04
2024-02-22,2024-02-22 09:55:00,24091.09,24118.79,24087.83,24117.71,195267,24108.11,13.06
2024-02-22,2024-02-22 10:00:00,24117.71,24121.56,24110.74,24111.81,166787,24114.7,13.08
2024-02-22,2024-02-22 10:05:00,24111.81,24161.12,24076.45,24157.46,163832,24131.68,13.13
2024-02-22,2024-02-22 10:10:00,24157.46,24185.62,24140.15,24184.81,68316,24170.19,13.14
2024-02-22,2024-02-22 10:15:00,24184.81,24205.29,24165.21,24183.42,112867,24184.64,13.14
2024-02-22,2024-02-22 10:20:00,24183.42,24202.98,24167.91,24186.79,131088,24185.89,13.11
2024-02-22,2024-02-22 10:25:00,24186.79,24221.26,24180.43,24215.46,194902,24205.72,13.14
2024-02-22,2024-02-22 10:30:00,24215.46,24239.37,24143.11,24169.11,84063,24183.87,13.13
2024-02-22,2024-02-22 10:35:00,24169.11,24170.04,24161.75,24168.53,132128,24166.77,13.16
2024-02-22,2024-02-22 10:40:00,24168.53,24225.21,24163.29,24208.44,125526,24198.98,13.15
2024-02-22,2024-02-22 10:45:00,24208.44,24230.09,24201.37,24229.75,170536,24220.4,13.18
2024-02-22,2024-02-22 10:50:00,24229.75,24245.39,24204.54,24214.39,195096,24221.44,13.19
2024-02-22,2024-02-22 10:55:00,24214.39,24242.41,24204.32,24224.15,125702,24223.62,13.22
2024-02-22,2024-02-22 11:00:00,24224.15,24234.1,24196.83,24205.76,129369,24212.23,13.24
2024-02-22,2024-02-22 11:05:00,24205.76,24215.35,24178.09,24201.23,123980,24198.22,13.21
2024-02-22,2024-02-22 11:10:00,24201.23,24226.98,24195.29,24211.4,139239,24211.22,13.2
2024-02-22,2024-02-22 11:15:00,24211.4,24231.1,24189.19,24225.42,159458,24215.23,13.16
2024-02-22,2024-02-22 11:20:00,24225.42,24252.18,24214.24,24244.23,275419,24236.88,13.16
2024-02-22,2024-02-22 11:25:00,24244.23,24294.95,24239.34,24274.06,108553,24269.45,13.12
2024-02-22,2024-02-22 11:30:00,24274.06,24276.02,24242.94,24250.89,327858,24256.62,13.13
2024-02-22,2024-02-22 11:35:00,24250.89,24263.13,24232.71,24254.33,99356,24250.06,13.02
2024-02-22,2024-02-22 11:40:00,24254.33,24269.65,24220.26,24238.67,238436,24242.86,13.04
2024-02-22,2024-02-22 11:45:00,24238.67,24239.83,24218.02,24232.88,134548,24230.24,13.01
2024-02-22,2024-02-22 11:50:00,24232.88,24265.73,24214.84,24219.34,113053,24233.3,12.98
2024-02-22,2024-02-22 11:55:00,24219.34,24244.98,24203.04,24233.13,275612,24227.05,13.02
2024-02-22,2024-02-22 12:00:00,24233.13,24265.0,24223.0,24263.75,168165,24250.58,13.03
2024-02-22,2024-02-22 12:05:00,24263.75,24299.84,24252.17,24295.98,165610,24282.66,13.06
2024-02-22,2024-02-22 12:10:00,24295.98,24296.29,24237.8,24263.76,145680,24265.95,13.03
2024-02-22,2024-02-22 12:15:00,24263.76,24267.13,24250.26,24260.17,128980,24259.19,13.06
2024-02-22,2024-02-22 12:20:00,24260.17,24265.98,24215.66,24227.19,151639,24236.28,13.05
2024-02-22,2024-02-22 12:25:00,24227.19,24234.38,24183.64,24193.28,44767,24203.77,13.06
2024-02-22,2024-02-22 12:30:00,24193.28,24200.98,24164.75,24174.07,77538,24179.93,13.1
2024-02-22,2024-02-22 12:35:00,24174.07,24184.13,24165.52,24184.03,190408,24177.89,13.07
2024-02-22,2024-02-22 12:40:00,24184.03,24201.12,24182.43,24199.09,261218,24194.21,13.09
2024-02-22,2024-02-22 12:45:00,24199.09,24223.04,24179.98,24218.09,280806,24207.04,13.11
2024-02-22,2024-02-22 12:50:00,24218.09,24242.97,24210.67,24235.3,110990,24229.65,13.1
2024-02-22,2024-02-22 12:55:00,24235.3,24242.36,24205.98,24210.65,175804,24219.66,13.07
2024-02-22,2024-02-22 13:00:00,24210.65,24221.98,24170.5,24184.06,67684,24192.18,13.06
2024-02-22,2024-02-22 13:05:00,24184.06,24205.32,24167.11,24172.85,141413,24181.76,13.04
2024-02-22,2024-02-22 13:10:00,24172.85,24195.85,24144.15,24191.23,226268,24177.08,13.07
2024-02-22,2024-02-22 13:15:00,24191.23,24268.62,24171.05,24260.53,161619,24233.4,13.07
2024-02-22,2024-02-22 13:20:00,24260.53,24263.63,24249.91,24262.13,142529,24258.56,13.05
2024-02-22,2024-02-22 13:25:00,24262.13,24279.46,24249.67,24262.82,161891,24263.98,13.01
2024-02-22,2024-02-22 13:30:00,24262.82,24273.41,24202.86,24227.94,271886,24234.74,13.0
2024-02-22,2024-02-22 13:35:00,24227.94,24257.88,24201.65,24212.19,147579,24223.91,13.03
2024-02-22,2024-02-22 13:40:00,24212.19,24296.46,24212.04,24281.53,167553,24263.34,13.04
2024-02-22,2024-02-22 13:45:00,24281.53,24324.82,24275.37,24308.11,298868,24302.77,13.03
2024-02-22,2024-02-22 13:50:00,24308.11,24350.85,24164.98,24168.86,148549,24228.23,13.08
2024-02-22,2024-02-22 13:55:00,24168.86,24187.36,24142.02,24159.7,84574,24163.03,13.07
2024-02-22,2024-02-22 14:00:00,24159.7,24192.23,24137.24,24177.33,281352,24168.93,13.05
2024-02-22,2024-02-22 14:05:00,24177.33,24181.53,24169.74,24176.81,244320,24176.03,13.06
2024-02-22,2024-02-22 14:10:00,24176.81,24203.42,24170.34,24186.13,67059,24186.63,13.07
2024-02-22,2024-02-22 14:15:00,24186.13,24198.28,24135.78,24152.74,154496,24162.27,13.05
2024-02-22,2024-02-22 14:20:00,24152.74,24195.4,24152.54,24184.4,161318,24177.45,13.03
2024-02-22,2024-02-22 14:25:00,24184.4,24203.49,24159.33,24170.67,281379,24177.83,13.07
2024-02-22,2024-02-22 14:30:00,24170.67,24177.19,24162.57,24165.63,161821,24168.46,13.06
2024-02-22,2024-02-22 14:35:00,24165.63,24236.96,24160.31,24223.8,173922,24207.02,13.02
2024-02-22,2024-02-22 14:40:00,24223.8,24225.6,24211.87,24216.53,176097,24218.0,13.02
2024-02-22,2024-02-22 14:45:00,24216.53,24233.3,24210.21,24232.5,135072,24225.34,13.05
2024-02-22,2024-02-22 14:50:00,24232.5,24265.89,24226.18,24243.03,273454,24245.03,13.04
2024-02-22,2024-02-22 14:55:00,24243.03,24259.72,24183.85,24208.78,118550,24217.45,13.06
2024-02-22,2024-02-22 15:00:00,24208.78,24227.56,24178.28,24182.64,134030,24196.16,13.03
2024-02-22,2024-02-22 15:05:00,24182.64,24232.2,24172.85,24229.94,162368,24211.66,13.05
2024-02-22,2024-02-22 15:10:00,24229.94,24246.41,24208.15,24242.03,95299,24232.2,13.02
2024-02-22,2024-02-22 15:15:00,24242.03,24268.31,24227.17,24239.68,329774,24245.05,13.03
2024-02-22,2024-02-22 15:20:00,24239.68,24241.54,24213.0,24224.76,162699,24226.43,13.05
2024-02-22,2024-02-22 15:25:00,24224.76,24233.26,24220.46,24230.58,226351,24228.1,13.05
2024-02-22,2024-02-22 15:30:00,24230.58,24256.24,24204.95,24238.7,110968,24233.3,13.02
2024-02-23,2024-02-23 09:15:00,24238.7,24243.35,24234.87,24238.7,184042,24238.97,14.44
2024-02-23,2024-02-23 09:20:00,24238.7,24246.56,24215.56,24215.6,339005,24225.91,14.42
2024-02-23,2024-02-23 09:25:00,24215.6,24244.21,24200.22,24230.65,192167,24225.03,14.44
2024-02-23,2024-02-23 09:30:00,24230.65,24280.73,24198.94,24271.59,287391,24250.42,14.49
2024-02-23,2024-02-23 09:35:00,24271.59,24276.69,24251.1,24252.74,242677,24260.18,14.47
2024-02-23,2024-02-23 09:40:00,24252.74,24289.43,24241.18,24282.33,113087,24270.98,14.49
2024-02-23,2024-02-23 09:45:00,24282.33,24295.78,24280.75,24286.19,150844,24287.58,14.49
2024-02-23,2024-02-23 09:50:00,24286.19,24316.78,24252.13,24259.91,165033,24276.27,14.52
2024-02-23,2024-02-23 09:55:00,24259.91,24274.91,24231.36,24238.12,169677,24248.13,14.47
2024-02-23,2024-02-23 10:00:00,24238.12,24243.5,24236.91,24241.37,234809,24240.59,14.42
2024-02-23,2024-02-23 10:05:00,24241.37,24249.99,24210.94,24235.46,191659,24232.13,14.41
2024-02-23,2024-02-23 10:10:00,24235.46,24244.62,24191.82,24209.73,50287,24215.39,14.38
2024-02-23,2024-02-23 10:15:00,24209.73,24210.58,24161.8,24175.72,96265,24182.7,14.36
2024-02-23,2024-02-23 10:20:00,24175.72,24179.21,24149.22,24160.2,67849,24162.88,14.36
2024-02-23,2024-02-23 10:25:00,24160.2,24173.86,24141.5,24167.31,174581,24160.89,14.38
2024-02-23,2024-02-23 10:30:00,24167.31,24173.94,24157.7,24170.07,179188,24167.24,14.37
2024-02-23,2024-02-23 10:35:00,24170.07,24173.83,24156.61,24162.07,182278,24164.17,14.34
2024-02-23,2024-02-23 10:40:00,24162.07,24192.01,24153.28,24169.36,110904,24171.55,14.33
2024-02-23,2024-02-23 10:45:00,24169.36,24201.68,24162.22,24194.88,213130,24186.26,14.31
2024-02-23,2024-02-23 10:50:00,24194.88,24223.02,24188.31,24206.37,216751,24205.9,14.28
2024-02-23,2024-02-23 10:55:00,24206.37,24216.32,24167.14,24206.63,98512,24196.7,14.23
2024-02-23,2024-02-23 11:00:00,24206.63,24230.24,24205.52,24229.76,90543,24221.84,14.23
2024-02-23,2024-02-23 11:05:00,24229.76,24234.97,24198.13,24211.73,162746,24214.94,14.22
2024-02-23,2024-02-23 11:10:00,24211.73,24237.6,24202.89,24209.74,333271,24216.74,14.25
2024-02-23,2024-02-23 11:15:00,24209.74,24217.54,24196.78,24208.26,321225,24207.53,14.2
2024-02-23,2024-02-23 11:20:00,24208.26,24219.51,24170.58,24184.21,203895,24191.44,14.19
2024-02-23,2024-02-23 11:25:00,24184.21,24188.65,24172.69,24177.98,121540,24179.77,14.24
2024-02-23,2024-02-23 11:30:00,24177.98,24196.78,24111.55,24135.73,232056,24148.02,14.21
2024-02-23,2024-02-23 11:35:00,24135.73,24188.52,24122.92,24180.16,135812,24163.87,14.21
2024-02-23,2024-02-23 11:40:00,24180.16,24194.79,24155.6,24162.66,119730,24171.02,14.17
2024-02-23,2024-02-23 11:45:00,24162.66,24225.07,24159.58,24200.05,69038,24194.9,14.13
2024-02-23,2024-02-23 11:50:00,24200.05,24208.31,24187.26,24203.79,169558,24199.79,14.18
2024-02-23,2024-02-23 11:55:00,24203.79,24226.68,24201.18,24219.0,126507,24215.62,14.18
2024-02-23,2024-02-23 12:00:00,24219.0,24233.24,24186.12,24204.79,169155,24208.05,14.18
2024-02-23,2024-02-23 12:05:00,24204.79,24229.24,24195.18,24210.83,64877,24211.75,14.13
2024-02-23,2024-02-23 12:10:00,24210.83,24232.07,24194.26,24229.73,174195,24218.69,14.14
2024-02-23,2024-02-23 12:15:00,24229.73,24270.99,24225.25,24249.05,61546,24248.43,14.18
2024-02-23,2024-02-23 12:20:00,24249.05,24277.55,24247.93,24271.6,251494,24265.69,14.21
2024-02-23,2024-02-23 12:25:00,24271.6,24280.19,24252.97,24260.87,200537,24264.68,14.23
2024-02-23,2024-02-23 12:30:00,24260.87,24262.36,24246.48,24246.88,145587,24251.91,14.2
2024-02-23,2024-02-23 12:35:00,24246.88,24265.64,24195.56,24200.5,203839,24220.57,14.21
2024-02-23,2024-02-23 12:40:00,24200.5,24226.37,24199.41,24215.69,110058,24213.82,14.23
2024-02-23,2024-02-23 12:45:00,24215.69,24263.07,24215.27,24247.15,167535,24241.83,14.18
2024-02-23,2024-02-23 12:50:00,24247.15,24294.48,24242.71,24294.17,223666,24277.12,14.14
2024-02-23,2024-02-23 12:55:00,24294.17,24308.04,24291.2,24303.06,47206,24300.77,14.17
2024-02-23,2024-02-23 13:00:00,24303.06,24316.08,24267.3,24273.18,136095,24285.52,14.2
2024-02-23,2024-02-23 13:05:00,24273.18,24306.46,24260.7,24291.04,161287,24286.07,14.15
2024-02-23,2024-02-23 13:10:00,24291.04,24296.74,24242.16,24244.99,150464,24261.3,14.17
2024-02-23,2024-02-23 13:15:00,24244.99,24257.2,24137.5,24170.23,291513,24188.31,14.18
2024-02-23,2024-02-23 13:20:00,24170.23,24177.64,24156.71,24159.04,103822,24164.46,14.2
2024-02-23,2024-02-23 13:25:00,24159.04,24211.73,24148.01,24155.99,126948,24171.91,14.18
2024-02-23,2024-02-23 13:30:00,24155.99,24285.26,24117.29,24254.82,75633,24219.12,14.2
2024-02-23,2024-02-23 13:35:00,24254.82,24262.83,24147.84,24153.84,297781,24188.17,14.22
2024-02-23,2024-02-23 13:40:00,24153.84,24200.43,24139.49,24189.3,147485,24176.41,14.21
2024-02-23,2024-02-23 13:45:00,24189.3,24205.62,24100.68,24109.25,136575,24138.52,14.21
2024-02-23,2024-02-23 13:50:00,24109.25,24116.42,24084.37,24093.37,159373,24098.05,14.19
2024-02-23,2024-02-23 13:55:00,24093.37,24151.78,24085.63,24141.4,209922,24126.27,14.24
2024-02-23,2024-02-23 14:00:00,24141.4,24171.62,24125.43,24144.21,187015,24147.09,14.24
2024-02-23,2024-02-23 14:05:00,24144.21,24152.65,24138.89,24150.6,469373,24147.38,14.21
2024-02-23,2024-02-23 14:10:00,24150.6,24202.88,24131.4,24177.19,195159,24170.49,14.19
2024-02-23,2024-02-23 14:15:00,24177.19,24193.64,24170.4,24172.93,135117,24178.99,14.2
2024-02-23,2024-02-23 14:20:00,24172.93,24190.4,24162.41,24189.23,130021,24180.68,14.22
2024-02-23,2024-02-23 14:25:00,24189.23,24235.83,24184.04,24203.84,139092,24207.9,14.18
2024-02-23,2024-02-23 14:30:00,24203.84,24213.02,24165.92,24170.76,89256,24183.23,14.23
2024-02-23,2024-02-23 14:35:00,24170.76,24206.26,24163.79,24204.43,165370,24191.49,14.24
2024-02-23,2024-02-23 14:40:00,24204.43,24211.79,24163.95,24168.12,222656,24181.29,14.26
2024-02-23,2024-02-23 14:45:00,24168.12,24194.17,24159.32,24188.36,127344,24180.62,14.25
2024-02-23,2024-02-23 14:50:00,24188.36,24207.22,24145.94,24149.73,117835,24167.63,14.25
2024-02-23,2024-02-23 14:55:00,24149.73,24168.1,24136.39,24162.31,298456,24155.6,14.25
2024-02-23,2024-02-23 15:00:00,24162.31,24233.82,24146.83,24205.37,91987,24195.34,14.28
2024-02-23,2024-02-23 15:05:00,24205.37,24211.05,24181.63,24198.28,71173,24196.99,14.28
2024-02-23,2024-02-23 15:10:00,24198.28,24212.31,24167.92,24190.14,102625,24190.12,14.3
2024-02-23,2024-02-23 15:15:00,24190.14,24207.05,24179.59,24202.97,87888,24196.54,14.29
2024-02-23,2024-02-23 15:20:00,24202.97,24206.73,24177.89,24193.06,189945,24192.56,14.3
2024-02-23,2024-02-23 15:25:00,24193.06,24252.53,24175.43,24235.11,140887,24221.02,14.27
2024-02-23,2024-02-23 15:30:00,24235.11,24247.95,24221.67,24237.83,149063,24235.82,14.31
2024-02-26,2024-02-26 09:15:00,24237.83,24261.16,24237.16,24237.83,221498,24245.39,14.07
2024-02-26,2024-02-26 09:20:00,24237.83,24245.45,24208.64,24228.65,114706,24227.58,14.12
2024-02-26,2024-02-26 09:25:00,24228.65,24256.09,24203.73,24209.46,86632,24223.09,14.04
2024-02-26,2024-02-26 09:30:00,24209.46,24216.18,24174.8,24206.31,80692,24199.09,14.04
2024-02-26,2024-02-26 09:35:00,24206.31,24227.63,24201.75,24227.21,178515,24218.86,14.06
2024-02-26,2024-02-26 09:40:00,24227.21,24247.47,24204.6,24221.2,241512,24224.42,14.03
2024-02-26,2024-02-26 09:45:00,24221.2,24252.82,24206.91,24228.9,234473,24229.54,14.04
2024-02-26,2024-02-26 09:50:00,24228.9,24234.93,24206.24,24220.78,116725,24220.65,14.03
2024-02-26,2024-02-26 09:55:00,24220.78,24312.3,24203.29,24279.16,279902,24264.92,14.06
2024-02-26,2024-02-26 10:00:00,24279.16,24315.76,24259.76,24315.03,368507,24296.85,14.17
2024-02-26,2024-02-26 10:05:00,24315.03,24315.86,24288.87,24312.53,207534,24305.75,14.18
2024-02-26,2024-02-26 10:10:00,24312.53,24338.61,24309.13,24321.41,295053,24323.05,14.19
2024-02-26,2024-02-26 10:15:00,24321.41,24339.63,24289.8,24294.98,230789,24308.14,14.16
2024-02-26,2024-02-26 10:20:00,24294.98,24313.96,24280.45,24293.21,148466,24295.87,14.17
2024-02-26,2024-02-26 10:25:00,24293.21,24299.45,24278.48,24283.0,124762,24286.98,14.16
2024-02-26,2024-02-26 10:30:00,24283.0,24327.75,24247.99,24302.15,85371,24292.63,14.18
2024-02-26,2024-02-26 10:35:00,24302.15,24311.53,24278.26,24284.72,136229,24291.5,14.14
2024-02-26,2024-02-26 10:40:00,24284.72,24329.3,24255.13,24323.87,148044,24302.77,14.11
2024-02-26,2024-02-26 10:45:00,24323.87,24325.77,24320.74,24325.35,149359,24323.95,14.14
2024-02-26,2024-02-26 10:50:00,24325.35,24335.49,24297.99,24309.24,155588,24314.24,14.15
2024-02-26,2024-02-26 10:55:00,24309.24,24333.68,24305.85,24312.86,65024,24317.46,14.19
2024-02-26,2024-02-26 11:00:00,24312.86,24377.34,24291.8,24331.9,222261,24333.68,14.2
2024-02-26,2024-02-26 11:05:00,24331.9,24349.36,24320.53,24346.21,232823,24338.7,14.22
2024-02-26,2024-02-26 11:10:00,24346.21,24369.6,24345.66,24352.57,188794,24355.94,14.21
2024-02-26,2024-02-26 11:15:00,24352.57,24379.29,24347.54,24374.72,101952,24367.18,14.2
2024-02-26,2024-02-26 11:20:00,24374.72,24404.49,24349.94,24395.56,188488,24383.33,14.23
2024-02-26,2024-02-26 11:25:00,24395.56,24418.97,24369.06,24416.52,164233,24401.52,14.23
2024-02-26,2024-02-26 11:30:00,24416.52,24439.93,24400.11,24413.4,196770,24417.81,14.26
2024-02-26,2024-02-26 11:35:00,24413.4,24423.13,24406.26,24410.12,302685,24413.17,14.26
2024-02-26,2024-02-26 11:40:00,24410.12,24418.47,24394.59,24408.49,151541,24407.18,14.22
2024-02-26,2024-02-26 11:45:00,24408.49,24425.38,24345.26,24400.56,175012,24390.4,14.18
2024-02-26,2024-02-26 11:50:00,24400.56,24422.0,24398.38,24405.81,115180,24408.73,14.18
2024-02-26,2024-02-26 11:55:00,24405.81,24420.99,24396.81,24408.62,235312,24408.81,14.21
2024-02-26,2024-02-26 12:00:00,24408.62,24481.08,24399.75,24457.1,215581,24445.97,14.19
2024-02-26,2024-02-26 12:05:00,24457.1,24470.14,24431.28,24442.28,177481,24447.9,14.21
2024-02-26,2024-02-26 12:10:00,24442.28,24472.4,24407.56,24413.34,106803,24431.1,14.21
2024-02-26,2024-02-26 12:15:00,24413.34,24438.41,24408.6,24432.26,123831,24426.42,14.23
2024-02-26,2024-02-26 12:20:00,24432.26,24437.86,24425.8,24434.35,78236,24432.67,14.22
2024-02-26,2024-02-26 12:25:00,24434.35,24435.23,24411.95,24414.23,123248,24420.47,14.23
2024-02-26,2024-02-26 12:30:00,24414.23,24465.29,24413.86,24437.14,216154,24438.76,14.25
2024-02-26,2024-02-26 12:35:00,24437.14,24456.16,24417.45,24428.96,190671,24434.19,14.25
2024-02-26,2024-02-26 12:40:00,24428.96,24485.42,24407.51,24473.65,173489,24455.53,14.24
2024-02-26,2024-02-26 12:45:00,24473.65,24474.64,24437.48,24445.74,294701,24452.62,14.18
2024-02-26,2024-02-26 12:50:00,24445.74,24474.11,24419.82,24428.7,183838,24440.88,14.2
2024-02-26,2024-02-26 12:55:00,24428.7,24441.24,24409.7,24432.45,129202,24427.8,14.18
2024-02-26,2024-02-26 13:00:00,24432.45,24457.71,24431.73,24456.34,123010,24448.59,14.16
2024-02-26,2024-02-26 13:05:00,24456.34,24479.61,24453.18,24464.3,148347,24465.69,14.13
2024-02-26,2024-02-26 13:10:00,24464.3,24467.14,24439.06,24459.75,135933,24455.32,14.12
2024-02-26,2024-02-26 13:15:00,24459.75,24480.89,24377.91,24378.49,238277,24412.43,14.18
2024-02-26,2024-02-26 13:20:00,24378.49,24379.25,24314.4,24319.66,192640,24337.77,14.2
2024-02-26,2024-02-26 13:25:00,24319.66,24345.93,24278.54,24305.07,143219,24309.85,14.18
2024-02-26,2024-02-26 13:30:00,24305.07,24394.07,24289.48,24369.87,145416,24351.14,14.16
2024-02-26,2024-02-26 13:35:00,24369.87,24376.51,24354.35,24364.76,215625,24365.21,14.12
2024-02-26,2024-02-26 13:40:00,24364.76,24480.81,24361.89,24470.29,243866,24437.67,14.09
2024-02-26,2024-02-26 13:45:00,24470.29,24485.6,24461.52,24479.95,77857,24475.69,14.05
2024-02-26,2024-02-26 13:50:00,24479.95,24556.85,24479.85,24556.57,151981,24531.09,14.05
2024-02-26,2024-02-26 13:55:00,24556.57,24612.14,24535.9,24581.16,168821,24576.4,14.07
2024-02-26,2024-02-26 14:00:00,24581.16,24585.07,24506.47,24515.72,202653,24535.76,14.07
2024-02-26,2024-02-26 14:05:00,24515.72,24567.56,24513.54,24519.02,170279,24533.38,14.08
2024-02-26,2024-02-26 14:10:00,24519.02,24548.95,24439.73,24485.57,191545,24491.41,14.06
2024-02-26,2024-02-26 14:15:00,24485.57,24510.28,24470.93,24492.7,148036,24491.3,14.02
2024-02-26,2024-02-26 14:20:00,24492.7,24542.44,24467.01,24484.33,117907,24497.93,13.99
2024-02-26,2024-02-26 14:25:00,24484.33,24484.87,24444.96,24457.46,222721,24462.43,13.95
2024-02-26,2024-02-26 14:30:00,24457.46,24473.73,24430.28,24437.47,225564,24447.16,13.96
2024-02-26,2024-02-26 14:35:00,24437.47,24452.24,24413.38,24416.29,211236,24427.3,14.02
2024-02-26,2024-02-26 14:40:00,24416.29,24434.85,24402.24,24416.2,226820,24417.76,13.99
2024-02-26,2024-02-26 14:45:00,24416.2,24464.34,24408.57,24438.05,110338,24436.98,13.98
2024-02-26,2024-02-26 14:50:00,24438.05,24493.4,24433.23,24483.96,132856,24470.2,13.99
2024-02-26,2024-02-26 14:55:00,24483.96,24516.58,24452.61,24477.82,254726,24482.34,13.98
2024-02-26,2024-02-26 15:00:00,24477.82,24497.54,24477.23,24483.17,187679,24485.98,13.99
2024-02-26,2024-02-26 15:05:00,24483.17,24511.98,24464.92,24510.26,166452,24495.72,13.97
2024-02-26,2024-02-26 15:10:00,24510.26,24519.32,24481.19,24497.29,147155,24499.27,13.95
2024-02-26,2024-02-26 15:15:00,24497.29,24501.75,24470.85,24476.15,270265,24482.92,13.95
2024-02-26,2024-02-26 15:20:00,24476.15,24527.13,24454.66,24521.88,80163,24501.22,13.96
2024-02-26,2024-02-26 15:25:00,24521.88,24523.42,24510.14,24515.51,183070,24516.36,14.0
2024-02-26,2024-02-26 15:30:00,24515.51,24523.02,24509.17,24518.88,158475,24517.02,14.01
2024-02-27,2024-02-27 09:15:00,24518.88,24526.44,24511.27,24518.88,209656,24518.86,12.27
2024-02-27,2024-02-27 09:20:00,24518.88,24532.12,24507.0,24516.26,101559,24518.46,12.3
2024-02-27,2024-02-27 09:25:00,24516.26,24543.97,24508.79,24533.37,124381,24528.71,12.28
2024-02-27,2024-02-27 09:30:00,24533.37,24541.54,24507.27,24519.54,268947,24522.78,12.28
2024-02-27,2024-02-27 09:35:00,24519.54,24529.98,24486.49,24499.89,129932,24505.45,12.27
2024-02-27,2024-02-27 09:40:00,24499.89,24541.33,24490.06,24525.26,254958,24518.88,12.3
2024-02-27,2024-02-27 09:45:00,24525.26,24532.5,24485.49,24506.33,196779,24508.11,12.33
2024-02-27,2024-02-27 09:50:00,24506.33,24513.09,24487.35,24495.89,166156,24498.78,12.33
2024-02-27,2024-02-27 09:55:00,24495.89,24547.46,24472.77,24518.39,122868,24512.87,12.38
2024-02-27,2024-02-27 10:00:00,24518.39,24523.2,24516.16,24522.1,156733,24520.49,12.42
2024-02-27,2024-02-27 10:05:00,24522.1,24538.46,24478.81,24485.38,175581,24500.88,12.45
2024-02-27,2024-02-27 10:10:00,24485.38,24551.41,24467.48,24526.82,245982,24515.24,12.43
2024-02-27,2024-02-27 10:15:00,24526.82,24541.93,24512.28,24518.06,114199,24524.09,12.41
2024-02-27,2024-02-27 10:20:00,24518.06,24518.31,24495.83,24512.12,146513,24508.75,12.39
2024-02-27,2024-02-27 10:25:00,24512.12,24530.15,24504.55,24520.7,165699,24518.47,12.42
2024-02-27,2024-02-27 10:30:00,24520.7,24556.39,24505.99,24537.44,212154,24533.27,12.38
2024-02-27,2024-02-27 10:35:00,24537.44,24595.2,24507.1,24583.69,113166,24562.0,12.4
2024-02-27,2024-02-27 10:40:00,24583.69,24592.61,24534.18,24549.91,96121,24558.9,12.37
2024-02-27,2024-02-27 10:45:00,24549.91,24604.14,24545.61,24571.11,213114,24573.62,12.4
2024-02-27,2024-02-27 10:50:00,24571.11,24602.48,24530.58,24590.49,88682,24574.51,12.4
2024-02-27,2024-02-27 10:55:00,24590.49,24602.7,24589.42,24590.4,272118,24594.17,12.44
2024-02-27,2024-02-27 11:00:00,24590.4,24626.19,24589.49,24610.78,152913,24608.82,12.47
2024-02-27,2024-02-27 11:05:00,24610.78,24642.7,24599.13,24634.42,87639,24625.42,12.51
2024-02-27,2024-02-27 11:10:00,24634.42,24636.53,24606.13,24606.74,134300,24616.47,12.56
2024-02-27,2024-02-27 11:15:00,24606.74,24664.52,24581.53,24648.44,189406,24631.5,12.56
2024-02-27,2024-02-27 11:20:00,24648.44,24658.37,24600.1,24616.82,131520,24625.1,12.53
2024-02-27,2024-02-27 11:25:00,24616.82,24637.21,24565.07,24594.62,164064,24598.97,12.49
2024-02-27,2024-02-27 11:30:00,24594.62,24606.54,24585.63,24591.78,218825,24594.65,12.43
2024-02-27,2024-02-27 11:35:00,24591.78,24657.52,24573.96,24637.33,150110,24622.94,12.4
2024-02-27,2024-02-27 11:40:00,24637.33,24640.34,24628.19,24633.46,111879,24633.99,12.4
2024-02-27,2024-02-27 11:45:00,24633.46,24653.26,24623.2,24635.7,144409,24637.39,12.38
2024-02-27,2024-02-27 11:50:00,24635.7,24672.63,24622.71,24670.41,286626,24655.25,12.38
2024-02-27,2024-02-27 11:55:00,24670.41,24684.74,24654.11,24666.7,319344,24668.52,12.39
2024-02-27,2024-02-27 12:00:00,24666.7,24671.19,24613.76,24631.82,72549,24638.93,12.39
2024-02-27,2024-02-27 12:05:00,24631.82,24646.13,24615.44,24619.49,251805,24627.02,12.35
2024-02-27,2024-02-27 12:10:00,24619.49,24668.36,24616.79,24659.99,179882,24648.38,12.35
2024-02-27,2024-02-27 12:15:00,24659.99,24665.06,24641.59,24662.08,235529,24656.24,12.32
2024-02-27,2024-02-27 12:20:00,24662.08,24726.81,24652.66,24719.22,130588,24699.56,12.31
2024-02-27,2024-02-27 12:25:00,24719.22,24764.72,24712.33,24741.11,80233,24739.39,12.36
2024-02-27,2024-02-27 12:30:00,24741.11,24741.37,24716.63,24721.97,205622,24726.66,12.35
2024-02-27,2024-02-27 12:35:00,24721.97,24732.18,24717.65,24723.48,111704,24724.44,12.4
2024-02-27,2024-02-27 12:40:00,24723.48,24733.1,24691.2,24698.17,93403,24707.49,12.44
2024-02-27,2024-02-27 12:45:00,24698.17,24700.14,24660.73,24678.36,96051,24679.74,12.43
2024-02-27,2024-02-27 12:50:00,24678.36,24819.2,24674.17,24811.0,206977,24768.12,12.39
2024-02-27,2024-02-27 12:55:00,24811.0,24861.93,24801.26,24841.33,172091,24834.84,12.39
2024-02-27,2024-02-27 13:00:00,24841.33,24901.3,24832.91,24883.56,222567,24872.59,12.43
2024-02-27,2024-02-27 13:05:00,24883.56,24983.87,24870.43,24966.17,212698,24940.16,12.41
2024-02-27,2024-02-27 13:10:00,24966.17,24973.58,24907.49,24908.07,137534,24929.71,12.44
2024-02-27,2024-02-27 13:15:00,24908.07,25000.95,24894.44,24986.52,158230,24960.64,12.47
2024-02-27,2024-02-27 13:20:00,24986.52,24987.75,24909.34,24916.25,132644,24937.78,12.45
2024-02-27,2024-02-27 13:25:00,24916.25,24918.5,24901.41,24906.54,149622,24908.82,12.43
2024-02-27,2024-02-27 13:30:00,24906.54,24915.64,24869.18,24896.35,110536,24893.72,12.45
2024-02-27,2024-02-27 13:35:00,24896.35,24913.91,24843.09,24850.31,190268,24869.1,12.46
2024-02-27,2024-02-27 13:40:00,24850.31,24869.13,24838.31,24868.51,250208,24858.65,12.44
2024-02-27,2024-02-27 13:45:00,24868.51,24892.18,24863.61,24886.14,117401,24880.64,12.43
2024-02-27,2024-02-27 13:50:00,24886.14,24946.37,24884.49,24936.07,271714,24922.31,12.42
2024-02-27,2024-02-27 13:55:00,24936.07,25027.81,24913.4,25017.82,170315,24986.34,12.38
2024-02-27,2024-02-27 14:00:00,25017.82,25034.35,25004.19,25015.66,179231,25018.07,12.4
2024-02-27,2024-02-27 14:05:00,25015.66,25081.51,24997.03,25062.57,82473,25047.04,12.39
2024-02-27,2024-02-27 14:10:00,25062.57,25103.9,25053.97,25097.87,78991,25085.25,12.3
2024-02-27,2024-02-27 14:15:00,25097.87,25108.82,25065.64,25084.55,172412,25086.34,12.3
2024-02-27,2024-02-27 14:20:00,25084.55,25102.91,25030.01,25032.14,223215,25055.02,12.28
2024-02-27,2024-02-27 14:25:00,25032.14,25038.58,25007.43,25024.68,124423,25023.56,12.33
2024-02-27,2024-02-27 14:30:00,25024.68,25040.73,24994.26,25006.55,317437,25013.84,12.31
2024-02-27,2024-02-27 14:35:00,25006.55,25015.3,24995.99,25009.71,218376,25007.0,12.28
2024-02-27,2024-02-27 14:40:00,25009.71,25033.43,24994.79,25009.94,113171,25012.72,12.29
2024-02-27,2024-02-27 14:45:00,25009.94,25018.18,25009.25,25009.52,164775,25012.31,12.27
2024-02-27,2024-02-27 14:50:00,25009.52,25026.53,24972.37,25020.61,438349,25006.5,12.25
2024-02-27,2024-02-27 14:55:00,25020.61,25038.03,24975.92,24988.27,99009,25000.74,12.27
2024-02-27,2024-02-27 15:00:00,24988.27,25003.23,24984.62,24996.55,201049,24994.8,12.23
2024-02-27,2024-02-27 15:05:00,24996.55,25010.54,24971.34,24983.56,143043,24988.48,12.19
2024-02-27,2024-02-27 15:10:00,24983.56,25014.43,24968.95,24986.56,215940,24989.98,12.24
2024-02-27,2024-02-27 15:15:00,24986.56,25012.38,24981.53,25008.49,270197,25000.8,12.26
2024-02-27,2024-02-27 15:20:00,25008.49,25008.77,24968.54,24975.86,139456,24984.39,12.25
2024-02-27,2024-02-27 15:25:00,24975.86,24988.68,24941.77,24966.84,254629,24965.76,12.25
2024-02-27,2024-02-27 15:30:00,24966.84,24984.51,24939.92,24961.88,395727,24962.11,12.27
2024-02-28,2024-02-28 09:15:00,24961.88,24975.7,24960.13,24961.88,121742,24965.91,13.76
2024-02-28,2024-02-28 09:20:00,24961.88,24975.23,24948.45,24953.91,133606,24959.19,13.78
2024-02-28,2024-02-28 09:25:00,24953.91,24988.34,24945.84,24964.96,168720,24966.38,13.79
2024-02-28,2024-02-28 09:30:00,24964.96,24995.97,24955.35,24982.86,140255,24978.06,13.83
2024-02-28,2024-02-28 09:35:00,24982.86,25005.31,24982.81,24998.28,214562,24995.46,13.86
2024-02-28,2024-02-28 09:40:00,24998.28,25013.49,24914.35,24964.24,174624,24964.03,13.84
2024-02-28,2024-02-28 09:45:00,24964.24,24970.84,24955.32,24966.66,89084,24964.28,13.82
2024-02-28,2024-02-28 09:50:00,24966.66,24971.98,24902.08,24931.56,121303,24935.21,13.83
2024-02-28,2024-02-28 09:55:00,24931.56,24974.75,24922.48,24973.52,116167,24956.92,13.9
2024-02-28,2024-02-28 10:00:00,24973.52,24986.88,24932.72,24968.55,135217,24962.71,13.9
2024-02-28,2024-02-28 10:05:00,24968.55,24973.95,24915.42,24940.83,170210,24943.4,13.91
2024-02-28,2024-02-28 10:10:00,24940.83,24944.9,24925.37,24931.61,183967,24933.96,13.94
2024-02-28,2024-02-28 10:15:00,24931.61,24949.24,24926.74,24939.27,63121,24938.41,13.92
2024-02-28,2024-02-28 10:20:00,24939.27,24965.48,24918.04,24958.72,245247,24947.41,13.95
2024-02-28,2024-02-28 10:25:00,24958.72,24993.17,24950.75,24990.92,156945,24978.28,13.95
2024-02-28,2024-02-28 10:30:00,24990.92,24998.13,24989.05,24995.34,103968,24994.17,13.98
2024-02-28,2024-02-28 10:35:00,24995.34,24998.8,24984.9,24990.83,238214,24991.51,13.96
2024-02-28,2024-02-28 10:40:00,24990.83,25023.1,24985.1,25009.23,70106,25005.81,14.03
2024-02-28,2024-02-28 10:45:00,25009.23,25049.6,24990.63,25027.04,86656,25022.42,14.02
2024-02-28,2024-02-28 10:50:00,25027.04,25051.97,25012.61,25032.71,381422,25032.43,14.03
2024-02-28,2024-02-28 10:55:00,25032.71,25076.2,25031.65,25053.96,172563,25053.94,14.03
2024-02-28,2024-02-28 11:00:00,25053.96,25064.1,25016.77,25043.2,121188,25041.36,14.0
2024-02-28,2024-02-28 11:05:00,25043.2,25059.09,25035.58,25045.67,169973,25046.78,14.03
2024-02-28,2024-02-28 11:10:00,25045.67,25050.63,25002.24,25002.85,151353,25018.57,14.02
2024-02-28,2024-02-28 11:15:00,25002.85,25041.39,24977.35,25037.12,165100,25018.62,14.03
2024-02-28,2024-02-28 11:20:00,25037.12,25061.99,25025.02,25029.05,197927,25038.68,14.01
2024-02-28,2024-02-28 11:25:00,25029.05,25064.79,25011.31,25063.49,150360,25046.53,14.0
2024-02-28,2024-02-28 11:30:00,25063.49,25071.39,25024.79,25051.7,187564,25049.29,13.99
2024-02-28,2024-02-28 11:35:00,25051.7,25072.71,25032.69,25061.52,152785,25055.64,14.01
2024-02-28,2024-02-28 11:40:00,25061.52,25088.01,25060.56,25065.76,117201,25071.44,14.02
2024-02-28,2024-02-28 11:45:00,25065.76,25068.75,25042.17,25055.19,104565,25055.37,14.01
2024-02-28,2024-02-28 11:50:00,25055.19,25102.22,25044.37,25069.01,275854,25071.87,14.0
2024-02-28,2024-02-28 11:55:00,25069.01,25111.57,25049.48,25100.83,210862,25087.29,14.01
2024-02-28,2024-02-28 12:00:00,25100.83,25165.11,25093.72,25154.74,246427,25137.85,14.02
2024-02-28,2024-02-28 12:05:00,25154.74,25180.18,25138.18,25177.16,163000,25165.17,14.02
2024-02-28,2024-02-28 12:10:00,25177.16,25200.87,25136.9,25140.6,178129,25159.45,14.08
2024-02-28,2024-02-28 12:15:00,25140.6,25165.52,25085.59,25098.19,151547,25116.44,14.1
2024-02-28,2024-02-28 12:20:00,25098.19,25144.1,25071.29,25132.5,258589,25115.96,14.15
2024-02-28,2024-02-28 12:25:00,25132.5,25139.6,25096.53,25102.42,141784,25112.85,14.15
2024-02-28,2024-02-28 12:30:00,25102.42,25126.77,25090.3,25120.97,109796,25112.68,14.15
2024-02-28,2024-02-28 12:35:00,25120.97,25140.24,25104.63,25125.01,200488,25123.29,14.14
2024-02-28,2024-02-28 12:40:00,25125.01,25168.53,25124.92,25164.77,153145,25152.74,14.14
2024-02-28,2024-02-28 12:45:00,25164.77,25194.99,25147.96,25180.17,179866,25174.37,14.13
2024-02-28,2024-02-28 12:50:00,25180.17,25188.36,25169.0,25179.24,216306,25178.87,14.12
2024-02-28,2024-02-28 12:55:00,25179.24,25278.86,25169.01,25241.53,129101,25229.8,14.06
2024-02-28,2024-02-28 13:00:00,25241.53,25267.79,25198.95,25207.02,149108,25224.59,14.11
2024-02-28,2024-02-28 13:05:00,25207.02,25290.21,25187.35,25285.1,143750,25254.22,14.1
2024-02-28,2024-02-28 13:10:00,25285.1,25304.25,25243.9,25261.16,272315,25269.77,14.14
2024-02-28,2024-02-28 13:15:00,25261.16,25327.58,25246.72,25278.59,163689,25284.3,14.14
2024-02-28,2024-02-28 13:20:00,25278.59,25292.61,25251.54,25273.43,173260,25272.52,14.16
2024-02-28,2024-02-28 13:25:00,25273.43,25281.23,25218.79,25234.33,102480,25244.78,14.16
2024-02-28,2024-02-28 13:30:00,25234.33,25287.39,25225.32,25257.33,218014,25256.68,14.17
2024-02-28,2024-02-28 13:35:00,25257.33,25265.51,25194.03,25230.69,193153,25230.08,14.14
2024-02-28,2024-02-28 13:40:00,25230.69,25252.68,25223.06,25227.79,116530,25234.51,14.18
2024-02-28,2024-02-28 13:45:00,25227.79,25300.64,25200.86,25288.39,351230,25263.3,14.17
2024-02-28,2024-02-28 13:50:00,25288.39,25301.83,25271.92,25276.87,186256,25283.54,14.19
2024-02-28,2024-02-28 13:55:00,25276.87,25320.35,25243.88,25315.88,126824,25293.37,14.15
2024-02-28,2024-02-28 14:00:00,25315.88,25329.99,25312.44,25315.58,162569,25319.34,14.13
2024-02-28,2024-02-28 14:05:00,25315.58,25341.5,25292.72,25312.87,140444,25315.7,14.14
2024-02-28,2024-02-28 14:10:00,25312.87,25316.09,25273.6,25288.11,301809,25292.6,14.13
2024-02-28,2024-02-28 14:15:00,25288.11,25331.36,25282.72,25326.26,236398,25313.44,14.15
2024-02-28,2024-02-28 14:20:00,25326.26,25353.39,25322.98,25330.53,195167,25335.63,14.15
2024-02-28,2024-02-28 14:25:00,25330.53,25368.4,25292.1,25321.74,323430,25327.41,14.21
2024-02-28,2024-02-28 14:30:00,25321.74,25323.54,25281.92,25286.56,107442,25297.34,14.22
2024-02-28,2024-02-28 14:35:00,25286.56,25333.95,25257.96,25320.03,221983,25303.98,14.21
2024-02-28,2024-02-28 14:40:00,25320.03,25347.62,25283.84,25341.23,202582,25324.23,14.2
2024-02-28,2024-02-28 14:45:00,25341.23,25365.5,25335.78,25339.24,148422,25346.84,14.24
2024-02-28,2024-02-28 14:50:00,25339.24,25353.3,25294.73,25304.67,148687,25317.57,14.19
2024-02-28,2024-02-28 14:55:00,25304.67,25345.2,25280.28,25344.63,235454,25323.37,14.21
2024-02-28,2024-02-28 15:00:00,25344.63,25352.03,25329.44,25333.35,228651,25338.27,14.17
2024-02-28,2024-02-28 15:05:00,25333.35,25337.97,25314.03,25314.32,92142,25322.1,14.21
2024-02-28,2024-02-28 15:10:00,25314.32,25333.75,25296.37,25311.05,336572,25313.72,14.19
2024-02-28,2024-02-28 15:15:00,25311.05,25324.58,25300.9,25318.52,257069,25314.67,14.21
2024-02-28,2024-02-28 15:20:00,25318.52,25337.05,25286.31,25312.22,145420,25311.86,14.21
2024-02-28,2024-02-28 15:25:00,25312.22,25313.98,25209.73,25224.46,118598,25249.39,14.17
2024-02-28,2024-02-28 15:30:00,25224.46,25233.87,25206.12,25228.74,253768,25222.91,14.19
2024-02-29,2024-02-29 09:15:00,25228.74,25253.16,25216.08,25228.74,92654,25232.66,13.39
2024-02-29,2024-02-29 09:20:00,25228.74,25242.26,25191.04,25215.4,133254,25216.23,13.43
2024-02-29,2024-02-29 09:25:00,25215.4,25253.52,25209.84,25232.95,216299,25232.1,13.36
2024-02-29,2024-02-29 09:30:00,25232.95,25282.33,25215.95,25274.31,101883,25257.53,13.35
2024-02-29,2024-02-29 09:35:00,25274.31,25292.0,25264.37,25285.68,383229,25280.68,13.32
2024-02-29,2024-02-29 09:40:00,25285.68,25303.56,25285.66,25300.56,163696,25296.59,13.29
2024-02-29,2024-02-29 09:45:00,25300.56,25352.63,25294.24,25335.48,165966,25327.45,13.33
2024-02-29,2024-02-29 09:50:00,25335.48,25353.12,25318.29,25324.21,124659,25331.87,13.34
2024-02-29,2024-02-29 09:55:00,25324.21,25327.14,25291.68,25293.33,198529,25304.05,13.31
2024-02-29,2024-02-29 10:00:00,25293.33,25323.96,25277.11,25300.92,102416,25300.66,13.29
2024-02-29,2024-02-29 10:05:00,25300.92,25327.93,25266.28,25271.56,386913,25288.59,13.27
2024-02-29,2024-02-29 10:10:00,25271.56,25338.85,25268.29,25330.4,275664,25312.52,13.27
2024-02-29,2024-02-29 10:15:00,25330.4,25375.89,25309.87,25366.63,241281,25350.79,13.27
2024-02-29,2024-02-29 10:20:00,25366.63,25425.27,25353.86,25419.07,93323,25399.4,13.33
2024-02-29,2024-02-29 10:25:00,25419.07,25446.6,25412.81,25423.55,176692,25427.66,13.27
2024-02-29,2024-02-29 10:30:00,25423.55,25455.31,25423.41,25439.2,263981,25439.31,13.27
2024-02-29,2024-02-29 10:35:00,25439.2,25461.66,25427.02,25431.73,206332,25440.14,13.26
2024-02-29,2024-02-29 10:40:00,25431.73,25458.37,25417.83,25454.99,109005,25443.73,13.29
2024-02-29,2024-02-29 10:45:00,25454.99,25458.73,25406.14,25430.2,125487,25431.69,13.3
2024-02-29,2024-02-29 10:50:00,25430.2,25446.05,25362.29,25375.05,135838,25394.46,13.32
2024-02-29,2024-02-29 10:55:00,25375.05,25376.67,25356.21,25360.04,127851,25364.3,13.33
2024-02-29,2024-02-29 11:00:00,25360.04,25369.7,25322.44,25329.86,299992,25340.67,13.3
2024-02-29,2024-02-29 11:05:00,25329.86,25367.02,25329.31,25366.59,75477,25354.31,13.34
2024-02-29,2024-02-29 11:10:00,25366.59,25411.58,25359.63,25411.09,211581,25394.1,13.36
2024-02-29,2024-02-29 11:15:00,25411.09,25412.39,25361.18,25382.05,97059,25385.21,13.39
2024-02-29,2024-02-29 11:20:00,25382.05,25417.49,25381.95,25414.6,110801,25404.68,13.42
2024-02-29,2024-02-29 11:25:00,25414.6,25465.16,25396.45,25439.42,72846,25433.67,13.44
2024-02-29,2024-02-29 11:30:00,25439.42,25451.14,25379.68,25406.53,130663,25412.45,13.48
2024-02-29,2024-02-29 11:35:00,25406.53,25410.26,25398.67,25400.65,297834,25403.19,13.49
2024-02-29,2024-02-29 11:40:00,25400.65,25404.45,25389.8,25390.44,180941,25394.9,13.49
2024-02-29,2024-02-29 11:45:00,25390.44,25412.95,25356.75,25410.58,100775,25393.43,13.49
2024-02-29,2024-02-29 11:50:00,25410.58,25415.51,25368.24,25385.52,244472,25389.76,13.49
2024-02-29,2024-02-29 11:55:00,25385.52,25399.47,25376.12,25386.31,266338,25387.3,13.47
2024-02-29,2024-02-29 12:00:00,25386.31,25393.82,25356.0,25365.42,169671,25371.75,13.52
2024-02-29,2024-02-29 12:05:00,25365.42,25384.5,25350.86,25379.82,367287,25371.73,13.53
2024-02-29,2024-02-29 12:10:00,25379.82,25379.9,25357.83,25373.22,226075,25370.32,13.53
2024-02-29,2024-02-29 12:15:00,25373.22,25379.21,25340.38,25356.92,213856,25358.84,13.54
2024-02-29,2024-02-29 12:20:00,25356.92,25359.67,25345.35,25350.43,118024,25351.82,13.63
2024-02-29,2024-02-29 12:25:00,25350.43,25428.07,25342.56,25412.37,209181,25394.33,13.6
2024-02-29,2024-02-29 12:30:00,25412.37,25433.69,25395.75,25399.66,177498,25409.7,13.57
2024-02-29,2024-02-29 12:35:00,25399.66,25439.24,25358.34,25367.93,200372,25388.5,13.53
2024-02-29,2024-02-29 12:40:00,25367.93,25402.9,25345.68,25385.69,123768,25378.09,13.52
2024-02-29,2024-02-29 12:45:00,25385.69,25393.59,25377.56,25381.32,171311,25384.16,13.53
2024-02-29,2024-02-29 12:50:00,25381.32,25389.19,25331.97,25338.21,117389,25353.12,13.52
2024-02-29,2024-02-29 12:55:00,25338.21,25411.56,25336.99,25406.06,68950,25384.87,13.5
2024-02-29,2024-02-29 13:00:00,25406.06,25414.0,25390.81,25393.76,242637,25399.52,13.51
2024-02-29,2024-02-29 13:05:00,25393.76,25400.5,25368.81,25384.51,89236,25384.61,13.49
2024-02-29,2024-02-29 13:10:00,25384.51,25388.14,25350.23,25358.83,169884,25365.73,13.5
2024-02-29,2024-02-29 13:15:00,25358.83,25368.55,25349.42,25367.62,185944,25361.87,13.53
2024-02-29,2024-02-29 13:20:00,25367.62,25471.5,25354.75,25466.73,185465,25431.0,13.55
2024-02-29,2024-02-29 13:25:00,25466.73,25513.95,25453.2,25510.19,145330,25492.44,13.58
2024-02-29,2024-02-29 13:30:00,25510.19,25526.34,25482.88,25509.75,181404,25506.33,13.61
2024-02-29,2024-02-29 13:35:00,25509.75,25510.09,25455.11,25485.18,196493,25483.46,13.62
2024-02-29,2024-02-29 13:40:00,25485.18,25491.09,25462.7,25490.85,218378,25481.55,13.62
2024-02-29,2024-02-29 13:45:00,25490.85,25507.19,25462.42,25483.23,325584,25484.28,13.59
2024-02-29,2024-02-29 13:50:00,25483.23,25497.93,25427.33,25427.58,178738,25450.95,13.58
2024-02-29,2024-02-29 13:55:00,25427.58,25485.8,25419.93,25461.6,166978,25455.78,13.57
2024-02-29,2024-02-29 14:00:00,25461.6,25488.43,25414.83,25423.02,113244,25442.09,13.59
2024-02-29,2024-02-29 14:05:00,25423.02,25436.82,25383.42,25384.28,193760,25401.51,13.6
2024-02-29,2024-02-29 14:10:00,25384.28,25393.44,25368.85,25369.99,212554,25377.43,13.62
2024-02-29,2024-02-29 14:15:00,25369.99,25417.95,25354.09,25404.45,150704,25392.16,13.58
2024-02-29,2024-02-29 14:20:00,25404.45,25408.28,25401.94,25404.16,202368,25404.79,13.63
2024-02-29,2024-02-29 14:25:00,25404.16,25425.52,25382.84,25409.49,144783,25405.95,13.61
2024-02-29,2024-02-29 14:30:00,25409.49,25427.17,25400.03,25414.53,212861,25413.91,13.58
2024-02-29,2024-02-29 14:35:00,25414.53,25447.44,25405.11,25440.68,234460,25431.08,13.57
2024-02-29,2024-02-29 14:40:00,25440.68,25453.98,25415.54,25423.12,233153,25430.88,13.64
2024-02-29,2024-02-29 14:45:00,25423.12,25454.93,25412.03,25438.59,170610,25435.18,13.63
2024-02-29,2024-02-29 14:50:00,25438.59,25440.76,25396.85,25415.42,107367,25417.67,13.62
2024-02-29,2024-02-29 14:55:00,25415.42,25468.39,25409.24,25463.79,127418,25447.14,13.62
2024-02-29,2024-02-29 15:00:00,25463.79,25475.95,25429.18,25441.37,206501,25448.83,13.61
2024-02-29,2024-02-29 15:05:00,25441.37,25454.79,25412.01,25416.89,433447,25427.9,13.59
2024-02-29,2024-02-29 15:10:00,25416.89,25430.88,25415.4,25428.82,142018,25425.04,13.59
2024-02-29,2024-02-29 15:15:00,25428.82,25441.05,25424.32,25428.82,195308,25431.4,13.62
2024-02-29,2024-02-29 15:20:00,25428.82,25444.92,25399.98,25435.1,130297,25426.67,13.63
2024-02-29,2024-02-29 15:25:00,25435.1,25451.99,25421.16,25438.84,110239,25437.33,13.6
2024-02-29,2024-02-29 15:30:00,25438.84,25448.8,25408.66,25409.07,124178,25422.17,13.59
2024-03-01,2024-03-01 09:15:00,25409.07,25422.93,25401.76,25409.07,253023,25411.25,13.08
2024-03-01,2024-03-01 09:20:00,25409.07,25419.76,25391.03,25415.13,136025,25408.64,13.08
2024-03-01,2024-03-01 09:25:00,25415.13,25451.15,25404.61,25443.17,174248,25432.97,13.03
2024-03-01,2024-03-01 09:30:00,25443.17,25467.03,25431.17,25445.23,127723,25447.81,13.04
2024-03-01,2024-03-01 09:35:00,25445.23,25453.3,25411.62,25435.5,165329,25433.48,13.03
2024-03-01,2024-03-01 09:40:00,25435.5,25475.0,25408.21,25451.81,168295,25445.01,13.05
2024-03-01,2024-03-01 09:45:00,25451.81,25473.72,25444.95,25473.48,141553,25464.05,13.07
2024-03-01,2024-03-01 09:50:00,25473.48,25509.21,25459.29,25502.78,249287,25490.43,13.1
2024-03-01,2024-03-01 09:55:00,25502.78,25508.43,25500.67,25505.02,115182,25504.71,13.07
2024-03-01,2024-03-01 10:00:00,25505.02,25536.84,25480.8,25518.99,170439,25512.21,13.14
2024-03-01,2024-03-01 10:05:00,25518.99,25560.95,25513.25,25540.21,332169,25538.14,13.16
2024-03-01,2024-03-01 10:10:00,25540.21,25558.22,25532.39,25547.45,184336,25546.02,13.19
2024-03-01,2024-03-01 10:15:00,25547.45,25592.59,25529.44,25580.86,118348,25567.63,13.24
2024-03-01,2024-03-01 10:20:00,25580.86,25599.27,25574.18,25598.92,187026,25590.79,13.25
2024-03-01,2024-03-01 10:25:00,25598.92,25658.82,25596.94,25645.37,430546,25633.71,13.28
2024-03-01,2024-03-01 10:30:00,25645.37,25679.71,25636.47,25669.63,165328,25661.94,13.29
2024-03-01,2024-03-01 10:35:00,25669.63,25677.06,25591.55,25628.2,223562,25632.27,13.31
2024-03-01,2024-03-01 10:40:00,25628.2,25643.18,25604.6,25622.09,163092,25623.29,13.35
2024-03-01,2024-03-01 10:45:00,25622.09,25629.07,25561.56,25587.86,181712,25592.83,13.38
2024-03-01,2024-03-01 10:50:00,25587.86,25604.28,25568.78,25576.21,157739,25583.09,13.33
2024-03-01,2024-03-01 10:55:00,25576.21,25586.32,25549.41,25570.74,108313,25568.82,13.32
2024-03-01,2024-03-01 11:00:00,25570.74,25599.33,25536.47,25593.8,189015,25576.53,13.36
2024-03-01,2024-03-01 11:05:00,25593.8,25627.83,25585.41,25586.74,99787,25599.99,13.37
2024-03-01,2024-03-01 11:10:00,25586.74,25647.03,25582.52,25621.92,143634,25617.16,13.37
2024-03-01,2024-03-01 11:15:00,25621.92,25637.5,25609.13,25609.58,349647,25618.73,13.39
2024-03-01,2024-03-01 11:20:00,25609.58,25640.54,25600.53,25606.0,158136,25615.69,13.35
2024-03-01,2024-03-01 11:25:00,25606.0,25617.29,25580.27,25580.5,112499,25592.69,13.38
2024-03-01,2024-03-01 11:30:00,25580.5,25640.23,25559.94,25616.83,179217,25605.67,13.39
2024-03-01,2024-03-01 11:35:00,25616.83,25659.16,25615.33,25656.29,130426,25643.6,13.39
2024-03-01,2024-03-01 11:40:00,25656.29,25658.61,25656.01,25656.32,169981,25656.98,13.39
2024-03-01,2024-03-01 11:45:00,25656.32,25661.23,25624.28,25625.21,101659,25636.91,13.39
2024-03-01,2024-03-01 11:50:00,25625.21,25633.2,25591.41,25623.48,222319,25616.03,13.38
2024-03-01,2024-03-01 11:55:00,25623.48,25647.8,25602.92,25631.91,171074,25627.54,13.37
2024-03-01,2024-03-01 12:00:00,25631.91,25650.23,25584.31,25612.38,109014,25615.64,13.43
2024-03-01,2024-03-01 12:05:00,25612.38,25695.52,25607.1,25684.64,187942,25662.42,13.38
2024-03-01,2024-03-01 12:10:00,25684.64,25742.47,25657.12,25740.9,352946,25713.5,13.33
2024-03-01,2024-03-01 12:15:00,25740.9,25745.69,25673.68,25686.88,118379,25702.08,13.36
2024-03-01,2024-03-01 12:20:00,25686.88,25693.16,25645.78,25651.31,220367,25663.42,13.32
2024-03-01,2024-03-01 12:25:00,25651.31,25668.4,25642.38,25665.43,192369,25658.74,13.26
2024-03-01,2024-03-01 12:30:00,25665.43,25679.02,25624.79,25632.42,191246,25645.41,13.29
2024-03-01,2024-03-01 12:35:00,25632.42,25653.2,25631.79,25638.05,233305,25641.01,13.33
2024-03-01,2024-03-01 12:40:00,25638.05,25657.17,25634.91,25638.38,145684,25643.48,13.29
2024-03-01,2024-03-01 12:45:00,25638.38,25645.95,25630.53,25637.16,172980,25637.88,13.24
2024-03-01,2024-03-01 12:50:00,25637.16,25668.78,25610.32,25668.5,169279,25649.2,13.2
2024-03-01,2024-03-01 12:55:00,25668.5,25731.66,25645.02,25724.17,115578,25700.29,13.18
2024-03-01,2024-03-01 13:00:00,25724.17,25752.51,25705.57,25748.0,195539,25735.36,13.23
2024-03-01,2024-03-01 13:05:00,25748.0,25818.55,25710.27,25806.89,140789,25778.57,13.22
2024-03-01,2024-03-01 13:10:00,25806.89,25838.49,25793.85,25819.11,338435,25817.15,13.25
2024-03-01,2024-03-01 13:15:00,25819.11,25875.02,25812.23,25865.35,132834,25850.87,13.27
2024-03-01,2024-03-01 13:20:00,25865.35,25906.54,25854.51,25900.46,95978,25887.17,13.31
2024-03-01,2024-03-01 13:25:00,25900.46,25904.28,25868.44,25886.13,254782,25886.28,13.29
2024-03-01,2024-03-01 13:30:00,25886.13,25936.83,25884.74,25931.53,120849,25917.7,13.29
2024-03-01,2024-03-01 13:35:00,25931.53,25961.18,25808.06,25814.05,100175,25861.1,13.28
2024-03-01,2024-03-01 13:40:00,25814.05,25819.53,25757.49,25771.17,190044,25782.73,13.3
2024-03-01,2024-03-01 13:45:00,25771.17,25838.41,25768.83,25831.22,277339,25812.82,13.34
2024-03-01,2024-03-01 13:50:00,25831.22,25887.99,25822.34,25871.12,218586,25860.48,13.4
2024-03-01,2024-03-01 13:55:00,25871.12,25885.49,25853.16,25880.29,129482,25872.98,13.39
2024-03-01,2024-03-01 14:00:00,25880.29,25890.65,25860.9,25863.44,171343,25871.66,13.39
2024-03-01,2024-03-01 14:05:00,25863.44,25900.41,25858.01,25886.2,145081,25881.54,13.42
2024-03-01,2024-03-01 14:10:00,25886.2,25971.98,25882.14,25925.34,316266,25926.49,13.44
2024-03-01,2024-03-01 14:15:00,25925.34,25931.64,25870.99,25902.17,136636,25901.6,13.49
2024-03-01,2024-03-01 14:20:00,25902.17,25951.85,25883.31,25908.84,169329,25914.67,13.49
2024-03-01,2024-03-01 14:25:00,25908.84,25937.32,25896.64,25917.56,174154,25917.17,13.47
2024-03-01,2024-03-01 14:30:00,25917.56,25932.99,25875.32,25887.64,102325,25898.65,13.52
2024-03-01,2024-03-01 14:35:00,25887.64,25895.63,25832.59,25850.13,150667,25859.45,13.52
2024-03-01,2024-03-01 14:40:00,25850.13,25858.21,25808.73,25824.38,151654,25830.44,13.54
2024-03-01,2024-03-01 14:45:00,25824.38,25846.05,25799.13,25820.97,282302,25822.05,13.54
2024-03-01,2024-03-01 14:50:00,25820.97,25864.2,25794.68,25829.72,175967,25829.53,13.57
2024-03-01,2024-03-01 14:55:00,25829.72,25831.11,25795.76,25818.11,139898,25814.99,13.54
2024-03-01,2024-03-01 15:00:00,25818.11,25869.98,25777.1,25865.89,153576,25837.66,13.53
2024-03-01,2024-03-01 15:05:00,25865.89,25898.44,25860.24,25890.36,158453,25883.02,13.45
2024-03-01,2024-03-01 15:10:00,25890.36,25900.26,25888.24,25900.01,160241,25896.17,13.43
2024-03-01,2024-03-01 15:15:00,25900.01,25904.39,25866.89,25886.79,235854,25886.02,13.46
2024-03-01,2024-03-01 15:20:00,25886.79,25887.54,25871.19,25886.53,240742,25881.75,13.46
2024-03-01,2024-03-01 15:25:00,25886.53,25920.4,25875.13,25912.97,109504,25902.83,13.43
2024-03-01,2024-03-01 15:30:00,25912.97,25965.89,25909.12,25934.74,249492,25936.58,13.47
2024-03-04,2024-03-04 09:15:00,25934.74,25963.17,25929.26,25934.74,165850,25942.39,17.79
2024-03-04,2024-03-04 09:20:00,25934.74,25960.09,25920.02,25941.08,429012,25940.4,17.74
2024-03-04,2024-03-04 09:25:00,25941.08,25967.91,25925.08,25947.12,138744,25946.71,17.77
2024-03-04,2024-03-04 09:30:00,25947.12,25963.35,25934.96,25936.03,191027,25944.78,17.76
2024-03-04,2024-03-04 09:35:00,25936.03,25950.42,25907.67,25941.88,288588,25933.32,17.78
2024-03-04,2024-03-04 09:40:00,25941.88,25958.26,25924.95,25950.68,135455,25944.63,17.82
2024-03-04,2024-03-04 09:45:00,25950.68,25961.03,25918.82,25924.76,93655,25934.87,17.83
2024-03-04,2024-03-04 09:50:00,25924.76,25933.2,25909.35,25929.74,85418,25924.1,17.82
2024-03-04,2024-03-04 09:55:00,25929.74,25993.33,25921.27,25963.71,371138,25959.43,17.83
2024-03-04,2024-03-04 10:00:00,25963.71,25965.01,25917.11,25924.78,131714,25935.63,17.83
2024-03-04,2024-03-04 10:05:00,25924.78,25952.13,25915.77,25947.18,151101,25938.36,17.87
2024-03-04,2024-03-04 10:10:00,25947.18,25987.52,25934.37,25982.4,104286,25968.09,17.88
2024-03-04,2024-03-04 10:15:00,25982.4,25983.34,25969.04,25972.41,237835,25974.93,17.86
2024-03-04,2024-03-04 10:20:00,25972.41,26018.09,25965.62,26015.12,119059,25999.61,17.89
2024-03-04,2024-03-04 10:25:00,26015.12,26027.06,25982.72,26002.08,133718,26003.95,17.93
2024-03-04,2024-03-04 10:30:00,26002.08,26040.11,25997.09,26015.52,183470,26017.57,17.89
2024-03-04,2024-03-04 10:35:00,26015.52,26019.34,25987.45,26011.46,106338,26006.08,17.93
2024-03-04,2024-03-04 10:40:00,26011.46,26035.0,25993.18,26007.4,151534,26011.86,17.95
2024-03-04,2024-03-04 10:45:00,26007.4,26029.5,25987.91,25996.07,285182,26004.49,17.95
2024-03-04,2024-03-04 10:50:00,25996.07,26028.82,25975.9,26015.53,193165,26006.75,17.98
2024-03-04,2024-03-04 10:55:00,26015.53,26046.92,26011.41,26038.53,171479,26032.29,17.97
2024-03-04,2024-03-04 11:00:00,26038.53,26066.0,26032.36,26040.14,177361,26046.17,18.0
2024-03-04,2024-03-04 11:05:00,26040.14,26070.11,26007.05,26011.4,139294,26029.52,17.98
2024-03-04,2024-03-04 11:10:00,26011.4,26025.97,25994.04,26023.96,361660,26014.66,17.94
2024-03-04,2024-03-04 11:15:00,26023.96,26052.11,26016.85,26036.96,117610,26035.31,17.91
2024-03-04,2024-03-04 11:20:00,26036.96,26041.19,26006.54,26035.01,177082,26027.58,17.93
2024-03-04,2024-03-04 11:25:00,26035.01,26130.35,26018.04,26081.89,170418,26076.76,17.9
2024-03-04,2024-03-04 11:30:00,26081.89,26106.44,26040.13,26048.3,243654,26064.96,17.95
2024-03-04,2024-03-04 11:35:00,26048.3,26055.66,25983.44,25999.45,253031,26012.85,17.98
2024-03-04,2024-03-04 11:40:00,25999.45,26021.49,25982.67,25985.47,160683,25996.54,18.02
2024-03-04,2024-03-04 11:45:00,25985.47,26007.15,25984.35,26005.2,182821,25998.9,18.03
2024-03-04,2024-03-04 11:50:00,26005.2,26023.97,25972.75,25983.61,185612,25993.44,18.03
2024-03-04,2024-03-04 11:55:00,25983.61,25985.31,25953.86,25963.79,65587,25967.65,18.0
2024-03-04,2024-03-04 12:00:00,25963.79,26023.83,25961.15,25993.42,86198,25992.8,18.03
2024-03-04,2024-03-04 12:05:00,25993.42,26017.48,25991.54,26007.85,127768,26005.62,18.04
2024-03-04,2024-03-04 12:10:00,26007.85,26038.7,25996.6,26019.61,130009,26018.3,18.06
2024-03-04,2024-03-04 12:15:00,26019.61,26050.01,26006.21,26044.01,100738,26033.41,18.11
2024-03-04,2024-03-04 12:20:00,26044.01,26046.12,26004.24,26030.72,219659,26027.03,18.09
2024-03-04,2024-03-04 12:25:00,26030.72,26033.28,25986.93,26018.89,162892,26013.03,18.09
2024-03-04,2024-03-04 12:30:00,26018.89,26047.0,25996.17,26044.17,149361,26029.11,18.1
2024-03-04,2024-03-04 12:35:00,26044.17,26044.77,26001.43,26002.14,98473,26016.11,18.07
2024-03-04,2024-03-04 12:40:00,26002.14,26014.12,25919.68,25935.28,159880,25956.36,18.06
2024-03-04,2024-03-04 12:45:00,25935.28,25954.47,25916.14,25921.79,56915,25930.8,18.08
2024-03-04,2024-03-04 12:50:00,25921.79,25963.43,25916.41,25950.75,152484,25943.53,18.07
2024-03-04,2024-03-04 12:55:00,25950.75,25963.53,25942.12,25958.71,166920,25954.79,18.11
2024-03-04,2024-03-04 13:00:00,25958.71,26016.73,25946.11,26002.66,179291,25988.5,18.06
2024-03-04,2024-03-04 13:05:00,26002.66,26024.84,25940.13,25945.25,87060,25970.07,18.09
2024-03-04,2024-03-04 13:10:00,25945.25,25975.93,25888.94,25905.03,178069,25923.3,18.11
2024-03-04,2024-03-04 13:15:00,25905.03,25944.86,25888.17,25941.34,107304,25924.79,18.1
2024-03-04,2024-03-04 13:20:00,25941.34,25949.06,25932.16,25932.24,117596,25937.82,18.07
2024-03-04,2024-03-04 13:25:00,25932.24,25943.48,25799.77,25812.72,216895,25851.99,18.01
2024-03-04,2024-03-04 13:30:00,25812.72,25842.96,25797.31,25833.99,364268,25824.75,17.98
2024-03-04,2024-03-04 13:35:00,25833.99,25845.77,25755.54,25762.67,166132,25788.0,18.01
2024-03-04,2024-03-04 13:40:00,25762.67,25776.07,25728.29,25734.37,117378,25746.24,18.01
2024-03-04,2024-03-04 13:45:00,25734.37,25822.15,25720.52,25811.41,175512,25784.69,18.05
2024-03-04,2024-03-04 13:50:00,25811.41,25903.53,25801.04,25885.2,236951,25863.26,18.03
2024-03-04,2024-03-04 13:55:00,25885.2,25889.32,25809.19,25836.34,208646,25844.95,18.05
2024-03-04,2024-03-04 14:00:00,25836.34,25877.52,25835.02,25863.47,487597,25858.67,18.03
2024-03-04,2024-03-04 14:05:00,25863.47,25894.11,25839.58,25871.52,122255,25868.4,18.0
2024-03-04,2024-03-04 14:10:00,25871.52,25885.03,25833.98,25852.51,180032,25857.17,18.0
2024-03-04,2024-03-04 14:15:00,25852.51,25860.58,25844.29,25844.97,302418,25849.95,17.98
2024-03-04,2024-03-04 14:20:00,25844.97,25847.89,25822.39,25824.55,294921,25831.61,17.93
2024-03-04,2024-03-04 14:25:00,25824.55,25847.92,25792.93,25823.45,74605,25821.43,17.93
2024-03-04,2024-03-04 14:30:00,25823.45,25834.94,25786.46,25802.54,162536,25807.98,17.93
2024-03-04,2024-03-04 14:35:00,25802.54,25814.24,25773.34,25773.95,294728,25787.18,17.97
2024-03-04,2024-03-04 14:40:00,25773.95,25824.26,25757.57,25784.24,517237,25788.69,17.99
2024-03-04,2024-03-04 14:45:00,25784.24,25828.97,25776.61,25798.38,215672,25801.32,18.03
2024-03-04,2024-03-04 14:50:00,25798.38,25801.5,25765.42,25791.48,140484,25786.13,18.05
2024-03-04,2024-03-04 14:55:00,25791.48,25831.08,25773.9,25824.69,108696,25809.89,18.06
2024-03-04,2024-03-04 15:00:00,25824.69,25834.24,25806.81,25815.9,395338,25818.98,18.03
2024-03-04,2024-03-04 15:05:00,25815.9,25829.06,25799.93,25806.02,217835,25811.67,18.03
2024-03-04,2024-03-04 15:10:00,25806.02,25834.43,25805.64,25821.0,115933,25820.36,18.05
2024-03-04,2024-03-04 15:15:00,25821.0,25823.38,25807.47,25815.51,150052,25815.45,18.09
2024-03-04,2024-03-04 15:20:00,25815.51,25823.72,25797.55,25815.64,184254,25812.3,18.11
2024-03-04,2024-03-04 15:25:00,25815.64,25834.53,25722.92,25748.5,202303,25768.65,18.15
2024-03-04,2024-03-04 15:30:00,25748.5,25758.95,25717.14,25746.88,113567,25740.99,18.12
2024-03-05,2024-03-05 09:15:00,25746.88,25750.87,25740.01,25746.88,181134,25745.92,17.5
2024-03-05,2024-03-05 09:20:00,25746.88,25757.23,25738.68,25744.58,203552,25746.83,17.56
2024-03-05,2024-03-05 09:25:00,25744.58,25762.18,25700.64,25713.33,106762,25725.38,17.56
2024-03-05,2024-03-05 09:30:00,25713.33,25733.37,25708.91,25722.96,185293,25721.75,17.56
2024-03-05,2024-03-05 09:35:00,25722.96,25734.72,25712.16,25733.18,237587,25726.69,17.58
2024-03-05,2024-03-05 09:40:00,25733.18,25808.87,25724.48,25782.46,212606,25771.94,17.57
2024-03-05,2024-03-05 09:45:00,25782.46,25826.28,25733.43,25769.92,135410,25776.54,17.58
2024-03-05,2024-03-05 09:50:00,25769.92,25776.8,25721.08,25735.73,140453,25744.54,17.53
2024-03-05,2024-03-05 09:55:00,25735.73,25746.22,25708.45,25711.51,96855,25722.06,17.5
2024-03-05,2024-03-05 10:00:00,25711.51,25762.42,25702.65,25751.41,326481,25738.83,17.45
2024-03-05,2024-03-05 10:05:00,25751.41,25756.81,25721.9,25744.13,196734,25740.94,17.47
2024-03-05,2024-03-05 10:10:00,25744.13,25783.96,25726.7,25778.81,85400,25763.16,17.43
2024-03-05,2024-03-05 10:15:00,25778.81,25782.51,25767.82,25782.05,265842,25777.46,17.47
2024-03-05,2024-03-05 10:20:00,25782.05,25808.34,25746.24,25762.53,211804,25772.37,17.48
2024-03-05,2024-03-05 10:25:00,25762.53,25813.61,25749.74,25812.02,262424,25791.79,17.51
2024-03-05,2024-03-05 10:30:00,25812.02,25859.09,25791.07,25845.74,130164,25831.97,17.49
2024-03-05,2024-03-05 10:35:00,25845.74,25852.72,25832.89,25844.66,137639,25843.42,17.46
2024-03-05,2024-03-05 10:40:00,25844.66,25881.72,25841.41,25870.95,117587,25864.69,17.45
2024-03-05,2024-03-05 10:45:00,25870.95,25888.99,25870.7,25876.92,379599,25878.87,17.48
2024-03-05,2024-03-05 10:50:00,25876.92,25893.34,25876.54,25890.21,133199,25886.7,17.55
2024-03-05,2024-03-05 10:55:00,25890.21,25935.41,25886.04,25934.39,111069,25918.61,17.56
2024-03-05,2024-03-05 11:00:00,25934.39,25945.53,25876.8,25902.03,125645,25908.12,17.52
2024-03-05,2024-03-05 11:05:00,25902.03,25916.4,25863.29,25896.78,142905,25892.16,17.49
2024-03-05,2024-03-05 11:10:00,25896.78,25931.88,25884.98,25900.56,303270,25905.81,17.45
2024-03-05,2024-03-05 11:15:00,25900.56,25932.41,25897.75,25911.47,181813,25913.88,17.44
2024-03-05,2024-03-05 11:20:00,25911.47,25945.96,25870.55,25885.46,266577,25900.66,17.43
2024-03-05,2024-03-05 11:25:00,25885.46,25912.32,25879.56,25909.93,182429,25900.6,17.43
2024-03-05,2024-03-05 11:30:00,25909.93,25924.56,25886.11,25886.13,151434,25898.93,17.4
2024-03-05,2024-03-05 11:35:00,25886.13,25904.58,25845.69,25860.12,107258,25870.13,17.36
2024-03-05,2024-03-05 11:40:00,25860.12,25866.69,25833.25,25857.38,307924,25852.44,17.37
2024-03-05,2024-03-05 11:45:00,25857.38,25909.5,25852.48,25904.6,241925,25888.86,17.38
2024-03-05,2024-03-05 11:50:00,25904.6,25972.05,25889.05,25966.96,250892,25942.69,17.35
2024-03-05,2024-03-05 11:55:00,25966.96,25986.93,25948.06,25981.49,235641,25972.16,17.36
2024-03-05,2024-03-05 12:00:00,25981.49,25988.75,25969.59,25974.07,122510,25977.47,17.39
2024-03-05,2024-03-05 12:05:00,25974.07,26003.41,25966.51,25978.94,180954,25982.95,17.32
2024-03-05,2024-03-05 12:10:00,25978.94,25991.0,25972.71,25989.38,251386,25984.36,17.37
2024-03-05,2024-03-05 12:15:00,25989.38,26049.45,25978.17,26035.11,237455,26020.91,17.39
2024-03-05,2024-03-05 12:20:00,26035.11,26042.24,25984.99,25997.06,173275,26008.09,17.41
2024-03-05,2024-03-05 12:25:00,25997.06,26040.66,25976.18,26034.32,358611,26017.05,17.38
2024-03-05,2024-03-05 12:30:00,26034.32,26059.15,25988.15,25989.75,201428,26012.35,17.41
2024-03-05,2024-03-05 12:35:00,25989.75,25992.3,25970.86,25974.75,276176,25979.3,17.43
2024-03-05,2024-03-05 12:40:00,25974.75,25980.24,25965.34,25974.67,176320,25973.41,17.42
2024-03-05,2024-03-05 12:45:00,25974.67,25995.84,25949.93,25987.48,140271,25977.75,17.44
2024-03-05,2024-03-05 12:50:00,25987.48,25990.04,25973.36,25987.37,239827,25983.59,17.43
2024-03-05,2024-03-05 12:55:00,25987.37,26003.45,25980.28,25992.83,218252,25992.19,17.42
2024-03-05,2024-03-05 13:00:00,25992.83,26075.92,25991.17,26060.45,186947,26042.52,17.41
2024-03-05,2024-03-05 13:05:00,26060.45,26074.58,26023.34,26037.31,116023,26045.08,17.42
2024-03-05,2024-03-05 13:10:00,26037.31,26053.17,26007.33,26008.58,243868,26023.03,17.41
2024-03-05,2024-03-05 13:15:00,26008.58,26041.08,25958.37,25980.22,118493,25993.22,17.38
2024-03-05,2024-03-05 13:20:00,25980.22,25998.49,25957.13,25965.95,222113,25973.86,17.39
2024-03-05,2024-03-05 13:25:00,25965.95,25973.97,25935.44,25939.37,104946,25949.59,17.41
2024-03-05,2024-03-05 13:30:00,25939.37,25951.76,25914.65,25918.45,115980,25928.29,17.42
2024-03-05,2024-03-05 13:35:00,25918.45,25933.31,25869.48,25922.11,182925,25908.3,17.37
2024-03-05,2024-03-05 13:40:00,25922.11,25956.84,25906.27,25943.0,205168,25935.37,17.35
2024-03-05,2024-03-05 13:45:00,25943.0,25944.66,25853.6,25870.59,177490,25889.61,17.32
2024-03-05,2024-03-05 13:50:00,25870.59,25906.9,25866.84,25904.77,131812,25892.83,17.38
2024-03-05,2024-03-05 13:55:00,25904.77,25996.6,25882.94,25993.08,254049,25957.54,17.38
2024-03-05,2024-03-05 14:00:00,25993.08,26009.67,25954.66,26003.43,172048,25989.25,17.37
2024-03-05,2024-03-05 14:05:00,26003.43,26007.2,25962.88,25992.57,175843,25987.55,17.35
2024-03-05,2024-03-05 14:10:00,25992.57,26023.63,25986.34,26001.99,152816,26003.98,17.35
2024-03-05,2024-03-05 14:15:00,26001.99,26029.51,25942.88,25975.93,121894,25982.77,17.37
2024-03-05,2024-03-05 14:20:00,25975.93,25995.79,25952.42,25952.81,255421,25967.01,17.32
2024-03-05,2024-03-05 14:25:00,25952.81,25988.53,25898.39,25916.46,125858,25934.46,17.33
2024-03-05,2024-03-05 14:30:00,25916.46,25992.29,25903.68,25972.55,320925,25956.17,17.31
2024-03-05,2024-03-05 14:35:00,25972.55,25987.97,25946.47,25972.37,117009,25968.94,17.32
2024-03-05,2024-03-05 14:40:00,25972.37,26009.26,25962.42,26001.67,185196,25991.12,17.35
2024-03-05,2024-03-05 14:45:00,26001.67,26017.79,25963.99,25971.07,167346,25984.29,17.33
2024-03-05,2024-03-05 14:50:00,25971.07,25974.95,25961.84,25964.28,155585,25967.02,17.28
2024-03-05,2024-03-05 14:55:00,25964.28,25984.41,25955.36,25976.52,213794,25972.1,17.28
2024-03-05,2024-03-05 15:00:00,25976.52,26014.24,25969.37,26012.66,223220,25998.75,17.31
2024-03-05,2024-03-05 15:05:00,26012.66,26030.17,25985.1,25994.91,201669,26003.39,17.34
2024-03-05,2024-03-05 15:10:00,25994.91,25996.94,25969.29,25982.36,106345,25982.86,17.33
2024-03-05,2024-03-05 15:15:00,25982.36,26001.17,25948.58,25959.71,101872,25969.82,17.31
2024-03-05,2024-03-05 15:20:00,25959.71,25970.96,25929.24,25954.5,99450,25951.57,17.29
2024-03-05,2024-03-05 15:25:00,25954.5,25967.65,25903.65,25925.95,147615,25932.42,17.25
2024-03-05,2024-03-05 15:30:00,25925.95,25926.75,25875.93,25886.63,379320,25896.44,17.28
2024-03-06,2024-03-06 09:15:00,25886.63,25894.43,25871.97,25886.63,146293,25884.34,16.01
2024-03-06,2024-03-06 09:20:00,25886.63,25920.74,25872.27,25912.28,133685,25901.76,16.03
2024-03-06,2024-03-06 09:25:00,25912.28,25916.5,25894.66,25898.28,118026,25903.15,16.06
2024-03-06,2024-03-06 09:30:00,25898.28,25907.95,25878.14,25880.64,338468,25888.91,16.02
2024-03-06,2024-03-06 09:35:00,25880.64,25893.41,25845.89,25877.32,388014,25872.21,16.01
2024-03-06,2024-03-06 09:40:00,25877.32,25881.47,25853.52,25855.07,141282,25863.35,15.98
2024-03-06,2024-03-06 09:45:00,25855.07,25868.61,25848.22,25860.99,168836,25859.27,16.03
2024-03-06,2024-03-06 09:50:00,25860.99,25871.45,25849.28,25859.31,150973,25860.01,16.05
2024-03-06,2024-03-06 09:55:00,25859.31,25875.07,25832.51,25870.8,253469,25859.46,16.13
2024-03-06,2024-03-06 10:00:00,25870.8,25911.53,25858.05,25906.43,274376,25892.0,16.12
2024-03-06,2024-03-06 10:05:00,25906.43,25929.36,25869.93,25928.6,79945,25909.3,16.1
2024-03-06,2024-03-06 10:10:00,25928.6,25950.34,25928.51,25943.13,196890,25940.66,16.09
2024-03-06,2024-03-06 10:15:00,25943.13,25949.2,25897.15,25900.34,96497,25915.56,16.14
2024-03-06,2024-03-06 10:20:00,25900.34,25919.43,25865.53,25913.78,328834,25899.58,16.12
2024-03-06,2024-03-06 10:25:00,25913.78,25970.26,25885.3,25957.07,194094,25937.54,16.13
2024-03-06,2024-03-06 10:30:00,25957.07,25960.53,25875.85,25889.85,117085,25908.74,16.13
2024-03-06,2024-03-06 10:35:00,25889.85,25919.2,25887.74,25909.02,147778,25905.32,16.13
2024-03-06,2024-03-06 10:40:00,25909.02,25931.84,25905.34,25908.41,144988,25915.2,16.11
2024-03-06,2024-03-06 10:45:00,25908.41,25923.7,25883.17,25891.71,200796,25899.52,16.11
2024-03-06,2024-03-06 10:50:00,25891.71,25913.68,25890.45,25913.48,246906,25905.87,16.1
2024-03-06,2024-03-06 10:55:00,25913.48,25959.75,25893.9,25956.47,102818,25936.71,16.1
2024-03-06,2024-03-06 11:00:00,25956.47,25993.99,25950.9,25977.69,339592,25974.2,16.13
2024-03-06,2024-03-06 11:05:00,25977.69,25985.13,25935.95,25972.13,309364,25964.41,16.18
2024-03-06,2024-03-06 11:10:00,25972.13,25993.55,25952.79,25953.19,114676,25966.51,16.16
2024-03-06,2024-03-06 11:15:00,25953.19,25960.77,25943.84,25959.69,167564,25954.77,16.15
2024-03-06,2024-03-06 11:20:00,25959.69,25988.0,25943.86,25983.2,322649,25971.69,16.12
2024-03-06,2024-03-06 11:25:00,25983.2,25987.3,25949.91,25977.27,266510,25971.49,16.13
2024-03-06,2024-03-06 11:30:00,25977.27,26000.24,25968.44,25973.6,142244,25980.76,16.11
2024-03-06,2024-03-06 11:35:00,25973.6,26081.53,25951.92,26042.68,225423,26025.38,16.12
2024-03-06,2024-03-06 11:40:00,26042.68,26088.61,26037.74,26071.09,539759,26065.81,16.15
2024-03-06,2024-03-06 11:45:00,26071.09,26113.59,26055.98,26101.2,169746,26090.26,16.08
2024-03-06,2024-03-06 11:50:00,26101.2,26108.36,26042.72,26070.03,126366,26073.7,16.09
2024-03-06,2024-03-06 11:55:00,26070.03,26122.21,26048.43,26056.57,174375,26075.73,16.08
2024-03-06,2024-03-06 12:00:00,26056.57,26078.98,26056.5,26058.9,179623,26064.79,16.09
2024-03-06,2024-03-06 12:05:00,26058.9,26074.95,26016.86,26027.6,131950,26039.8,16.06
2024-03-06,2024-03-06 12:10:00,26027.6,26085.52,26023.31,26077.58,194201,26062.14,16.1
2024-03-06,2024-03-06 12:15:00,26077.58,26124.39,26076.5,26121.71,98542,26107.53,16.13
2024-03-06,2024-03-06 12:20:00,26121.71,26128.1,26084.21,26104.99,124715,26105.77,16.14
2024-03-06,2024-03-06 12:25:00,26104.99,26170.91,26100.75,26160.87,220421,26144.18,16.17
2024-03-06,2024-03-06 12:30:00,26160.87,26174.89,26150.96,26160.74,80664,26162.19,16.15
2024-03-06,2024-03-06 12:35:00,26160.74,26254.87,26158.81,26242.03,233576,26218.57,16.13
2024-03-06,2024-03-06 12:40:00,26242.03,26250.57,26227.82,26246.58,72780,26241.66,16.15
2024-03-06,2024-03-06 12:45:00,26246.58,26271.29,26240.54,26264.73,81427,26258.85,16.13
2024-03-06,2024-03-06 12:50:00,26264.73,26326.07,26250.89,26308.85,133306,26295.27,16.17
2024-03-06,2024-03-06 12:55:00,26308.85,26361.06,26288.03,26349.19,182543,26332.76,16.16
2024-03-06,2024-03-06 13:00:00,26349.19,26383.63,26346.7,26369.46,276538,26366.6,16.18
2024-03-06,2024-03-06 13:05:00,26369.46,26442.64,26361.17,26429.36,166549,26411.06,16.24
2024-03-06,2024-03-06 13:10:00,26429.36,26440.84,26330.44,26335.75,147469,26369.01,16.22
2024-03-06,2024-03-06 13:15:00,26335.75,26343.88,26275.79,26287.12,205218,26302.27,16.22
2024-03-06,2024-03-06 13:20:00,26287.12,26301.48,26197.12,26206.8,114879,26235.13,16.25
2024-03-06,2024-03-06 13:25:00,26206.8,26311.71,26190.24,26293.39,172088,26265.11,16.28
2024-03-06,2024-03-06 13:30:00,26293.39,26319.14,26291.05,26302.14,100732,26304.11,16.27
2024-03-06,2024-03-06 13:35:00,26302.14,26354.04,26291.05,26349.92,168221,26331.67,16.25
2024-03-06,2024-03-06 13:40:00,26349.92,26376.61,26349.64,26349.98,154517,26358.74,16.25
2024-03-06,2024-03-06 13:45:00,26349.98,26374.86,26328.18,26350.8,117982,26351.28,16.29
2024-03-06,2024-03-06 13:50:00,26350.8,26378.68,26328.06,26332.7,173861,26346.48,16.28
2024-03-06,2024-03-06 13:55:00,26332.7,26338.42,26228.52,26237.85,173411,26268.26,16.28
2024-03-06,2024-03-06 14:00:00,26237.85,26243.83,26166.68,26178.5,260454,26196.34,16.27
2024-03-06,2024-03-06 14:05:00,26178.5,26181.56,26129.38,26145.48,85626,26152.14,16.29
2024-03-06,2024-03-06 14:10:00,26145.48,26175.69,26109.12,26164.74,157878,26149.85,16.3
2024-03-06,2024-03-06 14:15:00,26164.74,26165.88,26133.62,26146.04,120077,26148.51,16.27
2024-03-06,2024-03-06 14:20:00,26146.04,26167.58,26127.5,26156.0,230476,26150.36,16.24
2024-03-06,2024-03-06 14:25:00,26156.0,26207.99,26153.24,26196.97,220040,26186.07,16.18
2024-03-06,2024-03-06 14:30:00,26196.97,26204.62,26152.31,26166.05,199416,26174.33,16.15
2024-03-06,2024-03-06 14:35:00,26166.05,26190.64,26164.62,26176.48,122818,26177.25,16.18
2024-03-06,2024-03-06 14:40:00,26176.48,26200.56,26159.94,26188.49,231929,26183.0,16.22
2024-03-06,2024-03-06 14:45:00,26188.49,26210.06,26162.15,26163.86,88251,26178.69,16.24
2024-03-06,2024-03-06 14:50:00,26163.86,26205.12,26154.47,26197.2,81297,26185.59,16.25
2024-03-06,2024-03-06 14:55:00,26197.2,26217.81,26181.17,26187.56,97699,26195.51,16.25
2024-03-06,2024-03-06 15:00:00,26187.56,26200.85,26165.88,26175.42,160590,26180.72,16.27
2024-03-06,2024-03-06 15:05:00,26175.42,26240.11,26157.13,26228.6,213217,26208.61,16.28
2024-03-06,2024-03-06 15:10:00,26228.6,26243.26,26224.82,26240.21,49493,26236.1,16.34
2024-03-06,2024-03-06 15:15:00,26240.21,26268.23,26239.77,26262.39,276259,26256.8,16.33
2024-03-06,2024-03-06 15:20:00,26262.39,26331.03,26249.32,26295.87,171518,26292.07,16.37
2024-03-06,2024-03-06 15:25:00,26295.87,26298.44,26263.17,26276.66,86932,26279.42,16.4
2024-03-06,2024-03-06 15:30:00,26276.66,26312.69,26261.61,26307.4,169461,26293.9,16.42
2024-03-07,2024-03-07 09:15:00,26307.4,26322.95,26304.47,26307.4,239491,26311.61,12.39
2024-03-07,2024-03-07 09:20:00,26307.4,26357.38,26302.82,26324.2,87848,26328.13,12.45
2024-03-07,2024-03-07 09:25:00,26324.2,26403.5,26301.11,26370.26,113402,26358.29,12.42
2024-03-07,2024-03-07 09:30:00,26370.26,26377.73,26362.94,26363.03,82419,26367.9,12.39
2024-03-07,2024-03-07 09:35:00,26363.03,26370.3,26359.47,26363.16,239250,26364.31,12.37
2024-03-07,2024-03-07 09:40:00,26363.16,26376.55,26333.91,26365.86,204604,26358.77,12.42
2024-03-07,2024-03-07 09:45:00,26365.86,26386.45,26306.51,26314.08,310927,26335.68,12.37
2024-03-07,2024-03-07 09:50:00,26314.08,26317.35,26292.66,26304.1,136420,26304.7,12.4
2024-03-07,2024-03-07 09:55:00,26304.1,26313.39,26279.65,26295.66,117056,26296.23,12.45
2024-03-07,2024-03-07 10:00:00,26295.66,26379.77,26291.44,26361.25,131936,26344.15,12.45
2024-03-07,2024-03-07 10:05:00,26361.25,26386.98,26349.47,26370.54,95500,26368.99,12.44
2024-03-07,2024-03-07 10:10:00,26370.54,26386.24,26361.55,26385.42,288214,26377.74,12.44
2024-03-07,2024-03-07 10:15:00,26385.42,26393.61,26341.88,26353.71,628224,26363.07,12.4
2024-03-07,2024-03-07 10:20:00,26353.71,26365.56,26348.51,26355.38,121841,26356.49,12.48
2024-03-07,2024-03-07 10:25:00,26355.38,26415.18,26343.74,26380.75,206298,26379.89,12.5
2024-03-07,2024-03-07 10:30:00,26380.75,26445.75,26349.26,26443.67,152940,26412.89,12.47
2024-03-07,2024-03-07 10:35:00,26443.67,26462.39,26410.03,26430.56,194210,26434.32,12.44
2024-03-07,2024-03-07 10:40:00,26430.56,26440.48,26387.31,26390.54,248669,26406.11,12.45
2024-03-07,2024-03-07 10:45:00,26390.54,26391.53,26365.26,26375.29,103028,26377.36,12.41
2024-03-07,2024-03-07 10:50:00,26375.29,26377.07,26346.11,26360.15,134398,26361.11,12.36
2024-03-07,2024-03-07 10:55:00,26360.15,26360.64,26341.97,26345.23,263356,26349.28,12.37
2024-03-07,2024-03-07 11:00:00,26345.23,26395.09,26328.68,26369.91,199492,26364.56,12.4
2024-03-07,2024-03-07 11:05:00,26369.91,26385.35,26345.83,26381.21,185521,26370.8,12.43
2024-03-07,2024-03-07 11:10:00,26381.21,26386.9,26346.59,26357.58,199560,26363.69,12.43
2024-03-07,2024-03-07 11:15:00,26357.58,26399.24,26345.57,26394.34,207556,26379.72,12.42
2024-03-07,2024-03-07 11:20:00,26394.34,26448.8,26387.8,26442.48,258617,26426.36,12.42
2024-03-07,2024-03-07 11:25:00,26442.48,26443.1,26384.14,26405.08,220027,26410.77,12.45
2024-03-07,2024-03-07 11:30:00,26405.08,26440.36,26404.51,26436.23,159485,26427.03,12.41
2024-03-07,2024-03-07 11:35:00,26436.23,26436.7,26414.29,26435.36,187440,26428.78,12.39
2024-03-07,2024-03-07 11:40:00,26435.36,26453.67,26400.94,26416.12,158423,26423.58,12.38
2024-03-07,2024-03-07 11:45:00,26416.12,26428.1,26367.59,26384.69,120757,26393.46,12.37
2024-03-07,2024-03-07 11:50:00,26384.69,26385.85,26368.97,26377.1,159428,26377.31,12.37
2024-03-07,2024-03-07 11:55:00,26377.1,26393.49,26361.56,26367.88,155511,26374.31,12.37
2024-03-07,2024-03-07 12:00:00,26367.88,26381.73,26349.67,26372.55,82517,26367.98,12.39
2024-03-07,2024-03-07 12:05:00,26372.55,26445.46,26367.9,26440.46,221898,26417.94,12.34
2024-03-07,2024-03-07 12:10:00,26440.46,26443.17,26412.31,26424.35,237467,26426.61,12.29
2024-03-07,2024-03-07 12:15:00,26424.35,26445.25,26379.57,26379.75,202303,26401.52,12.27
2024-03-07,2024-03-07 12:20:00,26379.75,26386.29,26362.52,26369.29,231858,26372.7,12.3
2024-03-07,2024-03-07 12:25:00,26369.29,26443.35,26356.58,26402.27,151696,26400.73,12.28
2024-03-07,2024-03-07 12:30:00,26402.27,26410.29,26393.16,26394.42,132504,26399.29,12.27
2024-03-07,2024-03-07 12:35:00,26394.42,26424.92,26391.4,26415.05,237889,26410.46,12.28
2024-03-07,2024-03-07 12:40:00,26415.05,26440.19,26402.92,26420.44,106562,26421.18,12.29
2024-03-07,2024-03-07 12:45:00,26420.44,26430.67,26408.13,26422.38,105095,26420.4,12.33
2024-03-07,2024-03-07 12:50:00,26422.38,26511.23,26409.47,26472.71,194707,26464.47,12.36
2024-03-07,2024-03-07 12:55:00,26472.71,26483.75,26435.23,26441.95,192587,26453.65,12.39
2024-03-07,2024-03-07 13:00:00,26441.95,26478.94,26426.98,26477.68,236104,26461.2,12.38
2024-03-07,2024-03-07 13:05:00,26477.68,26484.61,26473.17,26479.66,82110,26479.15,12.43
2024-03-07,2024-03-07 13:10:00,26479.66,26574.79,26462.38,26573.91,156514,26537.03,12.43
2024-03-07,2024-03-07 13:15:00,26573.91,26592.4,26534.64,26543.78,103554,26556.94,12.37
2024-03-07,2024-03-07 13:20:00,26543.78,26545.33,26482.54,26498.88,229146,26508.92,12.44
2024-03-07,2024-03-07 13:25:00,26498.88,26533.39,26423.64,26449.04,277478,26468.69,12.44
2024-03-07,2024-03-07 13:30:00,26449.04,26472.9,26426.11,26461.82,199146,26453.61,12.46
2024-03-07,2024-03-07 13:35:00,26461.82,26477.88,26405.14,26422.74,130204,26435.26,12.43
2024-03-07,2024-03-07 13:40:00,26422.74,26422.85,26349.68,26362.01,120639,26378.18,12.49
2024-03-07,2024-03-07 13:45:00,26362.01,26366.93,26315.18,26331.31,138035,26337.81,12.47
2024-03-07,2024-03-07 13:50:00,26331.31,26492.01,26321.9,26465.18,116256,26426.36,12.46
2024-03-07,2024-03-07 13:55:00,26465.18,26512.67,26432.51,26503.5,152711,26482.89,12.41
2024-03-07,2024-03-07 14:00:00,26503.5,26520.63,26444.47,26473.91,120529,26479.67,12.42
2024-03-07,2024-03-07 14:05:00,26473.91,26506.7,26464.78,26505.64,93651,26492.37,12.42
2024-03-07,2024-03-07 14:10:00,26505.64,26523.53,26493.69,26503.77,189521,26506.99,12.37
2024-03-07,2024-03-07 14:15:00,26503.77,26514.65,26474.06,26481.89,195463,26490.2,12.37
2024-03-07,2024-03-07 14:20:00,26481.89,26492.89,26463.77,26478.56,321183,26478.41,12.37
2024-03-07,2024-03-07 14:25:00,26478.56,26479.18,26462.43,26474.76,136861,26472.12,12.36
2024-03-07,2024-03-07 14:30:00,26474.76,26500.75,26455.65,26487.49,76413,26481.3,12.31
2024-03-07,2024-03-07 14:35:00,26487.49,26510.11,26427.74,26430.39,225510,26456.08,12.32
2024-03-07,2024-03-07 14:40:00,26430.39,26433.69,26381.07,26400.88,235885,26405.21,12.28
2024-03-07,2024-03-07 14:45:00,26400.88,26422.98,26371.6,26373.56,256992,26389.38,12.31
2024-03-07,2024-03-07 14:50:00,26373.56,26412.37,26343.22,26388.05,293176,26381.21,12.29
2024-03-07,2024-03-07 14:55:00,26388.05,26388.77,26362.33,26385.77,294847,26378.96,12.32
2024-03-07,2024-03-07 15:00:00,26385.77,26429.69,26372.16,26421.67,110115,26407.84,12.32
2024-03-07,2024-03-07 15:05:00,26421.67,26446.33,26411.92,26441.46,302316,26433.24,12.32
2024-03-07,2024-03-07 15:10:00,26441.46,26448.09,26421.78,26430.2,142740,26433.35,12.36
2024-03-07,2024-03-07 15:15:00,26430.2,26435.65,26411.18,26426.78,223994,26424.54,12.33
2024-03-07,2024-03-07 15:20:00,26426.78,26464.11,26402.98,26458.86,180556,26441.98,12.3
2024-03-07,2024-03-07 15:25:00,26458.86,26497.03,26453.96,26494.66,110293,26481.88,12.32
2024-03-07,2024-03-07 15:30:00,26494.66,26500.42,26466.51,26490.01,258886,26485.64,12.28
2024-03-08,2024-03-08 09:15:00,26490.01,26492.98,26473.14,26490.01,164813,26485.38,15.66
2024-03-08,2024-03-08 09:20:00,26490.01,26512.33,26469.62,26474.14,173865,26485.36,15.72
2024-03-08,2024-03-08 09:25:00,26474.14,26479.65,26445.28,26446.21,139190,26457.05,15.75
2024-03-08,2024-03-08 09:30:00,26446.21,26472.87,26406.19,26424.09,137137,26434.38,15.8
2024-03-08,2024-03-08 09:35:00,26424.09,26435.93,26397.27,26417.38,157207,26416.86,15.79
2024-03-08,2024-03-08 09:40:00,26417.38,26429.53,26366.83,26388.78,165490,26395.05,15.8
2024-03-08,2024-03-08 09:45:00,26388.78,26401.2,26332.99,26345.9,101460,26360.03,15.77
2024-03-08,2024-03-08 09:50:00,26345.9,26346.36,26320.47,26322.14,158512,26329.66,15.8
2024-03-08,2024-03-08 09:55:00,26322.14,26354.42,26320.59,26340.52,304800,26338.51,15.82
2024-03-08,2024-03-08 10:00:00,26340.52,26353.17,26309.97,26313.54,137633,26325.56,15.9
2024-03-08,2024-03-08 10:05:00,26313.54,26337.69,26301.78,26308.64,99220,26316.04,15.91
2024-03-08,2024-03-08 10:10:00,26308.64,26380.59,26292.91,26357.89,153189,26343.8,15.93
2024-03-08,2024-03-08 10:15:00,26357.89,26361.82,26330.64,26359.88,122290,26350.78,15.92
2024-03-08,2024-03-08 10:20:00,26359.88,26379.33,26350.73,26371.17,95288,26367.08,15.93
2024-03-08,2024-03-08 10:25:00,26371.17,26392.83,26338.41,26351.88,172071,26361.04,15.92
2024-03-08,2024-03-08 10:30:00,26351.88,26417.36,26349.55,26406.36,122502,26391.09,15.93
2024-03-08,2024-03-08 10:35:00,26406.36,26409.98,26395.47,26396.66,126768,26400.7,15.93
2024-03-08,2024-03-08 10:40:00,26396.66,26418.07,26386.26,26394.41,173056,26399.58,15.92
2024-03-08,2024-03-08 10:45:00,26394.41,26442.12,26388.26,26428.86,88144,26419.75,15.92
2024-03-08,2024-03-08 10:50:00,26428.86,26442.01,26395.2,26427.71,81094,26421.64,15.91
2024-03-08,2024-03-08 10:55:00,26427.71,26440.28,26420.39,26432.02,212851,26430.9,15.9
2024-03-08,2024-03-08 11:00:00,26432.02,26432.65,26422.39,26428.49,75181,26427.84,15.93
2024-03-08,2024-03-08 11:05:00,26428.49,26444.25,26387.79,26425.13,110120,26419.06,15.94
2024-03-08,2024-03-08 11:10:00,26425.13,26448.6,26415.85,26437.11,79226,26433.85,15.95
2024-03-08,2024-03-08 11:15:00,26437.11,26458.03,26434.81,26453.44,133993,26448.76,15.9
2024-03-08,2024-03-08 11:20:00,26453.44,26476.03,26426.31,26441.3,193150,26447.88,15.92
2024-03-08,2024-03-08 11:25:00,26441.3,26443.37,26424.94,26426.24,170235,26431.52,15.93
2024-03-08,2024-03-08 11:30:00,26426.24,26434.82,26402.56,26414.92,423686,26417.43,15.92
2024-03-08,2024-03-08 11:35:00,26414.92,26430.54,26368.21,26384.78,251391,26394.51,15.98
2024-03-08,2024-03-08 11:40:00,26384.78,26406.92,26347.85,26350.18,112143,26368.32,15.91
2024-03-08,2024-03-08 11:45:00,26350.18,26381.21,26335.39,26360.39,100828,26359.0,15.94
2024-03-08,2024-03-08 11:50:00,26360.39,26412.66,26347.1,26385.82,480544,26381.86,15.96
2024-03-08,2024-03-08 11:55:00,26385.82,26416.17,26382.98,26409.67,248955,26402.94,15.98
2024-03-08,2024-03-08 12:00:00,26409.67,26426.12,26319.13,26334.18,206023,26359.81,15.98
2024-03-08,2024-03-08 12:05:00,26334.18,26339.37,26308.31,26326.44,167701,26324.71,16.0
2024-03-08,2024-03-08 12:10:00,26326.44,26327.19,26285.8,26291.62,181572,26301.54,16.02
2024-03-08,2024-03-08 12:15:00,26291.62,26300.42,26279.42,26296.16,89964,26292.0,16.0
2024-03-08,2024-03-08 12:20:00,26296.16,26296.5,26276.3,26282.97,173306,26285.26,16.01
2024-03-08,2024-03-08 12:25:00,26282.97,26306.08,26263.12,26301.64,167458,26290.28,16.0
2024-03-08,2024-03-08 12:30:00,26301.64,26303.07,26300.38,26301.04,113362,26301.5,15.97
2024-03-08,2024-03-08 12:35:00,26301.04,26305.22,26221.86,26241.2,131214,26256.09,15.99
2024-03-08,2024-03-08 12:40:00,26241.2,26248.45,26193.04,26210.74,298364,26217.41,15.98
2024-03-08,2024-03-08 12:45:00,26210.74,26216.24,26204.01,26210.93,154806,26210.39,15.93
2024-03-08,2024-03-08 12:50:00,26210.93,26222.82,26190.75,26213.76,372677,26209.11,15.92
2024-03-08,2024-03-08 12:55:00,26213.76,26243.91,26162.77,26169.54,81123,26192.08,15.89
2024-03-08,2024-03-08 13:00:00,26169.54,26192.53,26085.91,26093.24,132077,26123.89,15.92
2024-03-08,2024-03-08 13:05:00,26093.24,26101.93,25949.47,25956.42,87648,26002.61,15.93
2024-03-08,2024-03-08 13:10:00,25956.42,25999.62,25954.79,25978.96,100331,25977.79,15.97
2024-03-08,2024-03-08 13:15:00,25978.96,25991.4,25948.28,25960.01,116858,25966.57,15.95
2024-03-08,2024-03-08 13:20:00,25960.01,25962.84,25897.9,25915.07,184632,25925.27,15.97
2024-03-08,2024-03-08 13:25:00,25915.07,25938.48,25911.9,25914.08,181086,25921.49,16.06
2024-03-08,2024-03-08 13:30:00,25914.08,25944.51,25907.31,25940.43,124030,25930.75,16.07
2024-03-08,2024-03-08 13:35:00,25940.43,25945.65,25891.95,25918.78,66761,25918.79,16.1
2024-03-08,2024-03-08 13:40:00,25918.78,25940.33,25881.08,25922.71,293924,25914.71,16.12
2024-03-08,2024-03-08 13:45:00,25922.71,25977.36,25900.35,25954.22,145174,25943.98,16.07
2024-03-08,2024-03-08 13:50:00,25954.22,26016.64,25946.73,26008.95,104139,25990.78,16.09
2024-03-08,2024-03-08 13:55:00,26008.95,26021.29,25999.96,26016.22,181674,26012.49,16.1
2024-03-08,2024-03-08 14:00:00,26016.22,26034.44,25966.32,26002.86,176623,26001.21,16.09
2024-03-08,2024-03-08 14:05:00,26002.86,26014.5,25965.86,25990.7,143047,25990.35,16.07
2024-03-08,2024-03-08 14:10:00,25990.7,26008.81,25963.15,25965.81,172717,25979.25,16.09
2024-03-08,2024-03-08 14:15:00,25965.81,25979.48,25942.66,25963.85,102537,25961.99,16.06
2024-03-08,2024-03-08 14:20:00,25963.85,25982.54,25950.04,25979.88,220568,25970.82,16.12
2024-03-08,2024-03-08 14:25:00,25979.88,25982.83,25951.1,25958.95,109234,25964.29,16.13
2024-03-08,2024-03-08 14:30:00,25958.95,25966.83,25954.58,25955.9,127742,25959.1,16.09
2024-03-08,2024-03-08 14:35:00,25955.9,25969.24,25923.52,25936.24,210980,25943.0,16.07
2024-03-08,2024-03-08 14:40:00,25936.24,25941.0,25932.61,25939.6,263440,25937.74,16.07
2024-03-08,2024-03-08 14:45:00,25939.6,25942.23,25915.91,25923.27,306910,25927.14,16.14
2024-03-08,2024-03-08 14:50:00,25923.27,25926.85,25884.9,25902.03,248281,25904.59,16.11
2024-03-08,2024-03-08 14:55:00,25902.03,25903.26,25872.23,25882.34,142967,25885.94,16.11
2024-03-08,2024-03-08 15:00:00,25882.34,25898.66,25878.58,25893.3,87867,25890.18,16.09
2024-03-08,2024-03-08 15:05:00,25893.3,25927.35,25859.4,25888.72,285507,25891.83,16.11
2024-03-08,2024-03-08 15:10:00,25888.72,25928.51,25864.66,25875.56,281609,25889.58,16.09
2024-03-08,2024-03-08 15:15:00,25875.56,25890.18,25845.22,25880.26,124394,25871.88,16.06
2024-03-08,2024-03-08 15:20:00,25880.26,25916.25,25848.14,25867.46,235266,25877.29,16.05
2024-03-08,2024-03-08 15:25:00,25867.46,25903.78,25866.04,25894.53,142504,25888.12,16.04
2024-03-08,2024-03-08 15:30:00,25894.53,25897.42,25853.57,25867.24,296710,25872.75,16.02
2024-03-11,2024-03-11 09:15:00,25867.24,25896.37,25855.29,25867.24,127821,25872.97,16.75
2024-03-11,2024-03-11 09:20:00,25867.24,25885.86,25842.3,25846.2,165044,25858.12,16.73
2024-03-11,2024-03-11 09:25:00,25846.2,25850.4,25827.2,25839.68,108446,25839.09,16.67
2024-03-11,2024-03-11 09:30:00,25839.68,25911.06,25834.77,25871.32,197091,25872.38,16.66
2024-03-11,2024-03-11 09:35:00,25871.32,25880.68,25817.14,25824.89,164154,25840.9,16.66
2024-03-11,2024-03-11 09:40:00,25824.89,25835.84,25818.44,25829.94,96936,25828.07,16.69
2024-03-11,2024-03-11 09:45:00,25829.94,25841.47,25819.51,25825.87,237645,25828.95,16.7
2024-03-11,2024-03-11 09:50:00,25825.87,25868.64,25808.76,25856.83,132490,25844.74,16.72
2024-03-11,2024-03-11 09:55:00,25856.83,25889.33,25825.46,25882.76,141005,25865.85,16.75
2024-03-11,2024-03-11 10:00:00,25882.76,25891.46,25838.14,25851.67,223974,25860.42,16.76
2024-03-11,2024-03-11 10:05:00,25851.67,25900.63,25849.04,25882.61,250033,25877.43,16.73
2024-03-11,2024-03-11 10:10:00,25882.61,25893.13,25828.0,25831.36,135083,25850.83,16.75
2024-03-11,2024-03-11 10:15:00,25831.36,25872.21,25816.16,25848.69,170176,25845.69,16.79
2024-03-11,2024-03-11 10:20:00,25848.69,25900.15,25847.87,25868.12,213798,25872.05,16.78
2024-03-11,2024-03-11 10:25:00,25868.12,25926.39,25862.67,25910.46,269764,25899.84,16.8
2024-03-11,2024-03-11 10:30:00,25910.46,25923.44,25909.25,25918.87,168631,25917.19,16.81
2024-03-11,2024-03-11 10:35:00,25918.87,25929.64,25896.74,25906.48,196554,25910.95,16.8
2024-03-11,2024-03-11 10:40:00,25906.48,25906.56,25886.08,25886.08,112918,25892.91,16.83
2024-03-11,2024-03-11 10:45:00,25886.08,25932.4,25841.57,25923.21,88883,25899.06,16.82
2024-03-11,2024-03-11 10:50:00,25923.21,25968.23,25908.27,25965.91,203202,25947.47,16.83
2024-03-11,2024-03-11 10:55:00,25965.91,25975.39,25936.24,25958.55,117857,25956.73,16.83
2024-03-11,2024-03-11 11:00:00,25958.55,25966.15,25950.44,25962.18,112449,25959.59,16.83
2024-03-11,2024-03-11 11:05:00,25962.18,26003.24,25917.77,25997.15,210358,25972.72,16.86
2024-03-11,2024-03-11 11:10:00,25997.15,26034.45,25973.6,26018.27,153433,26008.77,16.8
2024-03-11,2024-03-11 11:15:00,26018.27,26035.13,26005.75,26017.01,178265,26019.3,16.82
2024-03-11,2024-03-11 11:20:00,26017.01,26018.15,25993.36,26002.35,97411,26004.62,16.84
2024-03-11,2024-03-11 11:25:00,26002.35,26011.45,25943.65,25985.78,113048,25980.29,16.82
2024-03-11,2024-03-11 11:30:00,25985.78,26016.12,25969.26,26011.2,312464,25998.86,16.82
2024-03-11,2024-03-11 11:35:00,26011.2,26029.42,25994.43,26005.73,125091,26009.86,16.79
2024-03-11,2024-03-11 11:40:00,26005.73,26018.5,25986.39,25999.33,150043,26001.41,16.77
2024-03-11,2024-03-11 11:45:00,25999.33,26020.51,25979.91,26016.77,178964,26005.73,16.77
2024-03-11,2024-03-11 11:50:00,26016.77,26031.15,26004.41,26021.78,106087,26019.11,16.85
2024-03-11,2024-03-11 11:55:00,26021.78,26042.9,26012.05,26034.02,279601,26029.66,16.87
2024-03-11,2024-03-11 12:00:00,26034.02,26034.24,26016.31,26023.9,163243,26024.82,16.85
2024-03-11,2024-03-11 12:05:00,26023.9,26051.15,25982.9,26012.48,148069,26015.51,16.87
2024-03-11,2024-03-11 12:10:00,26012.48,26013.07,25983.12,25989.55,249507,25995.25,16.89
2024-03-11,2024-03-11 12:15:00,25989.55,26037.94,25981.44,26011.66,234384,26010.35,16.84
2024-03-11,2024-03-11 12:20:00,26011.66,26017.36,26004.51,26014.32,357466,26012.06,16.83
2024-03-11,2024-03-11 12:25:00,26014.32,26039.66,26003.3,26023.47,136651,26022.14,16.82
2024-03-11,2024-03-11 12:30:00,26023.47,26074.95,25966.81,25991.63,391331,26011.13,16.83
2024-03-11,2024-03-11 12:35:00,25991.63,26035.91,25980.93,26013.33,210755,26010.05,16.82
2024-03-11,2024-03-11 12:40:00,26013.33,26053.93,26008.25,26023.07,320027,26028.42,16.83
2024-03-11,2024-03-11 12:45:00,26023.07,26078.3,26012.28,26045.87,241426,26045.48,16.8
2024-03-11,2024-03-11 12:50:00,26045.87,26099.49,26039.4,26056.66,125895,26065.18,16.79
2024-03-11,2024-03-11 12:55:00,26056.66,26098.82,26042.88,26065.6,116601,26069.1,16.78
2024-03-11,2024-03-11 13:00:00,26065.6,26091.48,26048.32,26089.22,79090,26076.34,16.82
2024-03-11,2024-03-11 13:05:00,26089.22,26104.35,26080.97,26097.55,72821,26094.29,16.8
2024-03-11,2024-03-11 13:10:00,26097.55,26111.26,26091.86,26107.33,127400,26103.49,16.79
2024-03-11,2024-03-11 13:15:00,26107.33,26150.34,26100.09,26122.59,270168,26124.34,16.78
2024-03-11,2024-03-11 13:20:00,26122.59,26145.46,26075.44,26087.57,133352,26102.82,16.83
2024-03-11,2024-03-11 13:25:00,26087.57,26155.37,26068.73,26134.55,124172,26119.55,16.85
2024-03-11,2024-03-11 13:30:00,26134.55,26160.8,26109.35,26141.49,215314,26137.21,16.82
2024-03-11,2024-03-11 13:35:00,26141.49,26146.6,26117.85,26126.4,115310,26130.28,16.83
2024-03-11,2024-03-11 13:40:00,26126.4,26166.45,26113.57,26165.3,339838,26148.44,16.8
2024-03-11,2024-03-11 13:45:00,26165.3,26168.61,26106.14,26128.02,146580,26134.26,16.81
2024-03-11,2024-03-11 13:50:00,26128.02,26183.13,26124.21,26172.47,236162,26159.94,16.85
2024-03-11,2024-03-11 13:55:00,26172.47,26220.67,26150.4,26218.91,150237,26196.66,16.79
2024-03-11,2024-03-11 14:00:00,26218.91,26227.19,26213.2,26215.7,164362,26218.7,16.76
2024-03-11,2024-03-11 14:05:00,26215.7,26243.99,26199.68,26227.24,255463,26223.63,16.76
2024-03-11,2024-03-11 14:10:00,26227.24,26227.67,26210.98,26222.15,178392,26220.27,16.75
2024-03-11,2024-03-11 14:15:00,26222.15,26261.29,26199.44,26250.38,295823,26237.04,16.76
2024-03-11,2024-03-11 14:20:00,26250.38,26250.78,26237.13,26237.74,118977,26241.89,16.76
2024-03-11,2024-03-11 14:25:00,26237.74,26239.97,26191.78,26194.3,96798,26208.68,16.71
2024-03-11,2024-03-11 14:30:00,26194.3,26197.18,26160.58,26163.54,80843,26173.77,16.72
2024-03-11,2024-03-11 14:35:00,26163.54,26183.46,26142.16,26172.83,268870,26166.15,16.68
2024-03-11,2024-03-11 14:40:00,26172.83,26177.18,26153.26,26153.52,233429,26161.32,16.69
2024-03-11,2024-03-11 14:45:00,26153.52,26193.97,26149.33,26184.99,146348,26176.1,16.68
2024-03-11,2024-03-11 14:50:00,26184.99,26206.36,26149.11,26152.24,183414,26169.24,16.75
2024-03-11,2024-03-11 14:55:00,26152.24,26176.92,26123.16,26176.78,249640,26158.95,16.75
2024-03-11,2024-03-11 15:00:00,26176.78,26196.34,26152.62,26163.35,150829,26170.77,16.76
2024-03-11,2024-03-11 15:05:00,26163.35,26197.41,26160.98,26195.47,80497,26184.62,16.77
2024-03-11,2024-03-11 15:10:00,26195.47,26214.51,26194.2,26206.62,80908,26205.11,16.78
2024-03-11,2024-03-11 15:15:00,26206.62,26221.47,26203.46,26209.57,105043,26211.5,16.78
2024-03-11,2024-03-11 15:20:00,26209.57,26252.01,26207.56,26224.88,169546,26228.15,16.75
2024-03-11,2024-03-11 15:25:00,26224.88,26273.49,26204.24,26254.95,111675,26244.23,16.75
2024-03-11,2024-03-11 15:30:00,26254.95,26262.59,26251.5,26251.52,246075,26255.2,16.69
2024-03-12,2024-03-12 09:15:00,26251.52,26260.18,26243.14,26251.52,301148,26251.61,15.04
2024-03-12,2024-03-12 09:20:00,26251.52,26268.75,26247.0,26266.19,154794,26260.65,15.04
2024-03-12,2024-03-12 09:25:00,26266.19,26270.44,26222.21,26232.75,161773,26241.8,15.0
2024-03-12,2024-03-12 09:30:00,26232.75,26266.18,26232.26,26244.16,306032,26247.53,15.01
2024-03-12,2024-03-12 09:35:00,26244.16,26288.3,26214.1,26284.35,125080,26262.25,15.0
2024-03-12,2024-03-12 09:40:00,26284.35,26318.72,26273.4,26295.74,225421,26295.95,14.98
2024-03-12,2024-03-12 09:45:00,26295.74,26309.43,26271.93,26281.84,150324,26287.74,14.99
2024-03-12,2024-03-12 09:50:00,26281.84,26289.68,26250.09,26250.87,108986,26263.55,14.96
2024-03-12,2024-03-12 09:55:00,26250.87,26274.26,26237.09,26272.55,162830,26261.3,14.92
2024-03-12,2024-03-12 10:00:00,26272.55,26279.98,26257.21,26262.3,214632,26266.49,14.84
2024-03-12,2024-03-12 10:05:00,26262.3,26286.5,26257.85,26280.65,279703,26275.0,14.9
2024-03-12,2024-03-12 10:10:00,26280.65,26293.35,26266.2,26293.03,293571,26284.19,14.91
2024-03-12,2024-03-12 10:15:00,26293.03,26309.58,26276.63,26307.5,144653,26297.9,14.91
2024-03-12,2024-03-12 10:20:00,26307.5,26320.79,26302.91,26311.45,109655,26311.72,14.89
2024-03-12,2024-03-12 10:25:00,26311.45,26342.48,26280.15,26323.69,143272,26315.44,14.8
2024-03-12,2024-03-12 10:30:00,26323.69,26346.33,26285.91,26324.02,101456,26318.75,14.78
2024-03-12,2024-03-12 10:35:00,26324.02,26361.31,26300.08,26312.13,149200,26324.51,14.8
2024-03-12,2024-03-12 10:40:00,26312.13,26325.98,26291.39,26292.47,141964,26303.28,14.83
2024-03-12,2024-03-12 10:45:00,26292.47,26320.52,26224.29,26239.19,217726,26261.33,14.85
2024-03-12,2024-03-12 10:50:00,26239.19,26242.72,26223.82,26238.06,67347,26234.87,14.86
2024-03-12,2024-03-12 10:55:00,26238.06,26279.75,26234.75,26277.09,121364,26263.86,14.89
2024-03-12,2024-03-12 11:00:00,26277.09,26303.69,26268.61,26297.51,121758,26289.93,14.88
2024-03-12,2024-03-12 11:05:00,26297.51,26321.67,26270.21,26306.05,261672,26299.31,14.92
2024-03-12,2024-03-12 11:10:00,26306.05,26306.56,26278.83,26291.83,104241,26292.41,14.91
2024-03-12,2024-03-12 11:15:00,26291.83,26320.5,26277.25,26318.59,178200,26305.45,14.88
2024-03-12,2024-03-12 11:20:00,26318.59,26330.57,26314.85,26318.92,154623,26321.45,14.85
2024-03-12,2024-03-12 11:25:00,26318.92,26373.25,26305.95,26359.38,247018,26346.19,14.82
2024-03-12,2024-03-12 11:30:00,26359.38,26373.91,26330.5,26339.27,206557,26347.9,14.84
2024-03-12,2024-03-12 11:35:00,26339.27,26366.08,26310.51,26324.65,170842,26333.75,14.81
2024-03-12,2024-03-12 11:40:00,26324.65,26332.2,26295.8,26307.74,130370,26311.91,14.78
2024-03-12,2024-03-12 11:45:00,26307.74,26320.33,26256.87,26275.8,77579,26284.33,14.8
2024-03-12,2024-03-12 11:50:00,26275.8,26279.25,26243.6,26256.8,179662,26259.88,14.81
2024-03-12,2024-03-12 11:55:00,26256.8,26263.21,26254.98,26262.39,201228,26260.19,14.84
2024-03-12,2024-03-12 12:00:00,26262.39,26280.72,26231.23,26239.94,86686,26250.63,14.86
2024-03-12,2024-03-12 12:05:00,26239.94,26251.04,26104.57,26118.51,99361,26158.04,14.84
2024-03-12,2024-03-12 12:10:00,26118.51,26161.62,26114.02,26152.18,180039,26142.61,14.84
2024-03-12,2024-03-12 12:15:00,26152.18,26159.96,26071.68,26099.33,186401,26110.32,14.84
2024-03-12,2024-03-12 12:20:00,26099.33,26136.05,26095.46,26117.79,109506,26116.43,14.81
2024-03-12,2024-03-12 12:25:00,26117.79,26139.02,26115.87,26118.76,129362,26124.55,14.78
2024-03-12,2024-03-12 12:30:00,26118.76,26207.06,26099.8,26185.13,78073,26163.99,14.76
2024-03-12,2024-03-12 12:35:00,26185.13,26232.28,26183.7,26216.45,282350,26210.81,14.82
2024-03-12,2024-03-12 12:40:00,26216.45,26229.34,26177.09,26200.58,96765,26202.34,14.81
2024-03-12,2024-03-12 12:45:00,26200.58,26225.0,26170.01,26178.51,202177,26191.17,14.85
2024-03-12,2024-03-12 12:50:00,26178.51,26231.77,26141.55,26225.71,160494,26199.68,14.83
2024-03-12,2024-03-12 12:55:00,26225.71,26226.41,26160.77,26179.27,272620,26188.82,14.86
2024-03-12,2024-03-12 13:00:00,26179.27,26210.19,26164.93,26192.19,118550,26189.1,14.89
2024-03-12,2024-03-12 13:05:00,26192.19,26263.39,26177.24,26252.38,166791,26231.0,14.92
2024-03-12,2024-03-12 13:10:00,26252.38,26287.74,26175.53,26205.58,82506,26222.95,14.93
2024-03-12,2024-03-12 13:15:00,26205.58,26246.18,26195.16,26231.09,74950,26224.14,14.97
2024-03-12,2024-03-12 13:20:00,26231.09,26244.0,26221.82,26241.58,206598,26235.8,14.98
2024-03-12,2024-03-12 13:25:00,26241.58,26270.98,26228.34,26252.49,79697,26250.6,15.03
2024-03-12,2024-03-12 13:30:00,26252.49,26261.64,26199.62,26227.03,148555,26229.43,14.98
2024-03-12,2024-03-12 13:35:00,26227.03,26249.63,26199.65,26199.84,243901,26216.37,14.99
2024-03-12,2024-03-12 13:40:00,26199.84,26203.22,26195.52,26196.09,219404,26198.28,15.0
2024-03-12,2024-03-12 13:45:00,26196.09,26210.65,26155.49,26164.16,124762,26176.77,14.97
2024-03-12,2024-03-12 13:50:00,26164.16,26164.21,26102.78,26111.7,86214,26126.23,14.99
2024-03-12,2024-03-12 13:55:00,26111.7,26133.28,26059.45,26117.27,199545,26103.33,14.95
2024-03-12,2024-03-12 14:00:00,26117.27,26144.41,26107.14,26139.11,278424,26130.22,14.93
2024-03-12,2024-03-12 14:05:00,26139.11,26145.44,26101.85,26123.99,124879,26123.76,14.87
2024-03-12,2024-03-12 14:10:00,26123.99,26128.42,26117.72,26127.05,118027,26124.39,14.91
2024-03-12,2024-03-12 14:15:00,26127.05,26135.44,26122.52,26128.04,131931,26128.67,14.91
2024-03-12,2024-03-12 14:20:00,26128.04,26130.22,26109.81,26110.05,204565,26116.69,14.97
2024-03-12,2024-03-12 14:25:00,26110.05,26112.41,26077.32,26109.88,266041,26099.87,15.0
2024-03-12,2024-03-12 14:30:00,26109.88,26146.03,26105.03,26133.98,99127,26128.35,15.01
2024-03-12,2024-03-12 14:35:00,26133.98,26143.55,26116.49,26136.76,89383,26132.27,14.99
2024-03-12,2024-03-12 14:40:00,26136.76,26176.01,26114.66,26140.59,414985,26143.75,14.96
2024-03-12,2024-03-12 14:45:00,26140.59,26159.86,26108.79,26120.06,151610,26129.57,14.98
2024-03-12,2024-03-12 14:50:00,26120.06,26192.54,26099.13,26169.4,180080,26153.69,14.97
2024-03-12,2024-03-12 14:55:00,26169.4,26206.56,26130.58,26150.34,123405,26162.49,14.93
2024-03-12,2024-03-12 15:00:00,26150.34,26151.53,26093.29,26104.63,197992,26116.49,14.89
2024-03-12,2024-03-12 15:05:00,26104.63,26139.0,26102.8,26125.0,238953,26122.27,14.86
2024-03-12,2024-03-12 15:10:00,26125.0,26133.15,26088.17,26119.91,183490,26113.74,14.91
2024-03-12,2024-03-12 15:15:00,26119.91,26135.92,26094.97,26109.9,326551,26113.6,14.98
2024-03-12,2024-03-12 15:20:00,26109.9,26110.84,26084.3,26093.57,142814,26096.24,14.99
2024-03-12,2024-03-12 15:25:00,26093.57,26142.88,26088.15,26140.32,146509,26123.79,14.99
2024-03-12,2024-03-12 15:30:00,26140.32,26159.36,26139.25,26147.5,178539,26148.7,14.98
2024-03-13,2024-03-13 09:15:00,26147.5,26173.01,26135.31,26147.5,225229,26151.94,16.22
2024-03-13,2024-03-13 09:20:00,26147.5,26164.58,26098.01,26121.92,226022,26128.17,16.24
2024-03-13,2024-03-13 09:25:00,26121.92,26135.23,26086.31,26110.65,235830,26110.73,16.26
2024-03-13,2024-03-13 09:30:00,26110.65,26115.01,26096.53,26110.4,63983,26107.31,16.36
2024-03-13,2024-03-13 09:35:00,26110.4,26153.32,26095.76,26132.66,215765,26127.25,16.35
2024-03-13,2024-03-13 09:40:00,26132.66,26149.87,26107.89,26129.89,404509,26129.22,16.35
2024-03-13,2024-03-13 09:45:00,26129.89,26160.39,26123.2,26134.97,220524,26139.52,16.41
2024-03-13,2024-03-13 09:50:00,26134.97,26182.39,26122.04,26167.52,146514,26157.32,16.42
2024-03-13,2024-03-13 09:55:00,26167.52,26177.57,26149.15,26162.68,104179,26163.13,16.39
2024-03-13,2024-03-13 10:00:00,26162.68,26227.85,26159.21,26200.51,100233,26195.86,16.4
2024-03-13,2024-03-13 10:05:00,26200.51,26222.82,26135.19,26165.8,95532,26174.6,16.42
2024-03-13,2024-03-13 10:10:00,26165.8,26167.65,26144.3,26159.69,138666,26157.21,16.41
2024-03-13,2024-03-13 10:15:00,26159.69,26181.86,26129.66,26130.69,106164,26147.4,16.43
2024-03-13,2024-03-13 10:20:00,26130.69,26148.25,26129.04,26136.57,153155,26137.95,16.45
2024-03-13,2024-03-13 10:25:00,26136.57,26167.67,26119.87,26157.37,176588,26148.3,16.44
2024-03-13,2024-03-13 10:30:00,26157.37,26173.6,26144.92,26156.71,81802,26158.41,16.49
2024-03-13,2024-03-13 10:35:00,26156.71,26161.36,26140.53,26148.68,119846,26150.19,16.46
2024-03-13,2024-03-13 10:40:00,26148.68,26168.15,26097.32,26119.82,129104,26128.43,16.47
2024-03-13,2024-03-13 10:45:00,26119.82,26171.29,26078.55,26162.48,127656,26137.44,16.46
2024-03-13,2024-03-13 10:50:00,26162.48,26190.09,26143.42,26165.09,163925,26166.2,16.41
2024-03-13,2024-03-13 10:55:00,26165.09,26187.73,26150.4,26157.59,171084,26165.24,16.42
2024-03-13,2024-03-13 11:00:00,26157.59,26200.4,26151.69,26197.51,137349,26183.2,16.47
2024-03-13,2024-03-13 11:05:00,26197.51,26211.49,26185.21,26192.35,124369,26196.35,16.47
2024-03-13,2024-03-13 11:10:00,26192.35,26210.35,26151.2,26174.04,161418,26178.53,16.43
2024-03-13,2024-03-13 11:15:00,26174.04,26192.3,26157.69,26160.44,289791,26170.14,16.43
2024-03-13,2024-03-13 11:20:00,26160.44,26160.5,26128.94,26143.4,90927,26144.28,16.41
2024-03-13,2024-03-13 11:25:00,26143.4,26179.09,26111.82,26121.45,255933,26137.46,16.44
2024-03-13,2024-03-13 11:30:00,26121.45,26156.76,26062.87,26108.29,84671,26109.3,16.43
2024-03-13,2024-03-13 11:35:00,26108.29,26173.24,26099.93,26168.17,188100,26147.11,16.38
2024-03-13,2024-03-13 11:40:00,26168.17,26184.89,26123.99,26144.23,247668,26151.04,16.4
2024-03-13,2024-03-13 11:45:00,26144.23,26164.76,26076.11,26112.25,95855,26117.71,16.4
2024-03-13,2024-03-13 11:50:00,26112.25,26139.71,26105.92,26121.92,187269,26122.52,16.39
2024-03-13,2024-03-13 11:55:00,26121.92,26127.76,26096.12,26123.27,107098,26115.72,16.36
2024-03-13,2024-03-13 12:00:00,26123.27,26154.66,26123.06,26143.96,259919,26140.56,16.42
2024-03-13,2024-03-13 12:05:00,26143.96,26156.87,26091.41,26126.58,85816,26124.95,16.4
2024-03-13,2024-03-13 12:10:00,26126.58,26128.48,26095.76,26099.35,113892,26107.86,16.43
2024-03-13,2024-03-13 12:15:00,26099.35,26154.85,26095.92,26151.77,171536,26134.18,16.42
2024-03-13,2024-03-13 12:20:00,26151.77,26177.06,26056.96,26101.19,216336,26111.74,16.44
2024-03-13,2024-03-13 12:25:00,26101.19,26117.87,26083.87,26112.48,168904,26104.74,16.44
2024-03-13,2024-03-13 12:30:00,26112.48,26138.05,26110.4,26134.11,198403,26127.52,16.44
2024-03-13,2024-03-13 12:35:00,26134.11,26181.82,26132.65,26159.88,130654,26158.12,16.41
2024-03-13,2024-03-13 12:40:00,26159.88,26178.13,26144.98,26150.36,105193,26157.82,16.43
2024-03-13,2024-03-13 12:45:00,26150.36,26163.79,26099.16,26111.19,292390,26124.71,16.47
2024-03-13,2024-03-13 12:50:00,26111.19,26178.78,26097.0,26158.17,198690,26144.65,16.44
2024-03-13,2024-03-13 12:55:00,26158.17,26166.59,26143.56,26144.19,133907,26151.45,16.42
2024-03-13,2024-03-13 13:00:00,26144.19,26147.61,26104.07,26111.84,83993,26121.17,16.5
2024-03-13,2024-03-13 13:05:00,26111.84,26224.56,26097.14,26216.5,265473,26179.4,16.47
2024-03-13,2024-03-13 13:10:00,26216.5,26234.56,26113.59,26127.26,269882,26158.47,16.46
2024-03-13,2024-03-13 13:15:00,26127.26,26171.69,26118.78,26152.58,149195,26147.68,16.5
2024-03-13,2024-03-13 13:20:00,26152.58,26181.25,26061.47,26101.63,124960,26114.79,16.54
2024-03-13,2024-03-13 13:25:00,26101.63,26101.96,26044.67,26073.69,146720,26073.44,16.47
2024-03-13,2024-03-13 13:30:00,26073.69,26133.51,26024.14,26101.25,149594,26086.3,16.49
2024-03-13,2024-03-13 13:35:00,26101.25,26114.82,26079.08,26089.48,221419,26094.46,16.49
2024-03-13,2024-03-13 13:40:00,26089.48,26160.52,26066.49,26150.22,103244,26125.74,16.48
2024-03-13,2024-03-13 13:45:00,26150.22,26268.34,26149.2,26244.83,128869,26220.79,16.52
2024-03-13,2024-03-13 13:50:00,26244.83,26355.91,26235.99,26337.76,151226,26309.89,16.51
2024-03-13,2024-03-13 13:55:00,26337.76,26347.4,26300.75,26311.13,180476,26319.76,16.49
2024-03-13,2024-03-13 14:00:00,26311.13,26316.02,26281.17,26282.44,230164,26293.21,16.48
2024-03-13,2024-03-13 14:05:00,26282.44,26306.39,26279.62,26298.24,184313,26294.75,16.47
2024-03-13,2024-03-13 14:10:00,26298.24,26300.68,26296.18,26296.88,328023,26297.91,16.48
2024-03-13,2024-03-13 14:15:00,26296.88,26324.72,26290.66,26314.38,109467,26309.92,16.52
2024-03-13,2024-03-13 14:20:00,26314.38,26315.71,26239.88,26250.72,292042,26268.77,16.53
2024-03-13,2024-03-13 14:25:00,26250.72,26251.83,26203.75,26211.33,111129,26222.31,16.53
2024-03-13,2024-03-13 14:30:00,26211.33,26229.58,26181.75,26197.11,138951,26202.81,16.55
2024-03-13,2024-03-13 14:35:00,26197.11,26265.6,26178.13,26243.91,190020,26229.21,16.57
2024-03-13,2024-03-13 14:40:00,26243.91,26253.33,26192.9,26222.01,260705,26222.75,16.59
2024-03-13,2024-03-13 14:45:00,26222.01,26226.26,26202.33,26216.59,139042,26215.06,16.57
2024-03-13,2024-03-13 14:50:00,26216.59,26283.55,26200.88,26270.88,190423,26251.77,16.58
2024-03-13,2024-03-13 14:55:00,26270.88,26282.89,26265.27,26280.04,143451,26276.06,16.52
2024-03-13,2024-03-13 15:00:00,26280.04,26311.8,26271.51,26300.52,64976,26294.61,16.57
2024-03-13,2024-03-13 15:05:00,26300.52,26314.76,26281.5,26281.53,160271,26292.59,16.61
2024-03-13,2024-03-13 15:10:00,26281.53,26326.5,26253.28,26310.41,99050,26296.73,16.64
2024-03-13,2024-03-13 15:15:00,26310.41,26344.72,26309.95,26343.33,270653,26332.67,16.68
2024-03-13,2024-03-13 15:20:00,26343.33,26372.84,26333.76,26354.44,271403,26353.68,16.67
2024-03-13,2024-03-13 15:25:00,26354.44,26357.1,26334.97,26350.07,116494,26347.38,16.65
2024-03-13,2024-03-13 15:30:00,26350.07,26370.72,26313.36,26362.7,109548,26348.93,16.61
2024-03-14,2024-03-14 09:15:00,26362.7,26366.67,26353.26,26362.7,112561,26360.88,13.87
2024-03-14,2024-03-14 09:20:00,26362.7,26400.95,26362.17,26389.78,236891,26384.3,13.89
2024-03-14,2024-03-14 09:25:00,26389.78,26391.19,26355.78,26387.78,88487,26378.25,13.82
2024-03-14,2024-03-14 09:30:00,26387.78,26390.99,26363.7,26367.12,192906,26373.93,13.79
2024-03-14,2024-03-14 09:35:00,26367.12,26422.79,26356.12,26410.01,158177,26396.3,13.81
2024-03-14,2024-03-14 09:40:00,26410.01,26430.97,26409.76,26418.32,267581,26419.69,13.8
2024-03-14,2024-03-14 09:45:00,26418.32,26481.12,26396.31,26444.59,260120,26440.68,13.82
2024-03-14,2024-03-14 09:50:00,26444.59,26447.01,26432.4,26440.66,204416,26440.02,13.77
2024-03-14,2024-03-14 09:55:00,26440.66,26462.62,26402.74,26416.7,183390,26427.35,13.79
2024-03-14,2024-03-14 10:00:00,26416.7,26423.64,26381.89,26388.74,199455,26398.09,13.77
2024-03-14,2024-03-14 10:05:00,26388.74,26406.78,26335.21,26370.34,166826,26370.77,13.75
2024-03-14,2024-03-14 10:10:00,26370.34,26386.6,26369.84,26381.75,158819,26379.4,13.78
2024-03-14,2024-03-14 10:15:00,26381.75,26400.03,26364.46,26397.26,289824,26387.25,13.82
2024-03-14,2024-03-14 10:20:00,26397.26,26432.78,26395.17,26414.76,304113,26414.24,13.85
2024-03-14,2024-03-14 10:25:00,26414.76,26432.18,26357.98,26382.54,153788,26390.9,13.91
2024-03-14,2024-03-14 10:30:00,26382.54,26397.18,26370.36,26385.69,178984,26384.41,13.95
2024-03-14,2024-03-14 10:35:00,26385.69,26399.66,26340.19,26364.5,168158,26368.11,13.92
2024-03-14,2024-03-14 10:40:00,26364.5,26377.6,26355.61,26377.18,85418,26370.13,13.93
2024-03-14,2024-03-14 10:45:00,26377.18,26411.16,26374.92,26391.72,142262,26392.6,13.91
2024-03-14,2024-03-14 10:50:00,26391.72,26392.42,26350.52,26367.05,308624,26370.0,13.98
2024-03-14,2024-03-14 10:55:00,26367.05,26413.09,26356.23,26393.18,120582,26387.5,14.01
2024-03-14,2024-03-14 11:00:00,26393.18,26479.57,26378.51,26451.91,379199,26436.66,14.0
2024-03-14,2024-03-14 11:05:00,26451.91,26479.99,26431.17,26474.96,260107,26462.04,14.03
2024-03-14,2024-03-14 11:10:00,26474.96,26501.32,26452.56,26474.25,191109,26476.04,13.99
2024-03-14,2024-03-14 11:15:00,26474.25,26487.6,26436.66,26469.89,203686,26464.72,14.0
2024-03-14,2024-03-14 11:20:00,26469.89,26474.27,26446.32,26468.08,112771,26462.89,13.97
2024-03-14,2024-03-14 11:25:00,26468.08,26483.06,26433.36,26453.14,146372,26456.52,13.92
2024-03-14,2024-03-14 11:30:00,26453.14,26466.78,26445.21,26462.32,289687,26458.1,13.94
2024-03-14,2024-03-14 11:35:00,26462.32,26476.35,26420.7,26438.38,127285,26445.15,13.97
2024-03-14,2024-03-14 11:40:00,26438.38,26439.31,26371.53,26396.59,248811,26402.48,13.99
2024-03-14,2024-03-14 11:45:00,26396.59,26425.7,26387.91,26404.98,93824,26406.2,13.98
2024-03-14,2024-03-14 11:50:00,26404.98,26411.01,26395.07,26408.65,100784,26404.91,13.94
2024-03-14,2024-03-14 11:55:00,26408.65,26425.05,26398.19,26398.24,348207,26407.16,13.91
2024-03-14,2024-03-14 12:00:00,26398.24,26423.41,26341.11,26357.61,161985,26374.04,13.88
2024-03-14,2024-03-14 12:05:00,26357.61,26378.99,26339.45,26366.77,131215,26361.74,13.87
2024-03-14,2024-03-14 12:10:00,26366.77,26373.26,26308.83,26335.44,280715,26339.18,13.9
2024-03-14,2024-03-14 12:15:00,26335.44,26348.4,26327.47,26331.05,267889,26335.64,13.94
2024-03-14,2024-03-14 12:20:00,26331.05,26404.57,26329.33,26386.82,235225,26373.57,13.89
2024-03-14,2024-03-14 12:25:00,26386.82,26432.06,26362.93,26407.44,129578,26400.81,13.87
2024-03-14,2024-03-14 12:30:00,26407.44,26428.63,26357.5,26364.06,145107,26383.39,13.84
2024-03-14,2024-03-14 12:35:00,26364.06,26400.94,26315.66,26323.72,184361,26346.77,13.77
2024-03-14,2024-03-14 12:40:00,26323.72,26355.78,26318.12,26328.52,214863,26334.14,13.78
2024-03-14,2024-03-14 12:45:00,26328.52,26330.75,26277.06,26285.07,132800,26297.62,13.78
2024-03-14,2024-03-14 12:50:00,26285.07,26311.05,26217.61,26221.93,174258,26250.2,13.77
2024-03-14,2024-03-14 12:55:00,26221.93,26239.55,26214.89,26238.68,181127,26231.04,13.81
2024-03-14,2024-03-14 13:00:00,26238.68,26263.87,26234.3,26257.77,272313,26251.98,13.82
2024-03-14,2024-03-14 13:05:00,26257.77,26351.28,26251.11,26331.14,220088,26311.17,13.8
2024-03-14,2024-03-14 13:10:00,26331.14,26335.74,26290.23,26321.3,89079,26315.75,13.82
2024-03-14,2024-03-14 13:15:00,26321.3,26334.31,26292.43,26293.6,149424,26306.78,13.85
2024-03-14,2024-03-14 13:20:00,26293.6,26304.88,26243.72,26249.24,112250,26265.95,13.86
2024-03-14,2024-03-14 13:25:00,26249.24,26252.44,26197.49,26206.46,204277,26218.8,13.88
2024-03-14,2024-03-14 13:30:00,26206.46,26215.5,26136.01,26143.53,235451,26165.01,13.88
2024-03-14,2024-03-14 13:35:00,26143.53,26192.89,26136.46,26160.27,169502,26163.21,13.88
2024-03-14,2024-03-14 13:40:00,26160.27,26202.94,26152.75,26194.52,146202,26183.4,13.88
2024-03-14,2024-03-14 13:45:00,26194.52,26201.44,26180.59,26180.69,167320,26187.58,13.86
2024-03-14,2024-03-14 13:50:00,26180.69,26232.17,26178.66,26229.88,176940,26213.57,13.84
2024-03-14,2024-03-14 13:55:00,26229.88,26235.43,26196.65,26229.71,125990,26220.59,13.88
2024-03-14,2024-03-14 14:00:00,26229.71,26236.46,26213.57,26223.84,99959,26224.62,13.94
2024-03-14,2024-03-14 14:05:00,26223.84,26249.25,26219.28,26235.37,71678,26234.63,13.99
2024-03-14,2024-03-14 14:10:00,26235.37,26239.57,26199.15,26229.57,270187,26222.76,13.95
2024-03-14,2024-03-14 14:15:00,26229.57,26264.19,26210.82,26260.65,198500,26245.22,13.91
2024-03-14,2024-03-14 14:20:00,26260.65,26261.57,26236.45,26250.11,188151,26249.38,13.87
2024-03-14,2024-03-14 14:25:00,26250.11,26252.29,26219.02,26222.21,269973,26231.17,13.87
2024-03-14,2024-03-14 14:30:00,26222.21,26236.55,26185.73,26192.22,98500,26204.84,13.79
2024-03-14,2024-03-14 14:35:00,26192.22,26210.35,26161.57,26209.39,81287,26193.77,13.77
2024-03-14,2024-03-14 14:40:00,26209.39,26213.19,26195.03,26208.07,189793,26205.43,13.81
2024-03-14,2024-03-14 14:45:00,26208.07,26228.91,26198.77,26222.58,183012,26216.76,13.84
2024-03-14,2024-03-14 14:50:00,26222.58,26239.4,26207.67,26236.56,81428,26227.88,13.83
2024-03-14,2024-03-14 14:55:00,26236.56,26240.23,26159.95,26181.47,187926,26193.88,13.82
2024-03-14,2024-03-14 15:00:00,26181.47,26182.37,26142.41,26149.53,138678,26158.1,13.83
2024-03-14,2024-03-14 15:05:00,26149.53,26158.21,26106.65,26120.75,117849,26128.54,13.86
2024-03-14,2024-03-14 15:10:00,26120.75,26125.66,26087.79,26097.34,142433,26103.59,13.85
2024-03-14,2024-03-14 15:15:00,26097.34,26100.8,26059.12,26084.28,61291,26081.4,13.84
2024-03-14,2024-03-14 15:20:00,26084.28,26111.09,26077.77,26108.26,128469,26099.04,13.82
2024-03-14,2024-03-14 15:25:00,26108.26,26153.15,26088.51,26137.46,122796,26126.38,13.78
2024-03-14,2024-03-14 15:30:00,26137.46,26148.58,26101.43,26127.71,203381,26125.91,13.77
2024-03-15,2024-03-15 09:15:00,26127.71,26150.6,26122.85,26127.71,270535,26133.72,13.11
2024-03-15,2024-03-15 09:20:00,26127.71,26182.96,26120.15,26166.75,122886,26156.62,13.16
2024-03-15,2024-03-15 09:25:00,26166.75,26202.62,26147.96,26159.27,64998,26169.95,13.12
2024-03-15,2024-03-15 09:30:00,26159.27,26171.93,26142.85,26168.37,186411,26161.05,13.17
2024-03-15,2024-03-15 09:35:00,26168.37,26238.79,26151.16,26209.15,275814,26199.7,13.18
2024-03-15,2024-03-15 09:40:00,26209.15,26220.03,26177.19,26187.12,85677,26194.78,13.18
2024-03-15,2024-03-15 09:45:00,26187.12,26190.15,26162.85,26175.54,140162,26176.18,13.16
2024-03-15,2024-03-15 09:50:00,26175.54,26191.45,26165.28,26165.97,187768,26174.23,13.15
2024-03-15,2024-03-15 09:55:00,26165.97,26170.15,26105.77,26129.68,116258,26135.2,13.13
2024-03-15,2024-03-15 10:00:00,26129.68,26144.94,26114.35,26126.66,81530,26128.65,13.1
2024-03-15,2024-03-15 10:05:00,26126.66,26181.11,26124.31,26157.15,120875,26154.19,13.12
2024-03-15,2024-03-15 10:10:00,26157.15,26183.3,26148.4,26180.2,129620,26170.63,13.15
2024-03-15,2024-03-15 10:15:00,26180.2,26214.85,26177.39,26211.2,76537,26201.14,13.12
2024-03-15,2024-03-15 10:20:00,26211.2,26213.55,26191.09,26199.39,249850,26201.34,13.1
2024-03-15,2024-03-15 10:25:00,26199.39,26208.68,26175.18,26175.91,303023,26186.59,13.1
2024-03-15,2024-03-15 10:30:00,26175.91,26241.85,26164.28,26232.2,164690,26212.78,13.07
2024-03-15,2024-03-15 10:35:00,26232.2,26265.16,26223.8,26240.42,217900,26243.12,13.08
2024-03-15,2024-03-15 10:40:00,26240.42,26260.23,26202.4,26205.49,90068,26222.71,13.07
2024-03-15,2024-03-15 10:45:00,26205.49,26269.15,26191.33,26269.02,153793,26243.17,13.02
2024-03-15,2024-03-15 10:50:00,26269.02,26271.01,26262.12,26270.04,129112,26267.73,13.04
2024-03-15,2024-03-15 10:55:00,26270.04,26283.38,26191.37,26203.51,191879,26226.09,13.02
2024-03-15,2024-03-15 11:00:00,26203.51,26250.99,26181.05,26240.96,55314,26224.33,13.05
2024-03-15,2024-03-15 11:05:00,26240.96,26258.83,26177.28,26189.54,144115,26208.55,13.04
2024-03-15,2024-03-15 11:10:00,26189.54,26202.69,26188.95,26199.48,209265,26197.04,13.02
2024-03-15,2024-03-15 11:15:00,26199.48,26223.47,26190.65,26222.49,179024,26212.2,13.02
2024-03-15,2024-03-15 11:20:00,26222.49,26266.76,26210.07,26241.72,222606,26239.51,13.06
2024-03-15,2024-03-15 11:25:00,26241.72,26292.48,26239.79,26281.62,128110,26271.3,13.11
2024-03-15,2024-03-15 11:30:00,26281.62,26322.58,26252.55,26308.83,52610,26294.66,13.13
2024-03-15,2024-03-15 11:35:00,26308.83,26362.46,26308.74,26355.95,252597,26342.38,13.11
2024-03-15,2024-03-15 11:40:00,26355.95,26369.67,26336.94,26356.91,220501,26354.51,13.11
2024-03-15,2024-03-15 11:45:00,26356.91,26377.58,26345.9,26350.26,304827,26357.91,13.11
2024-03-15,2024-03-15 11:50:00,26350.26,26367.6,26336.31,26345.2,167661,26349.7,13.11
2024-03-15,2024-03-15 11:55:00,26345.2,26407.15,26337.68,26380.93,192239,26375.25,13.1
2024-03-15,2024-03-15 12:00:00,26380.93,26393.84,26357.57,26360.69,413204,26370.7,13.07
2024-03-15,2024-03-15 12:05:00,26360.69,26390.15,26347.55,26387.5,77621,26375.07,13.1
2024-03-15,2024-03-15 12:10:00,26387.5,26394.98,26355.45,26360.27,194440,26370.23,13.13
2024-03-15,2024-03-15 12:15:00,26360.27,26362.16,26329.79,26333.64,264896,26341.86,13.13
2024-03-15,2024-03-15 12:20:00,26333.64,26396.85,26327.95,26371.06,177199,26365.29,13.16
2024-03-15,2024-03-15 12:25:00,26371.06,26388.01,26355.47,26384.88,167129,26376.12,13.18
2024-03-15,2024-03-15 12:30:00,26384.88,26384.96,26309.31,26316.5,89910,26336.92,13.15
2024-03-15,2024-03-15 12:35:00,26316.5,26339.81,26286.88,26289.54,292695,26305.41,13.14
2024-03-15,2024-03-15 12:40:00,26289.54,26293.22,26206.28,26208.44,249590,26235.98,13.18
2024-03-15,2024-03-15 12:45:00,26208.44,26220.93,26190.51,26196.63,271854,26202.69,13.17
2024-03-15,2024-03-15 12:50:00,26196.63,26214.44,26184.3,26188.03,161357,26195.59,13.15
2024-03-15,2024-03-15 12:55:00,26188.03,26201.03,26113.35,26173.13,143158,26162.51,13.17
2024-03-15,2024-03-15 13:00:00,26173.13,26179.47,26110.53,26117.87,162318,26135.96,13.16
2024-03-15,2024-03-15 13:05:00,26117.87,26144.8,26116.23,26141.21,321171,26134.08,13.18
2024-03-15,2024-03-15 13:10:00,26141.21,26172.86,26129.57,26167.9,146660,26156.77,13.18
2024-03-15,2024-03-15 13:15:00,26167.9,26219.66,26159.71,26181.65,294424,26187.01,13.16
2024-03-15,2024-03-15 13:20:00,26181.65,26193.91,26108.69,26117.37,153454,26139.99,13.13
2024-03-15,2024-03-15 13:25:00,26117.37,26118.31,26082.9,26095.43,115508,26098.88,13.08
2024-03-15,2024-03-15 13:30:00,26095.43,26108.53,26081.51,26098.88,70905,26096.31,13.05
2024-03-15,2024-03-15 13:35:00,26098.88,26106.72,25999.35,26017.95,204771,26041.34,13.07
2024-03-15,2024-03-15 13:40:00,26017.95,26092.91,25995.7,26087.97,221294,26058.86,13.11
2024-03-15,2024-03-15 13:45:00,26087.97,26094.18,26034.28,26036.25,102722,26054.91,13.09
2024-03-15,2024-03-15 13:50:00,26036.25,26093.1,26031.1,26087.05,293826,26070.42,13.05
2024-03-15,2024-03-15 13:55:00,26087.05,26087.9,26033.5,26044.76,93662,26055.39,13.08
2024-03-15,2024-03-15 14:00:00,26044.76,26047.44,26020.61,26028.84,216073,26032.3,13.12
2024-03-15,2024-03-15 14:05:00,26028.84,26096.54,26015.55,26089.9,220354,26067.33,13.14
2024-03-15,2024-03-15 14:10:00,26089.9,26104.66,26046.52,26054.57,250012,26068.59,13.09
2024-03-15,2024-03-15 14:15:00,26054.57,26059.7,26026.82,26031.83,73989,26039.45,13.11
2024-03-15,2024-03-15 14:20:00,26031.83,26047.14,26010.32,26015.29,249383,26024.25,13.13
2024-03-15,2024-03-15 14:25:00,26015.29,26024.58,25984.34,26001.45,153593,26003.46,13.15
2024-03-15,2024-03-15 14:30:00,26001.45,26054.74,25986.87,26025.37,142038,26022.33,13.16
2024-03-15,2024-03-15 14:35:00,26025.37,26043.6,25988.38,26016.66,226387,26016.21,13.13
2024-03-15,2024-03-15 14:40:00,26016.66,26018.62,25964.76,25980.13,239013,25987.84,13.12
2024-03-15,2024-03-15 14:45:00,25980.13,26031.84,25979.15,26015.23,73463,26008.74,13.16
2024-03-15,2024-03-15 14:50:00,26015.23,26028.9,26014.51,26020.01,97157,26021.14,13.17
2024-03-15,2024-03-15 14:55:00,26020.01,26038.57,25985.3,26028.87,262941,26017.58,13.13
2024-03-15,2024-03-15 15:00:00,26028.87,26044.2,26028.16,26043.72,196810,26038.69,13.18
2024-03-15,2024-03-15 15:05:00,26043.72,26085.26,26007.73,26009.55,175027,26034.18,13.22
2024-03-15,2024-03-15 15:10:00,26009.55,26013.58,25994.91,26007.29,109724,26005.26,13.27
2024-03-15,2024-03-15 15:15:00,26007.29,26032.4,26003.65,26026.57,193985,26020.88,13.3
2024-03-15,2024-03-15 15:20:00,26026.57,26044.15,25981.57,26007.83,265023,26011.18,13.27
2024-03-15,2024-03-15 15:25:00,26007.83,26025.44,25999.7,26013.72,411339,26012.95,13.28
2024-03-15,2024-03-15 15:30:00,26013.72,26052.06,25994.07,26025.78,141255,26023.97,13.3
2024-03-18,2024-03-18 09:15:00,26025.78,26038.79,26020.95,26025.78,223689,26028.51,12.14
2024-03-18,2024-03-18 09:20:00,26025.78,26031.05,25996.14,25997.41,254553,26008.2,12.1
2024-03-18,2024-03-18 09:25:00,25997.41,26036.22,25965.73,26034.02,160155,26011.99,12.13
2024-03-18,2024-03-18 09:30:00,26034.02,26071.04,26013.79,26064.46,168315,26049.76,12.17
2024-03-18,2024-03-18 09:35:00,26064.46,26083.65,26063.52,26080.22,167620,26075.8,12.17
2024-03-18,2024-03-18 09:40:00,26080.22,26081.28,26021.4,26049.75,118922,26050.81,12.15
2024-03-18,2024-03-18 09:45:00,26049.75,26060.91,26006.64,26013.3,193432,26026.95,12.15
2024-03-18,2024-03-18 09:50:00,26013.3,26028.67,26008.44,26022.06,148365,26019.72,12.17
2024-03-18,2024-03-18 09:55:00,26022.06,26048.32,26014.05,26045.79,236125,26036.06,12.17
2024-03-18,2024-03-18 10:00:00,26045.79,26047.92,26036.59,26047.05,155523,26043.86,12.19
2024-03-18,2024-03-18 10:05:00,26047.05,26101.86,26040.84,26095.07,115334,26079.26,12.22
2024-03-18,2024-03-18 10:10:00,26095.07,26105.52,26063.7,26072.78,88049,26080.67,12.2
2024-03-18,2024-03-18 10:15:00,26072.78,26096.54,26046.84,26047.55,77216,26063.64,12.17
2024-03-18,2024-03-18 10:20:00,26047.55,26064.39,26018.74,26035.11,275131,26039.41,12.17
2024-03-18,2024-03-18 10:25:00,26035.11,26052.4,25992.86,26021.77,135521,26022.35,12.16
2024-03-18,2024-03-18 10:30:00,26021.77,26038.17,26013.24,26037.22,186358,26029.55,12.18
2024-03-18,2024-03-18 10:35:00,26037.22,26043.85,26028.36,26030.47,332133,26034.23,12.15
2024-03-18,2024-03-18 10:40:00,26030.47,26034.58,25977.77,25997.33,129946,26003.23,12.18
2024-03-18,2024-03-18 10:45:00,25997.33,26025.42,25995.76,26021.31,126628,26014.16,12.22
2024-03-18,2024-03-18 10:50:00,26021.31,26030.02,25980.15,25983.21,154374,25997.79,12.22
2024-03-18,2024-03-18 10:55:00,25983.21,26000.49,25955.28,25961.28,164682,25972.35,12.22
2024-03-18,2024-03-18 11:00:00,25961.28,25961.67,25922.28,25926.48,346286,25936.81,12.2
2024-03-18,2024-03-18 11:05:00,25926.48,25938.26,25913.87,25934.43,304470,25928.85,12.18
2024-03-18,2024-03-18 11:10:00,25934.43,25948.05,25903.63,25941.88,208636,25931.18,12.17
2024-03-18,2024-03-18 11:15:00,25941.88,25993.21,25907.78,25989.74,290618,25963.58,12.21
2024-03-18,2024-03-18 11:20:00,25989.74,26022.28,25988.22,26014.23,151556,26008.25,12.21
2024-03-18,2024-03-18 11:25:00,26014.23,26060.06,26008.97,26051.11,183444,26040.05,12.17
2024-03-18,2024-03-18 11:30:00,26051.11,26075.73,26026.43,26061.0,144263,26054.38,12.18
2024-03-18,2024-03-18 11:35:00,26061.0,26099.42,26038.87,26041.21,97134,26059.83,12.2
2024-03-18,2024-03-18 11:40:00,26041.21,26052.05,26030.6,26047.34,263431,26043.33,12.2
2024-03-18,2024-03-18 11:45:00,26047.34,26067.24,26029.6,26064.35,201325,26053.73,12.25
2024-03-18,2024-03-18 11:50:00,26064.35,26094.6,26059.49,26083.99,163935,26079.36,12.27
2024-03-18,2024-03-18 11:55:00,26083.99,26108.97,26057.94,26076.03,162594,26080.98,12.24
2024-03-18,2024-03-18 12:00:00,26076.03,26099.85,26064.79,26091.33,89099,26085.32,12.22
2024-03-18,2024-03-18 12:05:00,26091.33,26106.96,26060.11,26062.11,110085,26076.4,12.23
2024-03-18,2024-03-18 12:10:00,26062.11,26081.54,26004.9,26029.49,186178,26038.64,12.18
2024-03-18,2024-03-18 12:15:00,26029.49,26054.37,25963.35,25994.63,131709,26004.12,12.19
2024-03-18,2024-03-18 12:20:00,25994.63,26011.59,25974.93,25995.4,149180,25993.98,12.14
2024-03-18,2024-03-18 12:25:00,25995.4,25995.83,25955.73,25958.66,156082,25970.07,12.17
2024-03-18,2024-03-18 12:30:00,25958.66,25973.88,25937.53,25945.43,123873,25952.28,12.2
2024-03-18,2024-03-18 12:35:00,25945.43,25996.11,25939.27,25973.54,110506,25969.64,12.21
2024-03-18,2024-03-18 12:40:00,25973.54,25978.1,25919.92,25941.46,85396,25946.49,12.19
2024-03-18,2024-03-18 12:45:00,25941.46,25956.06,25917.7,25925.77,153490,25933.17,12.2
2024-03-18,2024-03-18 12:50:00,25925.77,25938.75,25914.37,25927.99,208447,25927.04,12.18
2024-03-18,2024-03-18 12:55:00,25927.99,25966.89,25911.23,25935.68,84334,25937.93,12.15
2024-03-18,2024-03-18 13:00:00,25935.68,25942.29,25897.36,25916.26,161196,25918.63,12.14
2024-03-18,2024-03-18 13:05:00,25916.26,25930.74,25879.83,25914.96,182126,25908.51,12.16
2024-03-18,2024-03-18 13:10:00,25914.96,25987.12,25905.64,25974.27,109553,25955.68,12.16
2024-03-18,2024-03-18 13:15:00,25974.27,25975.84,25930.53,25946.39,287465,25950.92,12.2
2024-03-18,2024-03-18 13:20:00,25946.39,25953.24,25916.08,25918.41,139485,25929.24,12.23
2024-03-18,2024-03-18 13:25:00,25918.41,25922.28,25861.72,25893.04,156294,25892.35,12.25
2024-03-18,2024-03-18 13:30:00,25893.04,25923.82,25861.26,25921.2,152587,25902.1,12.2
2024-03-18,2024-03-18 13:35:00,25921.2,25930.05,25851.71,25885.42,80152,25889.06,12.19
2024-03-18,2024-03-18 13:40:00,25885.42,25892.82,25875.82,25890.81,243653,25886.48,12.16
2024-03-18,2024-03-18 13:45:00,25890.81,25932.07,25888.93,25921.09,111056,25914.03,12.15
2024-03-18,2024-03-18 13:50:00,25921.09,26011.31,25915.43,26008.63,148062,25978.46,12.13
2024-03-18,2024-03-18 13:55:00,26008.63,26049.45,26006.35,26044.21,206708,26033.33,12.12
2024-03-18,2024-03-18 14:00:00,26044.21,26064.03,26011.42,26026.99,291956,26034.15,12.15
2024-03-18,2024-03-18 14:05:00,26026.99,26111.72,26017.12,26074.94,105664,26067.93,12.17
2024-03-18,2024-03-18 14:10:00,26074.94,26089.63,26070.39,26073.31,136135,26077.78,12.2
2024-03-18,2024-03-18 14:15:00,26073.31,26101.53,26026.96,26030.52,282933,26053.0,12.15
2024-03-18,2024-03-18 14:20:00,26030.52,26035.35,26004.77,26021.11,195924,26020.41,12.15
2024-03-18,2024-03-18 14:25:00,26021.11,26033.23,26000.72,26020.66,212876,26018.2,12.18
2024-03-18,2024-03-18 14:30:00,26020.66,26063.44,26013.7,26030.26,106889,26035.8,12.23
2024-03-18,2024-03-18 14:35:00,26030.26,26046.01,26005.59,26021.48,139848,26024.36,12.18
2024-03-18,2024-03-18 14:40:00,26021.48,26042.63,25991.28,25993.07,152187,26008.99,12.17
2024-03-18,2024-03-18 14:45:00,25993.07,25996.23,25937.09,25962.53,115478,25965.28,12.2
2024-03-18,2024-03-18 14:50:00,25962.53,26000.26,25927.28,25943.49,83297,25957.01,12.19
2024-03-18,2024-03-18 14:55:00,25943.49,25950.65,25910.07,25926.94,132693,25929.22,12.17
2024-03-18,2024-03-18 15:00:00,25926.94,25953.32,25881.37,25895.44,279767,25910.04,12.12
2024-03-18,2024-03-18 15:05:00,25895.44,25899.39,25872.32,25874.39,166653,25882.04,12.09
2024-03-18,2024-03-18 15:10:00,25874.39,25910.59,25850.46,25889.38,282015,25883.48,12.04
2024-03-18,2024-03-18 15:15:00,25889.38,25962.25,25864.64,25929.99,174836,25918.96,12.04
2024-03-18,2024-03-18 15:20:00,25929.99,25949.21,25894.05,25947.5,119864,25930.25,12.07
2024-03-18,2024-03-18 15:25:00,25947.5,25987.72,25943.62,25979.31,271318,25970.22,12.03
2024-03-18,2024-03-18 15:30:00,25979.31,26023.1,25929.23,26002.54,177181,25984.96,12.04
2024-03-19,2024-03-19 09:15:00,26002.54,26040.9,25998.48,26002.54,267186,26013.98,14.97
2024-03-19,2024-03-19 09:20:00,26002.54,26009.8,26000.73,26008.34,101458,26006.29,14.98
2024-03-19,2024-03-19 09:25:00,26008.34,26045.72,25994.55,26030.51,104540,26023.59,14.99
2024-03-19,2024-03-19 09:30:00,26030.51,26059.77,26013.54,26052.88,148361,26042.06,15.02
2024-03-19,2024-03-19 09:35:00,26052.88,26070.86,25997.74,26012.56,167215,26027.06,15.04
2024-03-19,2024-03-19 09:40:00,26012.56,26039.36,25986.13,26018.39,125914,26014.63,15.02
2024-03-19,2024-03-19 09:45:00,26018.39,26037.56,26001.67,26010.25,358080,26016.5,15.03
2024-03-19,2024-03-19 09:50:00,26010.25,26074.38,26007.57,26048.42,201884,26043.46,15.01
2024-03-19,2024-03-19 09:55:00,26048.42,26060.51,26029.28,26054.45,117980,26048.08,15.02
2024-03-19,2024-03-19 10:00:00,26054.45,26080.86,25990.87,26004.01,94239,26025.25,15.01
2024-03-19,2024-03-19 10:05:00,26004.01,26040.82,25987.58,26015.75,158704,26014.72,14.97
2024-03-19,2024-03-19 10:10:00,26015.75,26019.34,25963.92,25973.22,193984,25985.5,14.93
2024-03-19,2024-03-19 10:15:00,25973.22,25991.75,25964.69,25986.86,339823,25981.1,14.9
2024-03-19,2024-03-19 10:20:00,25986.86,26064.73,25981.67,26050.49,167766,26032.3,14.88
2024-03-19,2024-03-19 10:25:00,26050.49,26091.16,26048.91,26085.51,147686,26075.19,14.86
2024-03-19,2024-03-19 10:30:00,26085.51,26096.45,26071.19,26094.71,110124,26087.45,14.86
2024-03-19,2024-03-19 10:35:00,26094.71,26103.17,26061.95,26082.36,188745,26082.49,14.84
2024-03-19,2024-03-19 10:40:00,26082.36,26131.7,26072.9,26115.4,244428,26106.67,14.86
2024-03-19,2024-03-19 10:45:00,26115.4,26164.59,26112.11,26133.48,79622,26136.73,14.87
2024-03-19,2024-03-19 10:50:00,26133.48,26151.34,26121.59,26130.34,167690,26134.42,14.86
2024-03-19,2024-03-19 10:55:00,26130.34,26140.14,26094.08,26120.8,108222,26118.34,14.9
2024-03-19,2024-03-19 11:00:00,26120.8,26128.87,26090.24,26102.62,94558,26107.25,14.87
2024-03-19,2024-03-19 11:05:00,26102.62,26116.4,26075.23,26114.56,320485,26102.06,14.9
2024-03-19,2024-03-19 11:10:00,26114.56,26127.83,26096.94,26107.89,232098,26110.89,14.9
2024-03-19,2024-03-19 11:15:00,26107.89,26119.83,26101.04,26114.97,127709,26111.95,14.89
2024-03-19,2024-03-19 11:20:00,26114.97,26159.15,26107.09,26139.91,152574,26135.39,14.93
2024-03-19,2024-03-19 11:25:00,26139.91,26163.83,26096.73,26132.66,143355,26131.07,14.94
2024-03-19,2024-03-19 11:30:00,26132.66,26178.89,26122.41,26150.96,103751,26150.76,14.91
2024-03-19,2024-03-19 11:35:00,26150.96,26187.63,26142.97,26182.87,131095,26171.16,14.92
2024-03-19,2024-03-19 11:40:00,26182.87,26197.96,26177.52,26195.33,222701,26190.27,14.93
2024-03-19,2024-03-19 11:45:00,26195.33,26243.3,26180.06,26214.96,129790,26212.77,14.96
2024-03-19,2024-03-19 11:50:00,26214.96,26235.35,26193.81,26227.61,195949,26218.92,14.98
2024-03-19,2024-03-19 11:55:00,26227.61,26231.52,26217.3,26231.14,130193,26226.65,15.0
2024-03-19,2024-03-19 12:00:00,26231.14,26273.76,26220.72,26257.49,101348,26250.66,14.99
2024-03-19,2024-03-19 12:05:00,26257.49,26328.91,26251.91,26308.19,262436,26296.34,14.98
2024-03-19,2024-03-19 12:10:00,26308.19,26365.05,26297.67,26335.19,69414,26332.63,14.97
2024-03-19,2024-03-19 12:15:00,26335.19,26365.27,26306.4,26329.07,332366,26333.58,14.93
2024-03-19,2024-03-19 12:20:00,26329.07,26345.2,26323.28,26323.78,242602,26330.75,14.96
2024-03-19,2024-03-19 12:25:00,26323.78,26339.37,26309.25,26319.67,175095,26322.76,14.93
2024-03-19,2024-03-19 12:30:00,26319.67,26361.52,26318.12,26349.59,136168,26343.08,14.94
2024-03-19,2024-03-19 12:35:00,26349.59,26361.28,26305.95,26332.95,140480,26333.4,14.93
2024-03-19,2024-03-19 12:40:00,26332.95,26337.55,26298.92,26300.58,176483,26312.35,14.92
2024-03-19,2024-03-19 12:45:00,26300.58,26323.34,26288.66,26315.38,175239,26309.12,14.94
2024-03-19,2024-03-19 12:50:00,26315.38,26356.96,26311.08,26316.07,110893,26328.04,14.92
2024-03-19,2024-03-19 12:55:00,26316.07,26380.55,26314.03,26362.84,167227,26352.48,14.93
2024-03-19,2024-03-19 13:00:00,26362.84,26371.62,26354.78,26357.4,180499,26361.27,14.95
2024-03-19,2024-03-19 13:05:00,26357.4,26378.23,26313.49,26322.38,144312,26338.04,14.92
2024-03-19,2024-03-19 13:10:00,26322.38,26367.35,26296.22,26361.65,398584,26341.74,14.95
2024-03-19,2024-03-19 13:15:00,26361.65,26423.0,26351.62,26406.33,154262,26393.65,14.99
2024-03-19,2024-03-19 13:20:00,26406.33,26427.65,26392.18,26425.56,80391,26415.13,15.05
2024-03-19,2024-03-19 13:25:00,26425.56,26452.5,26356.73,26379.88,108649,26396.37,15.04
2024-03-19,2024-03-19 13:30:00,26379.88,26399.08,26356.87,26362.7,215649,26372.88,15.05
2024-03-19,2024-03-19 13:35:00,26362.7,26392.08,26305.02,26313.18,121908,26336.76,15.06
2024-03-19,2024-03-19 13:40:00,26313.18,26314.22,26302.05,26309.49,109369,26308.59,15.08
2024-03-19,2024-03-19 13:45:00,26309.49,26330.91,26307.12,26314.2,284402,26317.41,15.13
2024-03-19,2024-03-19 13:50:00,26314.2,26348.61,26300.52,26319.58,174192,26322.91,15.14
2024-03-19,2024-03-19 13:55:00,26319.58,26326.83,26280.38,26291.03,127965,26299.41,15.16
2024-03-19,2024-03-19 14:00:00,26291.03,26296.58,26276.32,26286.13,53771,26286.34,15.13
2024-03-19,2024-03-19 14:05:00,26286.13,26317.28,26270.08,26286.26,208591,26291.21,15.19
2024-03-19,2024-03-19 14:10:00,26286.26,26295.84,26272.74,26281.38,163765,26283.32,15.17
2024-03-19,2024-03-19 14:15:00,26281.38,26290.46,26258.56,26271.6,273839,26273.54,15.09
2024-03-19,2024-03-19 14:20:00,26271.6,26304.86,26261.08,26301.83,105046,26289.25,15.03
2024-03-19,2024-03-19 14:25:00,26301.83,26320.76,26298.14,26313.62,140182,26310.84,15.04
2024-03-19,2024-03-19 14:30:00,26313.62,26385.52,26285.14,26370.81,183404,26347.16,15.0
2024-03-19,2024-03-19 14:35:00,26370.81,26411.47,26351.65,26402.6,268976,26388.57,15.0
2024-03-19,2024-03-19 14:40:00,26402.6,26409.32,26381.12,26404.08,180482,26398.18,14.95
2024-03-19,2024-03-19 14:45:00,26404.08,26442.42,26398.09,26439.39,122641,26426.63,14.96
2024-03-19,2024-03-19 14:50:00,26439.39,26455.62,26438.89,26446.6,273513,26447.04,14.98
2024-03-19,2024-03-19 14:55:00,26446.6,26523.13,26427.7,26508.44,143643,26486.42,14.99
2024-03-19,2024-03-19 15:00:00,26508.44,26530.0,26495.23,26497.97,174907,26507.73,14.97
2024-03-19,2024-03-19 15:05:00,26497.97,26520.46,26487.09,26507.86,219755,26505.14,14.99
2024-03-19,2024-03-19 15:10:00,26507.86,26520.41,26473.94,26489.81,304150,26494.72,14.98
2024-03-19,2024-03-19 15:15:00,26489.81,26490.83,26464.6,26477.6,188632,26477.68,14.97
2024-03-19,2024-03-19 15:20:00,26477.6,26499.71,26447.69,26466.44,458132,26471.28,14.96
2024-03-19,2024-03-19 15:25:00,26466.44,26504.64,26451.72,26497.04,157028,26484.47,14.95
2024-03-19,2024-03-19 15:30:00,26497.04,26508.95,26491.6,26500.44,183033,26500.33,15.01
2024-03-20,2024-03-20 09:15:00,26500.44,26522.7,26475.49,26500.44,286821,26499.54,16.49
2024-03-20,2024-03-20 09:20:00,26500.44,26527.32,26490.79,26503.5,162580,26507.2,16.49
2024-03-20,2024-03-20 09:25:00,26503.5,26514.02,26491.53,26502.53,110504,26502.69,16.48
2024-03-20,2024-03-20 09:30:00,26502.53,26518.23,26486.55,26494.3,110955,26499.7,16.49
2024-03-20,2024-03-20 09:35:00,26494.3,26497.1,26483.65,26483.67,147214,26488.14,16.47
2024-03-20,2024-03-20 09:40:00,26483.67,26504.22,26469.48,26479.45,179000,26484.39,16.5
2024-03-20,2024-03-20 09:45:00,26479.45,26499.35,26446.84,26449.26,197519,26465.15,16.45
2024-03-20,2024-03-20 09:50:00,26449.26,26453.3,26404.19,26429.59,171041,26429.03,16.44
2024-03-20,2024-03-20 09:55:00,26429.59,26474.42,26426.36,26453.22,116221,26451.33,16.47
2024-03-20,2024-03-20 10:00:00,26453.22,26466.48,26445.21,26463.58,137368,26458.42,16.48
2024-03-20,2024-03-20 10:05:00,26463.58,26516.88,26453.51,26505.68,218286,26492.02,16.45
2024-03-20,2024-03-20 10:10:00,26505.68,26533.71,26481.62,26501.72,102905,26505.68,16.43
2024-03-20,2024-03-20 10:15:00,26501.72,26509.68,26481.59,26496.28,135090,26495.85,16.4
2024-03-20,2024-03-20 10:20:00,26496.28,26516.52,26469.06,26489.73,206692,26491.77,16.41
2024-03-20,2024-03-20 10:25:00,26489.73,26495.69,26475.16,26485.3,230986,26485.38,16.39
2024-03-20,2024-03-20 10:30:00,26485.3,26492.8,26462.45,26472.75,150667,26476.0,16.4
2024-03-20,2024-03-20 10:35:00,26472.75,26491.99,26465.18,26482.38,138070,26479.85,16.41
2024-03-20,2024-03-20 10:40:00,26482.38,26499.98,26467.97,26486.26,95908,26484.74,16.48
2024-03-20,2024-03-20 10:45:00,26486.26,26499.87,26474.84,26477.28,200838,26484.0,16.49
2024-03-20,2024-03-20 10:50:00,26477.28,26524.35,26458.22,26510.27,275822,26497.61,16.46
2024-03-20,2024-03-20 10:55:00,26510.27,26579.57,26496.01,26558.7,454094,26544.76,16.42
2024-03-20,2024-03-20 11:00:00,26558.7,26605.94,26547.09,26589.77,189961,26580.94,16.41
2024-03-20,2024-03-20 11:05:00,26589.77,26611.82,26559.54,26606.32,159475,26592.56,16.41
2024-03-20,2024-03-20 11:10:00,26606.32,26661.71,26588.32,26627.76,112653,26625.93,16.34
2024-03-20,2024-03-20 11:15:00,26627.76,26684.76,26626.0,26675.44,76761,26662.06,16.32
2024-03-20,2024-03-20 11:20:00,26675.44,26698.9,26657.27,26696.89,174692,26684.35,16.33
2024-03-20,2024-03-20 11:25:00,26696.89,26712.57,26662.73,26686.04,416705,26687.11,16.31
2024-03-20,2024-03-20 11:30:00,26686.04,26707.57,26674.81,26698.66,270580,26693.68,16.34
2024-03-20,2024-03-20 11:35:00,26698.66,26739.91,26694.65,26716.91,254390,26717.16,16.3
2024-03-20,2024-03-20 11:40:00,26716.91,26735.15,26682.98,26696.2,179555,26704.78,16.32
2024-03-20,2024-03-20 11:45:00,26696.2,26703.7,26660.24,26692.56,187927,26685.5,16.34
2024-03-20,2024-03-20 11:50:00,26692.56,26725.69,26670.71,26722.2,61728,26706.2,16.37
2024-03-20,2024-03-20 11:55:00,26722.2,26727.93,26674.37,26681.55,220798,26694.61,16.32
2024-03-20,2024-03-20 12:00:00,26681.55,26691.87,26627.15,26641.51,129089,26653.51,16.33
2024-03-20,2024-03-20 12:05:00,26641.51,26667.6,26630.33,26635.87,122922,26644.6,16.31
2024-03-20,2024-03-20 12:10:00,26635.87,26651.91,26633.63,26647.18,143013,26644.24,16.27
2024-03-20,2024-03-20 12:15:00,26647.18,26651.07,26571.68,26603.77,141096,26608.84,16.26
2024-03-20,2024-03-20 12:20:00,26603.77,26613.69,26579.45,26599.72,122142,26597.62,16.23
2024-03-20,2024-03-20 12:25:00,26599.72,26651.22,26596.15,26636.55,163660,26627.97,16.26
2024-03-20,2024-03-20 12:30:00,26636.55,26640.78,26634.64,26638.74,130182,26638.05,16.28
2024-03-20,2024-03-20 12:35:00,26638.74,26673.65,26620.64,26668.76,169418,26654.35,16.24
2024-03-20,2024-03-20 12:40:00,26668.76,26704.24,26629.86,26649.81,89781,26661.31,16.22
2024-03-20,2024-03-20 12:45:00,26649.81,26662.25,26605.47,26623.91,149399,26630.54,16.21
2024-03-20,2024-03-20 12:50:00,26623.91,26669.25,26619.96,26651.03,104975,26646.75,16.21
2024-03-20,2024-03-20 12:55:00,26651.03,26673.79,26634.98,26662.84,125922,26657.2,16.24
2024-03-20,2024-03-20 13:00:00,26662.84,26666.74,26594.15,26609.94,172363,26623.61,16.26
2024-03-20,2024-03-20 13:05:00,26609.94,26614.46,26570.02,26591.8,85682,26592.09,16.26
2024-03-20,2024-03-20 13:10:00,26591.8,26591.94,26551.7,26582.76,117129,26575.46,16.25
2024-03-20,2024-03-20 13:15:00,26582.76,26596.64,26534.08,26534.53,204349,26555.08,16.2
2024-03-20,2024-03-20 13:20:00,26534.53,26607.91,26517.64,26583.14,92478,26569.56,16.24
2024-03-20,2024-03-20 13:25:00,26583.14,26603.84,26558.0,26577.64,331421,26579.83,16.22
2024-03-20,2024-03-20 13:30:00,26577.64,26603.44,26556.83,26577.2,263488,26579.16,16.27
2024-03-20,2024-03-20 13:35:00,26577.2,26588.1,26508.98,26511.22,133544,26536.1,16.27
2024-03-20,2024-03-20 13:40:00,26511.22,26519.78,26511.11,26519.31,118790,26516.74,16.34
2024-03-20,2024-03-20 13:45:00,26519.31,26581.43,26499.65,26555.7,176447,26545.59,16.35
2024-03-20,2024-03-20 13:50:00,26555.7,26566.55,26472.83,26478.5,91218,26505.96,16.31
2024-03-20,2024-03-20 13:55:00,26478.5,26492.34,26387.26,26408.93,73067,26429.51,16.29
2024-03-20,2024-03-20 14:00:00,26408.93,26418.46,26388.19,26397.52,135437,26401.39,16.29
2024-03-20,2024-03-20 14:05:00,26397.52,26405.8,26366.45,26367.31,154257,26379.86,16.26
2024-03-20,2024-03-20 14:10:00,26367.31,26427.44,26361.33,26415.37,169019,26401.38,16.25
2024-03-20,2024-03-20 14:15:00,26415.37,26417.83,26357.48,26377.87,127274,26384.39,16.21
2024-03-20,2024-03-20 14:20:00,26377.87,26403.22,26367.79,26372.54,270919,26381.18,16.21
2024-03-20,2024-03-20 14:25:00,26372.54,26380.15,26318.34,26324.89,89495,26341.13,16.22
2024-03-20,2024-03-20 14:30:00,26324.89,26388.89,26319.87,26364.89,103227,26357.88,16.19
2024-03-20,2024-03-20 14:35:00,26364.89,26388.11,26362.25,26373.36,197729,26374.57,16.24
2024-03-20,2024-03-20 14:40:00,26373.36,26394.13,26360.83,26374.86,102266,26376.61,16.25
2024-03-20,2024-03-20 14:45:00,26374.86,26430.34,26367.2,26411.64,100697,26403.06,16.22
2024-03-20,2024-03-20 14:50:00,26411.64,26419.35,26382.16,26413.42,170986,26404.98,16.17
2024-03-20,2024-03-20 14:55:00,26413.42,26421.48,26397.71,26417.11,106786,26412.1,16.17
2024-03-20,2024-03-20 15:00:00,26417.11,26426.89,26402.27,26418.47,154317,26415.88,16.17
2024-03-20,2024-03-20 15:05:00,26418.47,26443.51,26400.93,26431.25,123014,26425.23,16.19
2024-03-20,2024-03-20 15:10:00,26431.25,26436.99,26415.44,26416.12,115304,26422.85,16.19
2024-03-20,2024-03-20 15:15:00,26416.12,26440.11,26403.56,26408.35,70198,26417.34,16.15
2024-03-20,2024-03-20 15:20:00,26408.35,26431.63,26399.93,26427.63,172099,26419.73,16.2
2024-03-20,2024-03-20 15:25:00,26427.63,26433.62,26419.09,26432.85,98826,26428.52,16.21
2024-03-20,2024-03-20 15:30:00,26432.85,26447.65,26421.51,26427.71,152162,26432.29,16.21
2024-03-21,2024-03-21 09:15:00,26427.71,26442.47,26415.4,26427.71,142186,26428.53,12.08
2024-03-21,2024-03-21 09:20:00,26427.71,26448.12,26382.56,26440.7,181037,26423.79,12.08
2024-03-21,2024-03-21 09:25:00,26440.7,26443.04,26433.64,26440.04,119147,26438.9,12.12
2024-03-21,2024-03-21 09:30:00,26440.04,26471.56,26439.69,26453.84,206369,26455.03,12.17
2024-03-21,2024-03-21 09:35:00,26453.84,26513.28,26423.06,26507.08,183600,26481.14,12.17
2024-03-21,2024-03-21 09:40:00,26507.08,26522.56,26470.77,26522.3,199921,26505.21,12.13
2024-03-21,2024-03-21 09:45:00,26522.3,26535.44,26510.22,26514.77,94461,26520.14,12.09
2024-03-21,2024-03-21 09:50:00,26514.77,26526.94,26495.51,26502.41,73442,26508.29,12.11
2024-03-21,2024-03-21 09:55:00,26502.41,26525.07,26484.45,26487.33,103460,26498.95,12.13
2024-03-21,2024-03-21 10:00:00,26487.33,26491.96,26476.72,26480.32,198719,26483.0,12.11
2024-03-21,2024-03-21 10:05:00,26480.32,26498.57,26470.96,26474.31,213071,26481.28,12.08
2024-03-21,2024-03-21 10:10:00,26474.31,26483.39,26452.05,26480.32,255693,26471.92,12.11
2024-03-21,2024-03-21 10:15:00,26480.32,26518.12,26473.4,26496.09,138440,26495.87,12.07
2024-03-21,2024-03-21 10:20:00,26496.09,26511.02,26488.39,26509.65,176920,26503.02,12.06
2024-03-21,2024-03-21 10:25:00,26509.65,26522.01,26502.3,26515.98,122956,26513.43,12.07
2024-03-21,2024-03-21 10:30:00,26515.98,26537.73,26495.49,26523.97,281238,26519.06,12.01
2024-03-21,2024-03-21 10:35:00,26523.97,26616.08,26520.75,26587.68,122548,26574.84,12.04
2024-03-21,2024-03-21 10:40:00,26587.68,26600.31,26569.81,26573.58,260774,26581.24,12.11
2024-03-21,2024-03-21 10:45:00,26573.58,26578.77,26555.66,26575.89,147189,26570.11,12.12
2024-03-21,2024-03-21 10:50:00,26575.89,26581.82,26522.27,26536.38,305620,26546.82,12.12
2024-03-21,2024-03-21 10:55:00,26536.38,26558.99,26497.99,26530.42,175112,26529.13,12.12
2024-03-21,2024-03-21 11:00:00,26530.42,26530.76,26472.06,26512.14,173587,26504.99,12.12
2024-03-21,2024-03-21 11:05:00,26512.14,26527.82,26497.31,26497.91,120375,26507.68,12.1
2024-03-21,2024-03-21 11:10:00,26497.91,26512.56,26459.22,26472.81,387242,26481.53,12.07
2024-03-21,2024-03-21 11:15:00,26472.81,26489.79,26433.97,26443.77,241911,26455.84,12.06
2024-03-21,2024-03-21 11:20:00,26443.77,26453.94,26433.84,26449.86,199742,26445.88,12.06
2024-03-21,2024-03-21 11:25:00,26449.86,26494.97,26417.38,26469.94,179121,26460.76,12.03
2024-03-21,2024-03-21 11:30:00,26469.94,26472.18,26426.45,26454.73,124954,26451.12,11.99
2024-03-21,2024-03-21 11:35:00,26454.73,26475.38,26388.56,26409.63,213055,26424.52,11.98
2024-03-21,2024-03-21 11:40:00,26409.63,26434.22,26405.35,26415.44,158469,26418.34,11.94
2024-03-21,2024-03-21 11:45:00,26415.44,26455.37,26401.02,26429.77,166542,26428.72,11.96
2024-03-21,2024-03-21 11:50:00,26429.77,26464.75,26418.0,26448.97,232440,26443.91,11.86
2024-03-21,2024-03-21 11:55:00,26448.97,26461.09,26405.39,26427.83,182367,26431.44,11.82
2024-03-21,2024-03-21 12:00:00,26427.83,26447.42,26387.75,26408.62,163940,26414.6,11.86
2024-03-21,2024-03-21 12:05:00,26408.62,26414.17,26372.44,26373.44,289022,26386.68,11.86
2024-03-21,2024-03-21 12:10:00,26373.44,26412.63,26340.06,26350.05,117295,26367.58,11.86
2024-03-21,2024-03-21 12:15:00,26350.05,26368.65,26311.74,26325.07,83956,26335.15,11.86
2024-03-21,2024-03-21 12:20:00,26325.07,26338.04,26302.51,26308.97,118373,26316.5,11.84
2024-03-21,2024-03-21 12:25:00,26308.97,26310.43,26282.48,26301.03,172960,26297.98,11.87
2024-03-21,2024-03-21 12:30:00,26301.03,26319.55,26294.39,26304.65,214876,26306.2,11.85
2024-03-21,2024-03-21 12:35:00,26304.65,26324.54,26276.12,26277.96,120855,26292.87,11.83
2024-03-21,2024-03-21 12:40:00,26277.96,26281.9,26267.34,26273.56,711397,26274.26,11.85
2024-03-21,2024-03-21 12:45:00,26273.56,26287.71,26240.7,26244.96,175056,26257.79,11.79
2024-03-21,2024-03-21 12:50:00,26244.96,26258.21,26184.99,26189.69,172942,26210.96,11.78
2024-03-21,2024-03-21 12:55:00,26189.69,26218.26,26169.73,26206.68,97163,26198.22,11.77
2024-03-21,2024-03-21 13:00:00,26206.68,26230.46,26173.13,26212.86,91389,26205.48,11.76
2024-03-21,2024-03-21 13:05:00,26212.86,26247.15,26205.18,26242.58,79758,26231.64,11.74
2024-03-21,2024-03-21 13:10:00,26242.58,26243.46,26137.06,26170.78,281691,26183.76,11.75
2024-03-21,2024-03-21 13:15:00,26170.78,26193.49,26162.89,26178.51,264337,26178.3,11.79
2024-03-21,2024-03-21 13:20:00,26178.51,26231.23,26164.86,26219.62,162660,26205.24,11.8
2024-03-21,2024-03-21 13:25:00,26219.62,26224.88,26173.95,26181.71,100111,26193.51,11.79
2024-03-21,2024-03-21 13:30:00,26181.71,26202.89,26165.54,26202.49,145654,26190.31,11.81
2024-03-21,2024-03-21 13:35:00,26202.49,26248.31,26183.27,26247.71,287384,26226.43,11.83
2024-03-21,2024-03-21 13:40:00,26247.71,26251.37,26242.65,26243.42,133031,26245.81,11.84
2024-03-21,2024-03-21 13:45:00,26243.42,26248.1,26178.18,26198.37,113457,26208.22,11.88
2024-03-21,2024-03-21 13:50:00,26198.37,26226.22,26186.55,26225.88,139748,26212.89,11.8
2024-03-21,2024-03-21 13:55:00,26225.88,26248.53,26198.47,26204.93,144763,26217.31,11.81
2024-03-21,2024-03-21 14:00:00,26204.93,26213.25,26157.28,26165.94,218651,26178.82,11.81
2024-03-21,2024-03-21 14:05:00,26165.94,26167.99,26113.71,26130.78,67312,26137.5,11.77
2024-03-21,2024-03-21 14:10:00,26130.78,26201.98,26116.26,26184.98,174160,26167.74,11.78
2024-03-21,2024-03-21 14:15:00,26184.98,26191.57,26164.05,26170.4,123164,26175.34,11.8
2024-03-21,2024-03-21 14:20:00,26170.4,26184.85,26140.84,26147.48,131371,26157.72,11.8
2024-03-21,2024-03-21 14:25:00,26147.48,26188.13,26123.93,26175.62,220088,26162.56,11.82
2024-03-21,2024-03-21 14:30:00,26175.62,26205.0,26126.3,26127.01,96691,26152.77,11.85
2024-03-21,2024-03-21 14:35:00,26127.01,26161.34,26119.27,26161.16,174900,26147.25,11.89
2024-03-21,2024-03-21 14:40:00,26161.16,26193.62,26128.45,26138.19,197305,26153.42,11.92
2024-03-21,2024-03-21 14:45:00,26138.19,26152.64,26124.88,26149.56,205221,26142.36,11.96
2024-03-21,2024-03-21 14:50:00,26149.56,26160.97,26131.18,26134.95,215938,26142.37,11.95
2024-03-21,2024-03-21 14:55:00,26134.95,26150.0,26086.04,26091.71,204589,26109.25,11.94
2024-03-21,2024-03-21 15:00:00,26091.71,26098.77,26087.2,26094.28,217011,26093.42,11.86
2024-03-21,2024-03-21 15:05:00,26094.28,26120.37,26075.9,26116.92,114425,26104.4,11.83
2024-03-21,2024-03-21 15:10:00,26116.92,26138.81,26051.15,26053.5,281044,26081.15,11.87
2024-03-21,2024-03-21 15:15:00,26053.5,26056.58,25999.01,26021.31,101333,26025.63,11.85
2024-03-21,2024-03-21 15:20:00,26021.31,26052.31,25999.58,26051.44,188742,26034.44,11.86
2024-03-21,2024-03-21 15:25:00,26051.44,26073.1,26050.06,26059.71,123951,26060.96,11.87
2024-03-21,2024-03-21 15:30:00,26059.71,26087.68,26038.86,26069.72,81868,26065.42,11.91
2024-03-22,2024-03-22 09:15:00,26069.72,26079.81,26053.67,26069.72,153540,26067.73,17.32
2024-03-22,2024-03-22 09:20:00,26069.72,26085.11,26006.11,26025.44,108848,26038.89,17.33
2024-03-22,2024-03-22 09:25:00,26025.44,26025.56,26000.14,26011.65,218794,26012.45,17.3
2024-03-22,2024-03-22 09:30:00,26011.65,26026.27,26002.48,26025.09,68056,26017.95,17.3
2024-03-22,2024-03-22 09:35:00,26025.09,26064.9,26008.57,26039.62,137075,26037.7,17.36
2024-03-22,2024-03-22 09:40:00,26039.62,26071.25,26031.12,26058.54,234058,26053.64,17.35
2024-03-22,2024-03-22 09:45:00,26058.54,26116.47,26028.0,26081.96,136613,26075.48,17.32
2024-03-22,2024-03-22 09:50:00,26081.96,26085.69,26048.72,26053.12,122128,26062.51,17.33
2024-03-22,2024-03-22 09:55:00,26053.12,26055.86,26011.06,26044.29,137797,26037.07,17.3
2024-03-22,2024-03-22 10:00:00,26044.29,26072.62,26001.03,26002.91,72840,26025.52,17.35
2024-03-22,2024-03-22 10:05:00,26002.91,26029.7,25998.87,26023.51,216683,26017.36,17.39
2024-03-22,2024-03-22 10:10:00,26023.51,26024.94,26020.51,26021.66,154948,26022.37,17.38
2024-03-22,2024-03-22 10:15:00,26021.66,26050.35,26020.22,26034.87,145957,26035.15,17.36
2024-03-22,2024-03-22 10:20:00,26034.87,26041.13,25991.35,26003.42,146171,26011.97,17.35
2024-03-22,2024-03-22 10:25:00,26003.42,26050.99,25985.5,26039.33,163673,26025.27,17.34
2024-03-22,2024-03-22 10:30:00,26039.33,26074.54,26006.64,26014.46,211372,26031.88,17.35
2024-03-22,2024-03-22 10:35:00,26014.46,26050.35,25998.0,26035.72,159400,26028.02,17.38
2024-03-22,2024-03-22 10:40:00,26035.72,26056.39,25997.53,26041.61,94404,26031.84,17.35
2024-03-22,2024-03-22 10:45:00,26041.61,26044.09,26033.52,26040.29,204885,26039.3,17.38
2024-03-22,2024-03-22 10:50:00,26040.29,26049.83,26031.58,26037.09,198675,26039.5,17.4
2024-03-22,2024-03-22 10:55:00,26037.09,26070.8,26013.22,26025.26,176700,26036.43,17.38
2024-03-22,2024-03-22 11:00:00,26025.26,26075.26,26007.68,26058.72,250220,26047.22,17.35
2024-03-22,2024-03-22 11:05:00,26058.72,26084.04,26045.98,26062.14,164744,26064.05,17.35
2024-03-22,2024-03-22 11:10:00,26062.14,26065.58,26021.8,26035.5,253863,26040.96,17.32
2024-03-22,2024-03-22 11:15:00,26035.5,26048.1,26015.54,26029.63,285753,26031.09,17.35
2024-03-22,2024-03-22 11:20:00,26029.63,26047.41,26014.75,26035.76,205443,26032.64,17.32
2024-03-22,2024-03-22 11:25:00,26035.76,26094.6,26029.77,26059.92,120671,26061.43,17.33
2024-03-22,2024-03-22 11:30:00,26059.92,26060.1,26037.01,26048.86,154459,26048.66,17.33
2024-03-22,2024-03-22 11:35:00,26048.86,26052.96,26025.59,26039.38,267143,26039.31,17.31
2024-03-22,2024-03-22 11:40:00,26039.38,26060.76,26010.05,26043.06,89406,26037.95,17.31
2024-03-22,2024-03-22 11:45:00,26043.06,26073.84,26029.38,26066.65,139137,26056.63,17.34
2024-03-22,2024-03-22 11:50:00,26066.65,26093.5,26026.93,26037.67,141890,26052.7,17.31
2024-03-22,2024-03-22 11:55:00,26037.67,26094.42,26004.69,26052.64,115141,26050.58,17.3
2024-03-22,2024-03-22 12:00:00,26052.64,26060.99,26031.42,26038.13,230764,26043.51,17.27
2024-03-22,2024-03-22 12:05:00,26038.13,26057.59,25992.45,26027.99,189231,26026.01,17.27
2024-03-22,2024-03-22 12:10:00,26027.99,26091.63,26015.03,26090.51,122464,26065.73,17.25
2024-03-22,2024-03-22 12:15:00,26090.51,26095.61,26062.56,26084.36,207358,26080.84,17.2
2024-03-22,2024-03-22 12:20:00,26084.36,26117.47,26081.01,26107.98,152761,26102.15,17.17
2024-03-22,2024-03-22 12:25:00,26107.98,26141.31,26094.45,26130.5,113996,26122.09,17.22
2024-03-22,2024-03-22 12:30:00,26130.5,26156.16,26055.53,26093.5,122373,26101.73,17.22
2024-03-22,2024-03-22 12:35:00,26093.5,26135.17,26025.65,26035.72,193768,26065.51,17.23
2024-03-22,2024-03-22 12:40:00,26035.72,26072.93,26017.4,26061.37,236949,26050.57,17.22
2024-03-22,2024-03-22 12:45:00,26061.37,26089.84,26021.25,26027.48,133959,26046.19,17.22
2024-03-22,2024-03-22 12:50:00,26027.48,26036.22,25974.54,25975.51,202354,25995.42,17.21
2024-03-22,2024-03-22 12:55:00,25975.51,26032.62,25972.81,26007.49,306416,26004.31,17.22
2024-03-22,2024-03-22 13:00:00,26007.49,26020.19,25960.07,25963.67,98366,25981.31,17.23
2024-03-22,2024-03-22 13:05:00,25963.67,25988.69,25844.38,25862.63,187637,25898.57,17.19
2024-03-22,2024-03-22 13:10:00,25862.63,25866.13,25792.0,25802.65,226899,25820.26,17.2
2024-03-22,2024-03-22 13:15:00,25802.65,25812.08,25770.98,25777.43,156676,25786.83,17.12
2024-03-22,2024-03-22 13:20:00,25777.43,25779.21,25768.39,25770.14,267082,25772.58,17.14
2024-03-22,2024-03-22 13:25:00,25770.14,25802.96,25761.53,25797.84,392202,25787.45,17.09
2024-03-22,2024-03-22 13:30:00,25797.84,25808.11,25691.1,25704.51,186715,25734.57,17.09
2024-03-22,2024-03-22 13:35:00,25704.51,25742.7,25692.79,25727.73,148236,25721.07,17.06
2024-03-22,2024-03-22 13:40:00,25727.73,25743.91,25719.51,25725.23,240576,25729.55,17.06
2024-03-22,2024-03-22 13:45:00,25725.23,25802.03,25716.91,25794.13,227937,25771.02,17.07
2024-03-22,2024-03-22 13:50:00,25794.13,25871.37,25786.29,25867.55,59424,25841.74,17.12
2024-03-22,2024-03-22 13:55:00,25867.55,25916.19,25860.52,25903.84,162576,25893.51,17.07
2024-03-22,2024-03-22 14:00:00,25903.84,25972.34,25902.86,25941.78,138990,25938.99,17.1
2024-03-22,2024-03-22 14:05:00,25941.78,25993.52,25926.61,25990.24,190743,25970.12,17.11
2024-03-22,2024-03-22 14:10:00,25990.24,25991.06,25980.56,25989.98,150623,25987.2,17.09
2024-03-22,2024-03-22 14:15:00,25989.98,26020.82,25971.69,26017.49,157303,26003.33,17.11
2024-03-22,2024-03-22 14:20:00,26017.49,26018.86,25943.68,25945.94,115233,25969.49,17.11
2024-03-22,2024-03-22 14:25:00,25945.94,25990.87,25924.71,25984.14,218340,25966.57,17.13
2024-03-22,2024-03-22 14:30:00,25984.14,25993.1,25958.88,25963.2,315532,25971.72,17.1
2024-03-22,2024-03-22 14:35:00,25963.2,25980.79,25950.49,25954.86,115951,25962.05,17.08
2024-03-22,2024-03-22 14:40:00,25954.86,25971.61,25916.49,25964.23,93076,25950.78,17.11
2024-03-22,2024-03-22 14:45:00,25964.23,25966.58,25949.91,25958.17,164062,25958.22,17.15
2024-03-22,2024-03-22 14:50:00,25958.17,25972.06,25955.33,25961.2,160899,25962.86,17.15
2024-03-22,2024-03-22 14:55:00,25961.2,26013.06,25942.79,26000.34,259983,25985.39,17.07
2024-03-22,2024-03-22 15:00:00,26000.34,26003.56,25984.91,25988.27,99540,25992.24,17.06
2024-03-22,2024-03-22 15:05:00,25988.27,26000.05,25946.48,25957.94,131244,25968.16,17.06
2024-03-22,2024-03-22 15:10:00,25957.94,26003.82,25939.41,26002.94,68934,25982.06,17.06
2024-03-22,2024-03-22 15:15:00,26002.94,26024.37,26000.88,26014.55,282093,26013.27,17.07
2024-03-22,2024-03-22 15:20:00,26014.55,26071.11,26014.54,26062.48,179911,26049.38,17.05
2024-03-22,2024-03-22 15:25:00,26062.48,26090.52,26037.87,26082.9,135215,26070.43,17.08
2024-03-22,2024-03-22 15:30:00,26082.9,26084.35,26026.92,26046.29,95902,26052.52,17.04
